fixture,start,index,iteration,kind,accepted_trial,dual_value,gradient_norm,multiplier_displacement,sigma_min_U,sigma_max_U,sigma_min_D,sigma_max_D,rcond_U,rcond_D,normalized_gap,signed_normalized_gap,horizontal_residual,spectral_excess,cg_work,step_length,slope_internal,armijo_rhs_internal,direction_norm_internal
tuned,warm,0,0,initial,,1.2454256126297372,0.23796797798510605,2.3756122123114275e-20,4.790246435064272e-05,0.3702038711497919,3.772470620738165e-05,0.43300547360552594,0.00012939482291707432,8.71229314799595e-05,0.037354317462835074,0.037354317462835074,4.6708686748524496e-17,0.0,0,,,,
tuned,warm,1,0,line_trial,True,1.245348545290243,0.02050599703099752,0.0006725709612767186,4.796934079641575e-05,0.37020311192248745,3.761852838500819e-05,0.43300631196211264,0.00012957573626895793,8.687755200275175e-05,0.007635148860114055,0.007635148860114055,4.695265545484146e-17,0.0,2,1.0,-0.0002703293407476515,2.1794891079761913,0.0003563192847802875
tuned,warm,2,1,line_trial,True,1.2453477307554484,0.001063895928281385,0.0006899686339978059,4.79562729509613e-05,0.37020307412465225,3.758107177219406e-05,0.4330063452578139,0.00012954045037133805,8.679104171052765e-05,0.0005839443174409978,0.0005839443174409978,6.864564383344726e-17,0.0,5,1.0,-2.851273290262491e-06,2.1793542672317856,4.748759460102912e-05
tuned,warm,3,2,line_trial,True,1.2453477285327956,3.3184122822722797e-05,0.0006896198474660137,4.79575330978968e-05,0.3702030636331847,3.758055271644178e-05,0.4330063538618175,0.00012954385797686284,8.678984126046938e-05,1.2822833748765017e-05,1.2822833748765017e-05,6.990230475113842e-17,0.0,9,1.0,-7.77920902978556e-09,2.1793528420840023,2.531714661789388e-06
tuned,warm,4,3,line_trial,True,1.2453477285310668,3.3668345399526557e-07,0.0006896568512827839,4.7957529363227286e-05,0.3702030636815262,3.7580540510938805e-05,0.43300635382188996,0.0001295438478717821,8.678981308065734e-05,1.0554344864108385e-07,1.0554344864108385e-07,4.698286714462046e-17,0.0,14,1.0,-6.062311605942764e-12,2.1793528381951432,6.347300803257836e-08
tuned,warm,5,4,line_trial,False,1.2453477285310472,2.3013286548974611e-10,0.0006896572120559907,4.79575295766698e-05,0.3702030636787052,3.7580540653678304e-05,0.4330063538243576,0.00012954384844932445,8.678981340981032e-05,2.758129411852996e-10,2.758129411852996e-10,6.723423481773476e-17,0.0,21,1.0,-6.197555625670286e-16,2.1793528381920972,6.257490984436184e-10
tuned,warm,6,4,line_trial,True,1.245347728531056,1.683429700469222e-07,0.0006896570316691603,4.795752946994937e-05,0.370203063680111,3.758054058230712e-05,0.43300635382312797,0.00012954384816055714,8.678981324522967e-05,5.288707575375543e-08,5.288707575375543e-08,4.826872563767361e-17,0.0,21,0.5,-6.197555625670286e-16,2.1793528381920972,6.257490984436184e-10
tuned,warm,7,5,line_trial,False,1.2453477285310728,1.1508202493557664e-10,0.0006896572120917117,4.7957529576543345e-05,0.3702030636787105,3.7580540653613116e-05,0.43300635382437885,0.00012954384844898102,8.678981340965551e-05,2.37565784061351e-10,2.37565784061351e-10,6.673727974472812e-17,0.0,28,1.0,-1.5494210592651026e-16,2.179352838192069,3.128795204124427e-10
tuned,warm,8,5,line_trial,False,1.245347728531074,8.417210837178044e-08,0.0006896571218803793,4.7957529523246664e-05,0.37020306367942507,3.7580540617959365e-05,0.4330063538237487,0.0001295438483047649,8.67898133274418e-05,2.6551039862531863e-08,2.6551039862531863e-08,6.694124660878509e-17,0.0,28,0.5,-1.5494210592651026e-16,2.179352838192069,3.128795204124427e-10
tuned,warm,9,5,line_trial,False,1.2453477285310712,1.2625753357157309e-07,0.0006896570767747556,4.7957529496598194e-05,0.3702030636797646,3.758054060013499e-05,0.4330063538234486,0.00012954384823266271,8.678981328633773e-05,3.971906083923113e-08,3.971906083923113e-08,4.826872563767361e-17,0.0,28,0.25,-1.5494210592651026e-16,2.179352838192069,3.128795204124427e-10
tuned,warm,10,5,line_trial,False,1.2453477285310666,1.4730025096313423e-07,0.0006896570542219544,4.795752948327419e-05,0.37020306367994416,3.7580540591221835e-05,0.4330063538232849,0.00012954384819660882,8.678981326578618e-05,4.6303074715267256e-08,4.6303074715267256e-08,4.695265545484146e-17,0.0,28,0.125,-1.5494210592651026e-16,2.179352838192069,3.128795204124427e-10
tuned,warm,11,5,line_trial,False,1.245347728531042,1.5782161253133402e-07,0.0006896570429455565,4.7957529476612004e-05,0.3702030636800214,3.758054058676529e-05,0.433006353823192,0.00012954384817858575,8.67898132555127e-05,4.959506872658833e-08,4.959506872658833e-08,6.785360023183625e-17,0.0,28,0.0625,-1.5494210592651026e-16,2.179352838192069,3.128795204124427e-10
tuned,warm,12,5,line_trial,False,1.2453477285310575,1.6308229072140885e-07,0.0006896570373073581,4.795752947328064e-05,0.3702030636800721,3.758054058453744e-05,0.43300635382316527,0.00012954384816956925,8.678981325037297e-05,5.124106867418592e-08,5.124106867418592e-08,7.240308845651043e-17,0.0,28,0.03125,-1.5494210592651026e-16,2.179352838192069,3.128795204124427e-10
tuned,warm,13,5,line_trial,False,1.2453477285310441,1.657126318561407e-07,0.0006896570344882591,4.795752947161614e-05,0.3702030636800799,3.75805405834239e-05,0.43300635382314634,0.00012954384816507035,8.678981324780513e-05,5.206407676060287e-08,5.206407676060287e-08,4.5869287423212784e-17,0.0,28,0.015625,-1.5494210592651026e-16,2.179352838192069,3.128795204124427e-10
tuned,warm,14,5,line_trial,False,1.24534772853107,1.6702780065554314e-07,0.0006896570330787097,4.795752947078266e-05,0.37020306368010286,3.7580540582865475e-05,0.4330063538231485,0.0001295438481628109,8.678981324651505e-05,5.247558062551071e-08,5.247558062551071e-08,5.609626340445641e-17,0.0,28,0.0078125,-1.5494210592651026e-16,2.179352838192069,3.128795204124427e-10
tuned,warm,15,5,line_trial,False,1.2453477285310688,1.6768538482116517e-07,0.000689657032373935,4.7957529470366146e-05,0.3702030636800961,3.758054058258727e-05,0.43300635382315517,0.00012954384816168818,8.678981324587121e-05,5.268133229051629e-08,5.268133229051629e-08,4.6601536500758953e-17,0.0,28,0.00390625,-1.5494210592651026e-16,2.179352838192069,3.128795204124427e-10
tuned,warm,16,5,line_trial,False,1.245347728531057,1.680141790229128e-07,0.0006896570320215477,4.795752947015875e-05,0.37020306368009004,3.758054058244727e-05,0.4330063538231488,0.00012954384816113006,8.678981324554918e-05,5.2784213471997996e-08,5.2784213471997996e-08,4.671723469964419e-17,0.0,28,0.001953125,-1.5494210592651026e-16,2.179352838192069,3.128795204124427e-10
tuned,warm,17,5,line_trial,False,1.2453477285310801,1.6817857369465024e-07,0.000689657031845354,4.795752947005381e-05,0.3702030636801239,3.758054058237769e-05,0.43300635382314034,0.00012954384816083475,8.678981324539018e-05,5.283564069029152e-08,5.283564069029152e-08,4.6811054954337364e-17,0.0,28,0.0009765625,-1.5494210592651026e-16,2.179352838192069,3.128795204124427e-10
tuned,warm,18,5,line_trial,False,1.2453477285310686,1.6826077193476676e-07,0.0006896570317572572,4.795752947000136e-05,0.37020306368012273,3.758054058234302e-05,0.43300635382312774,0.00012954384816069348,8.678981324531263e-05,5.286136267950548e-08,5.286136267950548e-08,6.659996629177914e-17,0.0,28,0.00048828125,-1.5494210592651026e-16,2.179352838192069,3.128795204124427e-10
tuned,warm,19,5,line_trial,False,1.2453477285310672,1.6830187102717764e-07,0.0006896570317132088,4.795752946997686e-05,0.3702030636801249,3.75805405823249e-05,0.4330063538231281,0.00012954384816062656,8.678981324527071e-05,5.287422233686767e-08,5.287422233686767e-08,4.6601536500758953e-17,0.0,28,0.000244140625,-1.5494210592651026e-16,2.179352838192069,3.128795204124427e-10
tuned,warm,20,5,line_trial,True,1.24534772853106,1.6832242167207287e-07,0.0006896570316911846,4.795752946996206e-05,0.3702030636801157,3.758054058231797e-05,0.43300635382312797,0.00012954384816058978,8.678981324525475e-05,5.288063861480367e-08,5.288063861480367e-08,4.6811054954337364e-17,0.0,28,0.0001220703125,-1.5494210592651026e-16,2.179352838192069,3.128795204124427e-10
tuned,warm,21,6,line_trial,False,1.2453477285310646,1.1507008045354993e-10,0.0006896572120917166,4.795752957654366e-05,0.37020306367871497,3.7580540653613583e-05,0.4330063538243678,0.0001295438484489803,8.678981340965881e-05,2.375611482800396e-10,2.375611482800396e-10,6.75487676644602e-17,0.0,35,1.0,-1.5490428211868266e-16,2.179352838192048,3.128413255147669e-10
tuned,warm,22,6,line_trial,False,1.2453477285310521,8.416183220131152e-08,0.0006896571218913938,4.795752952325318e-05,0.37020306367941547,3.758054061796443e-05,0.4330063538237372,0.00012954384830478588,8.678981332745581e-05,2.6547825483089642e-08,2.6547825483089642e-08,4.583700604441235e-17,0.0,35,0.5,-1.5490428211868266e-16,2.179352838192048,3.128413255147669e-10
tuned,warm,23,6,line_trial,False,1.2453477285310648,1.2624212189008966e-07,0.0006896570767912749,4.795752949660885e-05,0.3702030636797679,3.7580540600140976e-05,0.43300635382343833,0.00012954384823269033,8.67898132863536e-05,3.971423445598671e-08,3.971423445598671e-08,6.880393113481917e-17,0.0,35,0.25,-1.5490428211868266e-16,2.179352838192048,3.128413255147669e-10
tuned,warm,24,6,line_trial,False,1.2453477285310475,1.47282270997773e-07,0.0006896570542412262,4.795752948328483e-05,0.370203063679942,3.7580540591229295e-05,0.43300635382326635,0.0001295438481966383,8.678981326580713e-05,4.629744152777561e-08,4.629744152777561e-08,4.826872563767361e-17,0.0,35,0.125,-1.5490428211868266e-16,2.179352838192048,3.128413255147669e-10
tuned,warm,25,6,line_trial,False,1.2453477285310541,1.57802346118225e-07,0.0006896570429662045,4.795752947662313e-05,0.37020306368002515,3.758054058677266e-05,0.4330063538232029,0.0001295438481786145,8.678981325552754e-05,4.9589042389180294e-08,4.9589042389180294e-08,4.6350875538908214e-17,0.0,35,0.0625,-1.5490428211868266e-16,2.179352838192048,3.128413255147669e-10
tuned,warm,26,6,line_trial,False,1.2453477285310663,1.6306238183263194e-07,0.0006896570373286943,4.795752947329369e-05,0.37020306368008055,3.758054058454544e-05,0.43300635382316544,0.00012954384816960156,8.678981325039143e-05,5.1234845494371477e-08,5.1234845494371477e-08,4.6436818547443035e-17,0.0,35,0.03125,-1.5490428211868266e-16,2.179352838192048,3.128413255147669e-10
tuned,warm,27,6,line_trial,False,1.2453477285310273,1.656924013136947e-07,0.0006896570345099393,4.795752947162795e-05,0.37020306368006106,3.7580540583428935e-05,0.4330063538231466,0.00012954384816510884,8.67898132478167e-05,5.20577517718999e-08,5.20577517718999e-08,6.673727974472812e-17,0.0,35,0.015625,-1.5490428211868266e-16,2.179352838192048,3.128413255147669e-10
tuned,warm,28,6,line_trial,False,1.2453477285310448,1.6700741143720536e-07,0.0006896570331005619,4.795752947079379e-05,0.37020306368008965,3.758054058287487e-05,0.43300635382313746,0.0001295438481628456,8.678981324653894e-05,5.2469196084848145e-08,5.2469196084848145e-08,6.449874918817059e-17,0.0,35,0.0078125,-1.5490428211868266e-16,2.179352838192048,3.128413255147669e-10
tuned,warm,29,6,line_trial,False,1.245347728531046,1.6766491657131411e-07,0.0006896570323958732,4.7957529470379014e-05,0.3702030636800959,3.7580540582595183e-05,0.43300635382313135,0.000129543848161723,8.678981324589426e-05,5.267492885012982e-08,5.267492885012982e-08,4.698286714462046e-17,0.0,35,0.00390625,-1.5490428211868266e-16,2.179352838192048,3.128413255147669e-10
tuned,warm,30,6,line_trial,False,1.2453477285310715,1.679936700007214e-07,0.0006896570320435288,4.7957529470170054e-05,0.37020306368011274,3.758054058245447e-05,0.43300635382314184,0.00012954384816115267,8.678981324556719e-05,5.277778506971057e-08,5.277778506971057e-08,4.693994248309872e-17,0.0,35,0.001953125,-1.5490428211868266e-16,2.179352838192048,3.128413255147669e-10
tuned,warm,31,6,line_trial,False,1.2453477285310486,1.6815804563343664e-07,0.0006896570318673567,4.7957529470066784e-05,0.37020306368010253,3.7580540582386495e-05,0.4330063538231293,0.00012954384816087728,8.678981324541273e-05,5.282921300120317e-08,5.282921300120317e-08,4.695265545484146e-17,0.0,35,0.0009765625,-1.5490428211868266e-16,2.179352838192048,3.128413255147669e-10
tuned,warm,32,6,line_trial,False,1.2453477285310657,1.6824023310245046e-07,0.0006896570317792706,4.795752947001505e-05,0.37020306368011,3.7580540582350465e-05,0.4330063538231398,0.0001295438481607349,8.678981324532742e-05,5.285492411415976e-08,5.285492411415976e-08,6.644469518497753e-17,0.0,35,0.00048828125,-1.5490428211868266e-16,2.179352838192048,3.128413255147669e-10
tuned,warm,33,6,line_trial,False,1.245347728531059,1.6828132667727798e-07,0.0006896570317352276,4.7957529469987787e-05,0.37020306368011474,3.758054058233394e-05,0.4330063538231283,0.00012954384816065963,8.678981324529154e-05,5.286779375628192e-08,5.286779375628192e-08,4.826872563767361e-17,0.0,35,0.000244140625,-1.5490428211868266e-16,2.179352838192048,3.128413255147669e-10
tuned,warm,34,6,line_trial,False,1.2453477285310408,1.683018743266312e-07,0.000689657031713206,4.7957529469975996e-05,0.37020306368009703,3.7580540582323055e-05,0.43300635382312613,0.00012954384816063396,8.678981324526685e-05,5.287421235210904e-08,5.287421235210904e-08,4.6350875538908214e-17,0.0,35,0.0001220703125,-1.5490428211868266e-16,2.179352838192048,3.128413255147669e-10
tuned,warm,35,6,line_trial,False,1.245347728531035,1.6831214700213061e-07,0.0006896570317021953,4.795752946996962e-05,0.37020306368010114,3.7580540582320006e-05,0.4330063538231168,0.0001295438481606153,8.678981324526167e-05,5.2877438321005256e-08,5.2877438321005256e-08,6.843943193277524e-17,0.0,35,6.103515625e-05,-1.5490428211868266e-16,2.179352838192048,3.128413255147669e-10
tuned,warm,36,6,line_trial,False,1.24534772853108,1.6831728382784752e-07,0.0006896570316966899,4.795752946996549e-05,0.3702030636801133,3.758054058231812e-05,0.4330063538231493,0.0001295438481605999,8.678981324525082e-05,5.287904247963691e-08,5.287904247963691e-08,6.449874918817059e-17,0.0,35,3.0517578125e-05,-1.5490428211868266e-16,2.179352838192048,3.128413255147669e-10
tuned,warm,37,6,line_trial,False,1.2453477285310475,1.6831985273449547e-07,0.0006896570316939373,4.795752946996297e-05,0.37020306368010114,3.758054058231908e-05,0.4330063538231293,0.00012954384816059734,8.678981324525702e-05,5.287984981878387e-08,5.287984981878387e-08,6.731806926778843e-17,0.0,35,1.52587890625e-05,-1.5490428211868266e-16,2.179352838192048,3.128413255147669e-10
tuned,warm,38,6,line_trial,False,1.2453477285310557,1.6832113647093304e-07,0.0006896570316925609,4.795752946996366e-05,0.3702030636801154,3.75805405823169e-05,0.4330063538231244,0.00012954384816059422,8.678981324525299e-05,5.288024724788146e-08,5.288024724788146e-08,6.605267453319647e-17,0.0,35,7.62939453125e-06,-1.5490428211868266e-16,2.179352838192048,3.128413255147669e-10
tuned,warm,39,6,line_trial,False,1.245347728531073,1.683217788259578e-07,0.0006896570316918726,4.795752946996218e-05,0.3702030636801252,3.758054058231674e-05,0.43300635382312797,0.0001295438481605868,8.67898132452519e-05,5.288044943926569e-08,5.288044943926569e-08,6.77680828946605e-17,0.0,35,3.814697265625e-06,-1.5490428211868266e-16,2.179352838192048,3.128413255147669e-10
tuned,warm,40,6,line_trial,False,1.2453477285310575,1.6832209988538372e-07,0.0006896570316915286,4.7957529469964436e-05,0.370203063680127,3.7580540582318156e-05,0.43300635382311475,0.00012954384816059225,8.678981324525781e-05,5.28805498217617e-08,5.28805498217617e-08,5.709081134518102e-17,0.0,35,1.9073486328125e-06,-1.5490428211868266e-16,2.179352838192048,3.128413255147669e-10
tuned,warm,41,6,line_trial,False,1.2453477285310253,1.6832226183771499e-07,0.0006896570316913566,4.79575294699643e-05,0.3702030636800919,3.7580540582317255e-05,0.43300635382311675,0.00012954384816060414,8.678981324525533e-05,5.2880600102160386e-08,5.2880600102160386e-08,4.826872563767361e-17,0.0,35,9.5367431640625e-07,-1.5490428211868266e-16,2.179352838192048,3.128413255147669e-10
tuned,warm,42,6,line_trial,False,1.2453477285310524,1.6832234163987146e-07,0.0006896570316912706,4.7957529469963256e-05,0.3702030636801061,3.7580540582316015e-05,0.433006353823128,0.0001295438481605964,8.678981324525021e-05,5.2880616505693114e-08,5.2880616505693114e-08,4.698286714462046e-17,0.0,35,4.76837158203125e-07,-1.5490428211868266e-16,2.179352838192048,3.128413255147669e-10
tuned,warm,43,6,line_trial,False,1.2453477285310535,1.6832238155566827e-07,0.0006896570316912275,4.795752946996277e-05,0.370203063680111,3.758054058231817e-05,0.4330063538231258,0.00012954384816059333,8.678981324525563e-05,5.288062863004419e-08,5.288062863004419e-08,6.504858664232148e-17,0.0,35,2.384185791015625e-07,-1.5490428211868266e-16,2.179352838192048,3.128413255147669e-10
tuned,warm,44,6,line_trial,False,1.2453477285310872,1.6832240081489124e-07,0.0006896570316912061,4.795752946996112e-05,0.3702030636801205,3.758054058231828e-05,0.43300635382315045,0.00012954384816058558,8.678981324525094e-05,5.288063950629891e-08,5.288063950629891e-08,4.685663714777691e-17,0.0,35,1.1920928955078125e-07,-1.5490428211868266e-16,2.179352838192048,3.128413255147669e-10
tuned,beta,0,0,initial,,1.2454432657541523,0.2643135865357954,0.0,4.779797249551852e-05,0.3702041676158076,3.775024237278841e-05,0.4330051627324856,0.0001291124646255267,8.718196830394568e-05,0.03738583394098985,0.03738583394098985,4.695265545484146e-17,0.0,0,,,,
tuned,beta,1,0,line_trial,True,1.245348810441436,0.024142963806799245,0.0007459140933171165,4.794764477177335e-05,0.370203168241106,3.762293151051611e-05,0.4330062554182166,0.0001295171108328981,8.688773208178764e-05,0.008151075434600405,0.008151075434600405,6.507115142206917e-17,0.0,2,1.0,-0.00033153233478721693,2.1795199947430364,0.00039550722495159974
tuned,beta,2,1,line_trial,True,1.2453477303053324,0.0009734519891651715,0.0007656512883933634,4.7955876511013704e-05,0.37020307309481054,3.758245979328337e-05,0.43300634606169525,0.00012953937986012344,8.679424709384877e-05,0.00030763669816967834,0.00030763669816967834,4.6601536500758953e-17,0.0,5,1.0,-3.7807667615029354e-06,2.179354731152234,5.333681696703391e-05
tuned,beta,3,2,line_trial,True,1.2453477285321464,2.594989320031099e-05,0.0007654726648089024,4.795752747210712e-05,0.3702030637773095,3.7580566156507265e-05,0.4330063537321132,0.00012954384272993296,8.678987232542348e-05,1.1853686230652748e-05,1.1853686230652748e-05,4.5869287423212784e-17,0.0,9,1.0,-6.205937561596408e-09,2.1793528412964553,2.1634820506171783e-06
tuned,beta,4,3,line_trial,True,1.245347728531058,2.2890486092621766e-07,0.0007655070366369704,4.795752928237763e-05,0.3702030636794824,3.7580540572270536e-05,0.43300635382368957,0.00012954384765410454,8.678981322193827e-05,6.474281562502044e-08,6.474281562502044e-08,4.8470508249756136e-17,0.0,14,1.0,-3.929453383947258e-12,2.179352838194047,5.351661133686834e-08
tuned,beta,5,4,line_trial,False,1.2453477285310495,1.6768580457552102e-10,0.0007655072059116806,4.795752957668801e-05,0.3702030636787068,3.7580540653668505e-05,0.43300635382435626,0.0001295438484493731,8.678981340978796e-05,2.4745604519325617e-10,2.4745604519325617e-10,6.763093570912606e-17,0.0,21,1.0,-2.8139429191987247e-16,2.179352838192047,4.1251423564793833e-10
tuned,beta,6,4,line_trial,False,1.2453477285310606,1.144530671255902e-07,0.0007655071212742318,4.7957529429532626e-05,0.3702030636791112,3.7580540612969914e-05,0.43300635382401387,0.00012954384805173247,8.678981331586584e-05,3.248346668204567e-08,3.248346668204567e-08,4.826872563767361e-17,0.0,21,0.5,-2.8139429191987247e-16,2.179352838192047,4.1251423564793833e-10
tuned,beta,7,4,line_trial,False,1.2453477285310592,1.7167895478157432e-07,0.0007655070789555777,4.7957529355956e-05,0.3702030636793041,3.75805405926209e-05,0.4330063538238429,0.00012954384785291833,8.67898132689054e-05,4.8613137854996335e-08,4.8613137854996335e-08,5.680551490924956e-17,0.0,21,0.25,-2.8139429191987247e-16,2.179352838192047,4.1251423564793833e-10
tuned,beta,8,4,line_trial,False,1.245347728531073,2.0029190582788725e-07,0.0007655070577962681,4.795752931916641e-05,0.3702030636794099,3.7580540582446065e-05,0.43300635382376623,0.0001295438477535045,8.678981324542264e-05,5.6677966666098334e-08,5.6677966666098334e-08,4.6031029490533935e-17,0.0,21,0.125,-2.8139429191987247e-16,2.179352838192047,4.1251423564793833e-10
tuned,beta,9,4,line_trial,False,1.2453477285310628,2.1459838323202513e-07,0.0007655070472166177,4.7957529300772416e-05,0.3702030636794519,3.758054057735867e-05,0.43300635382371816,0.00012954384770380359,8.678981323368326e-05,6.071039373089907e-08,6.071039373089907e-08,4.624831134913464e-17,0.0,21,0.0625,-2.8139429191987247e-16,2.179352838192047,4.1251423564793833e-10
tuned,beta,10,4,line_trial,False,1.2453477285310501,2.217516209048631e-07,0.0007655070419267936,4.795752929157578e-05,0.37020306367946243,3.7580540574815206e-05,0.433006353823699,0.00012954384767895776,8.678981322781313e-05,6.272660111197464e-08,6.272660111197464e-08,4.6708686748524496e-17,0.0,21,0.03125,-2.8139429191987247e-16,2.179352838192047,4.1251423564793833e-10
tuned,beta,11,4,line_trial,False,1.2453477285310304,2.2532824117124374e-07,0.0007655070392818819,4.7957529286974683e-05,0.37020306367946487,3.7580540573542414e-05,0.43300635382367736,0.00012954384766652834,8.678981322487805e-05,6.373469775969152e-08,6.373469775969152e-08,8.673144885642864e-17,0.0,21,0.015625,-2.8139429191987247e-16,2.179352838192047,4.1251423564793833e-10
tuned,beta,12,4,line_trial,False,1.245347728531052,2.2711655127475244e-07,0.0007655070379594262,4.795752928467734e-05,0.37020306367949546,3.7580540572905845e-05,0.43300635382367,0.000129543847660312,8.67898132234094e-05,6.42387589210966e-08,6.42387589210966e-08,7.042059499931173e-17,0.0,21,0.0078125,-2.8139429191987247e-16,2.179352838192047,4.1251423564793833e-10
tuned,beta,13,4,line_trial,False,1.245347728531057,2.280107055264606e-07,0.0007655070372981982,4.795752928352669e-05,0.3702030636794794,3.7580540572589176e-05,0.43300635382369196,0.00012954384765720946,8.678981322267368e-05,6.449077835809434e-08,6.449077835809434e-08,4.695265545484146e-17,0.0,21,0.00390625,-2.8139429191987247e-16,2.179352838192047,4.1251423564793833e-10
tuned,beta,14,4,line_trial,False,1.245347728531038,2.284577833224623e-07,0.0007655070369675843,4.795752928295211e-05,0.3702030636794942,3.758054057243063e-05,0.4330063538236569,0.00012954384765565222,8.678981322231456e-05,6.46167956543138e-08,6.46167956543138e-08,4.619219796043113e-17,0.0,21,0.001953125,-2.8139429191987247e-16,2.179352838192047,4.1251423564793833e-10
tuned,beta,15,4,line_trial,False,1.245347728531077,2.2868132158934478e-07,0.0007655070368022773,4.795752928266574e-05,0.37020306367950373,3.7580540572350394e-05,0.4330063538236864,0.00012954384765487533,8.678981322212333e-05,6.467979734874903e-08,6.467979734874903e-08,4.6601536500758953e-17,0.0,21,0.0009765625,-2.8139429191987247e-16,2.179352838192047,4.1251423564793833e-10
tuned,beta,16,4,line_trial,False,1.2453477285310561,2.2879309154076684e-07,0.0007655070367196238,4.7957529282521675e-05,0.37020306367949163,3.758054057231174e-05,0.4330063538236786,0.0001295438476544904,8.678981322203564e-05,6.471130158365509e-08,6.471130158365509e-08,4.685663714777691e-17,0.0,21,0.00048828125,-2.8139429191987247e-16,2.179352838192047,4.1251423564793833e-10
tuned,beta,17,4,line_trial,False,1.2453477285310532,2.2884897644638295e-07,0.0007655070366782971,4.795752928244895e-05,0.3702030636794995,3.758054057229131e-05,0.43300635382366653,0.00012954384765429122,8.678981322199087e-05,6.472705896093652e-08,6.472705896093652e-08,4.671723469964419e-17,0.0,21,0.000244140625,-2.8139429191987247e-16,2.179352838192047,4.1251423564793833e-10
tuned,beta,18,4,line_trial,False,1.2453477285310517,2.2887691862037176e-07,0.0007655070366576336,4.7957529282413336e-05,0.3702030636794967,3.758054057228194e-05,0.4330063538236669,0.000129543847654196,8.678981322196915e-05,6.473492606012396e-08,6.473492606012396e-08,4.826872563767361e-17,0.0,21,0.0001220703125,-2.8139429191987247e-16,2.179352838192047,4.1251423564793833e-10
tuned,beta,19,4,line_trial,False,1.2453477285310652,2.2889088982931233e-07,0.000765507036647302,4.795752928239475e-05,0.37020306367950145,3.7580540572276465e-05,0.43300635382367836,0.00012954384765414412,8.678981322195421e-05,6.473886629593998e-08,6.473886629593998e-08,4.6947063332874484e-17,0.0,21,6.103515625e-05,-2.8139429191987247e-16,2.179352838192047,4.1251423564793833e-10
tuned,beta,20,4,line_trial,False,1.2453477285310457,2.2889787526256773e-07,0.0007655070366421362,4.7957529282386604e-05,0.3702030636794815,3.758054057227392e-05,0.43300635382367825,0.0001295438476541291,8.678981322194836e-05,6.474083151061913e-08,6.474083151061913e-08,4.826872563767361e-17,0.0,21,3.0517578125e-05,-2.8139429191987247e-16,2.179352838192047,4.1251423564793833e-10
tuned,beta,21,4,line_trial,False,1.2453477285310421,2.2890136749756404e-07,0.0007655070366395532,4.795752928238241e-05,0.37020306367947764,3.758054057227438e-05,0.43300635382367886,0.00012954384765411913,8.678981322194929e-05,6.474182463761597e-08,6.474182463761597e-08,4.619219796043113e-17,0.0,21,1.52587890625e-05,-2.8139429191987247e-16,2.179352838192047,4.1251423564793833e-10
tuned,beta,22,4,line_trial,False,1.245347728531037,2.289031143465148e-07,0.0007655070366382618,4.7957529282379936e-05,0.37020306367948225,3.758054057227195e-05,0.4330063538236671,0.00012954384765411083,8.678981322194605e-05,6.474232084451601e-08,6.474232084451601e-08,4.5869287423212784e-17,0.0,21,7.62939453125e-06,-2.8139429191987247e-16,2.179352838192047,4.1251423564793833e-10
tuned,beta,23,4,line_trial,False,1.2453477285310606,2.2890398732103028e-07,0.000765507036637616,4.795752928237872e-05,0.3702030636794967,3.758054057227114e-05,0.4330063538236781,0.00012954384765410248,8.678981322194197e-05,6.474255923065384e-08,6.474255923065384e-08,4.6947063332874484e-17,0.0,21,3.814697265625e-06,-2.8139429191987247e-16,2.179352838192047,4.1251423564793833e-10
tuned,beta,24,4,line_trial,False,1.2453477285310428,2.2890442334504578e-07,0.0007655070366372931,4.795752928237596e-05,0.37020306367950073,3.758054057227132e-05,0.4330063538236559,0.00012954384765409362,8.678981322194684e-05,6.474269152872146e-08,6.474269152872146e-08,6.824587148717725e-17,0.0,21,1.9073486328125e-06,-2.8139429191987247e-16,2.179352838192047,4.1251423564793833e-10
tuned,beta,25,4,line_trial,False,1.24534772853105,2.2890464277634405e-07,0.0007655070366371318,4.79575292823778e-05,0.3702030636794872,3.758054057227187e-05,0.4330063538236782,0.00012954384765410332,8.678981322194364e-05,6.47427476929947e-08,6.47427476929947e-08,7.047430071693069e-17,0.0,21,9.5367431640625e-07,-2.8139429191987247e-16,2.179352838192047,4.1251423564793833e-10
tuned,beta,26,4,line_trial,False,1.2453477285310492,2.289047519554131e-07,0.000765507036637051,4.795752928237753e-05,0.37020306367948735,3.7580540572272054e-05,0.43300635382367486,0.00012954384765410254,8.678981322194473e-05,6.474277818217183e-08,6.474277818217183e-08,5.637736188111728e-17,0.0,21,4.76837158203125e-07,-2.8139429191987247e-16,2.179352838192047,4.1251423564793833e-10
tuned,beta,27,4,line_trial,False,1.2453477285310401,2.289048061419257e-07,0.0007655070366370107,4.795752928237821e-05,0.37020306367947753,3.7580540572271065e-05,0.43300635382367564,0.0001295438476541078,8.678981322194229e-05,6.47427924461148e-08,6.47427924461148e-08,9.320307300151791e-17,0.0,21,2.384185791015625e-07,-2.8139429191987247e-16,2.179352838192047,4.1251423564793833e-10
tuned,beta,28,4,line_trial,False,1.2453477285310526,2.2890483383536594e-07,0.0007655070366369905,4.7957529282377504e-05,0.3702030636794875,3.758054057227088e-05,0.4330063538236782,0.0001295438476541024,8.678981322194135e-05,6.474279904318756e-08,6.474279904318756e-08,4.735085365593741e-17,0.0,21,1.1920928955078125e-07,-2.8139429191987247e-16,2.179352838192047,4.1251423564793833e-10
tuned,zero,0,0,initial,,1.2454450435138287,0.268952784874627,6.5807220655337046e-21,4.766433463432644e-05,0.3702039434907241,3.7847894970758675e-05,0.43300533104503386,0.00012875155835697012,8.740745726944036e-05,0.036080731409406264,0.036080731409406264,4.809493124471524e-17,0.0,0,,,,
tuned,zero,1,0,line_trial,True,1.245348735909845,0.023076110622662984,0.0007440742213883018,4.7944686156856363e-05,0.3702031467286655,3.760721167662379e-05,0.43300627334878655,0.00012950912649047972,8.685142454352197e-05,0.007648216638584962,0.007648216638584962,8.859292691330337e-17,0.0,2,1.0,-0.000337896361463568,2.179523105177904,0.00039459049853705664
tuned,zero,2,1,line_trial,True,1.2453477304717873,0.0009856718666233243,0.0007628890888974847,4.7956442681056504e-05,0.37020307216864273,3.758177837044832e-05,0.43300634689675593,0.00012954090953413367,8.679267322473947e-05,0.0004365403631709233,0.0004365403631709233,7.047430071693069e-17,0.0,5,1.0,-3.5183157579099808e-06,2.179354600748548,5.205430407909192e-05
tuned,zero,3,2,line_trial,True,1.2453477285322037,2.6868368700861126e-05,0.0007625499729844327,4.795752409127868e-05,0.3702030637065557,3.758056065825745e-05,0.4330063537936638,0.00012954383362232943,8.678985961523637e-05,1.134555048902221e-05,1.134555048902221e-05,4.5705757234440984e-17,0.0,9,1.0,-6.788512779697534e-09,2.17935284158769,2.331308073116839e-06
tuned,zero,4,3,line_trial,True,1.2453477285310735,2.330822675597386e-07,0.0007625811698913639,4.79575292647536e-05,0.37020306368015515,3.7580540842845325e-05,0.4330063538231195,0.00012954384760626274,8.67898138469274e-05,6.753067572882677e-08,6.753067572882677e-08,4.698286714462046e-17,0.0,14,1.0,-3.9799596414855066e-12,2.179352838194096,5.2165915094896186e-08
tuned,zero,5,4,line_trial,False,1.2453477285310492,1.5054110941158718e-10,0.0007625813387802956,4.795752957664187e-05,0.3702030636786957,3.758054065339877e-05,0.4330063538243713,0.00012954384844925235,8.6789813409162e-05,2.519905525144478e-10,2.519905525144478e-10,6.608949280678583e-17,0.0,21,1.0,-2.8513977508945463e-16,2.179352838192121,4.0937164389727755e-10
tuned,zero,6,4,line_trial,True,1.2453477285310748,1.1654163294068826e-07,0.0007625812543357375,4.79575294206969e-05,0.3702030636794519,3.7580540748119875e-05,0.43300635382373065,0.00012954384802774604,8.678981362804265e-05,3.387809013985372e-08,3.387809013985372e-08,5.668952585895135e-17,0.0,21,0.5,-2.8513977508945463e-16,2.179352838192121,4.0937164389727755e-10
tuned,zero,7,5,line_trial,False,1.2453477285310584,3.0140532335006974e-11,0.0007625813388144817,4.79575295764377e-05,0.3702030636787153,3.758054065351402e-05,0.4330063538243572,0.00012954384844869395,8.6789813409431e-05,2.083812228056679e-10,2.083812228056679e-10,6.644469518497753e-17,0.0,29,1.0,-7.12863597652249e-17,2.179352838192096,2.0468955797144933e-10
tuned,zero,8,5,line_trial,True,1.2453477285310337,5.8271280093242766e-08,0.0007625812965750865,4.795752949856799e-05,0.37020306367905725,3.758054070081699e-05,0.4330063538240375,0.0001295438482382311,8.67898135187382e-05,1.7042240771340784e-08,1.7042240771340784e-08,6.694676800474228e-17,0.0,29,0.5,-7.12863597652249e-17,2.179352838192096,2.0468955797144933e-10
tuned,zero,9,6,line_trial,False,1.2453477285310195,1.5066722999496403e-11,0.0007625813388155432,4.795752957642679e-05,0.370203063678725,3.758054065353064e-05,0.4330063538243123,0.0001295438484486611,8.678981340947839e-05,2.0384635888592013e-10,2.0384635888592013e-10,6.864564383344726e-17,0.0,37,1.0,-1.7821910585376472e-17,2.179352838192086,1.0234596321407936e-10
tuned,zero,10,6,line_trial,False,1.2453477285310577,2.913587016958344e-08,0.0007625813176953091,4.795752953749839e-05,0.3702030636788887,3.758054067717185e-05,0.43300635382420843,0.00012954384834344964,8.678981346409704e-05,8.622544148826355e-09,8.622544148826355e-09,4.7101507756283224e-17,0.0,37,0.5,-1.7821910585376472e-17,2.179352838192086,1.0234596321407936e-10
tuned,zero,11,6,line_trial,False,1.2453477285310457,4.3703575559576725e-08,0.0007625813071351963,4.795752951803336e-05,0.3702030636789731,3.7580540688995674e-05,0.43300635382412483,0.00012954384829084079,8.678981349142014e-05,1.2832385773860481e-08,1.2832385773860481e-08,4.6601536500758953e-17,0.0,37,0.25,-1.7821910585376472e-17,2.179352838192086,1.0234596321407936e-10
tuned,zero,12,6,line_trial,True,1.2453477285310428,5.098742749823028e-08,0.0007625813018551411,4.795752950829965e-05,0.3702030636790226,3.758054069490593e-05,0.43300635382407665,0.00012954384826453056,8.678981350507916e-05,1.4937319156476866e-08,1.4937319156476866e-08,4.826872563767361e-17,0.0,37,0.125,-1.7821910585376472e-17,2.179352838192086,1.0234596321407936e-10
tuned,zero,13,7,line_trial,False,1.245347728531018,1.318309353250619e-11,0.0007625813388156761,4.795752957642786e-05,0.37020306367870176,3.758054065353173e-05,0.4330063538243331,0.00012954384844867214,8.678981340947674e-05,2.0326296363761355e-10,2.0326296363761355e-10,4.809493124471524e-17,0.0,45,1.0,-1.3644935513270726e-17,2.179352838192059,8.95528666143239e-11
tuned,zero,14,7,line_trial,False,1.2453477285310424,2.5493916870034947e-08,0.0007625813203354042,4.7957529542362666e-05,0.37020306367885536,3.758054067421829e-05,0.43300635382422537,0.0001295438483566008,8.678981345727258e-05,7.569857881953401e-09,7.569857881953401e-09,6.77680828946605e-17,0.0,45,0.5,-1.3644935513270726e-17,2.179352838192059,8.95528666143239e-11
tuned,zero,15,7,line_trial,False,1.2453477285310357,3.8240672719326616e-08,0.0007625813110952715,4.7957529525331964e-05,0.3702030636789354,3.758054068456164e-05,0.43300635382414715,0.00012954384831056912,8.678981348117555e-05,1.1253585042379212e-08,1.1253585042379212e-08,4.826872563767361e-17,0.0,45,0.25,-1.3644935513270726e-17,2.179352838192059,8.95528666143239e-11
tuned,zero,16,7,line_trial,False,1.2453477285310424,4.46140494987328e-08,0.000762581306475206,4.795752951681599e-05,0.37020306367897365,3.7580540689734314e-05,0.4330063538241203,0.0001295438482875522,8.67898134931269e-05,1.309545459561795e-08,1.309545459561795e-08,4.615056410787635e-17,0.0,45,0.125,-1.3644935513270726e-17,2.179352838192059,8.95528666143239e-11
tuned,zero,17,7,line_trial,False,1.245347728531024,4.7800738193833837e-08,0.0007625813041651734,4.795752951255722e-05,0.3702030636789922,3.7580540692320306e-05,0.43300635382408786,0.00012954384827604183,8.678981349910557e-05,1.4016388748190071e-08,1.4016388748190071e-08,5.644119379519629e-17,0.0,45,0.0625,-1.3644935513270726e-17,2.179352838192059,8.95528666143239e-11
tuned,zero,18,7,line_trial,False,1.2453477285310384,4.939408277008815e-08,0.0007625813030101572,4.795752951043043e-05,0.3702030636789989,3.758054069361291e-05,0.43300635382409364,0.00012954384827029456,8.678981350208961e-05,1.4476846463763602e-08,1.4476846463763602e-08,6.780854836195508e-17,0.0,45,0.03125,-1.3644935513270726e-17,2.179352838192059,8.95528666143239e-11
tuned,zero,19,7,line_trial,False,1.245347728531049,5.0190755456047284e-08,0.0007625813024326492,4.795752950936496e-05,0.37020306367901545,3.758054069426034e-05,0.433006353824092,0.0001295438482674107,8.678981350358513e-05,1.4707077015393494e-08,1.4707077015393494e-08,4.698286714462046e-17,0.0,45,0.015625,-1.3644935513270726e-17,2.179352838192059,8.95528666143239e-11
tuned,zero,20,7,line_trial,False,1.2453477285310584,5.0589092032455755e-08,0.0007625813021438951,4.7957529508832846e-05,0.370203063679018,3.758054069458413e-05,0.4330063538240969,0.00012954384826597244,8.67898135043319e-05,1.4822197907635751e-08,1.4822197907635751e-08,6.468861348709826e-17,0.0,45,0.0078125,-1.3644935513270726e-17,2.179352838192059,8.95528666143239e-11
tuned,zero,21,7,line_trial,False,1.2453477285310401,5.078825773189892e-08,0.0007625813019995181,4.7957529508567013e-05,0.3702030636790321,3.7580540694745076e-05,0.43300635382406644,0.00012954384826524944,8.678981350470972e-05,1.4879748814745604e-08,1.4879748814745604e-08,6.644469518497753e-17,0.0,45,0.00390625,-1.3644935513270726e-17,2.179352838192059,8.95528666143239e-11
tuned,zero,22,7,line_trial,False,1.24534772853105,5.088784233502908e-08,0.0007625813019273295,4.7957529508433616e-05,0.37020306367901945,3.7580540694825436e-05,0.4330063538240895,0.00012954384826489355,8.678981350489069e-05,1.4908548249553634e-08,1.4908548249553634e-08,4.826872563767361e-17,0.0,45,0.001953125,-1.3644935513270726e-17,2.179352838192059,8.95528666143239e-11
tuned,zero,23,7,line_trial,False,1.2453477285310315,5.0937635638015526e-08,0.0007625813018912353,4.795752950836605e-05,0.3702030636790006,3.758054069486637e-05,0.43300635382408814,0.00012954384826471764,8.678981350498549e-05,1.4922916675434068e-08,1.4922916675434068e-08,6.522520994182881e-17,0.0,45,0.0009765625,-1.3644935513270726e-17,2.179352838192059,8.95528666143239e-11
tuned,zero,24,7,line_trial,False,1.245347728531079,5.0962531930888994e-08,0.0007625813018731883,4.7957529508333246e-05,0.37020306367902944,3.7580540694885196e-05,0.4330063538241096,0.00012954384826461892,8.678981350502465e-05,1.4930119253199575e-08,1.4930119253199575e-08,4.5959176773194843e-17,0.0,45,0.00048828125,-1.3644935513270726e-17,2.179352838192059,8.95528666143239e-11
tuned,zero,25,7,line_trial,False,1.2453477285310286,5.097497991427484e-08,0.0007625813018641647,4.795752950831883e-05,0.37020306367901035,3.758054069489442e-05,0.4330063538240766,0.00012954384826458667,8.678981350505259e-05,1.4933708774330653e-08,1.4933708774330653e-08,4.6708686748524496e-17,0.0,45,0.000244140625,-1.3644935513270726e-17,2.179352838192059,8.95528666143239e-11
tuned,zero,26,7,line_trial,False,1.2453477285310295,5.098120375143595e-08,0.0007625813018596529,4.795752950830819e-05,0.3702030636790183,3.758054069490185e-05,0.43300635382406544,0.00012954384826455514,8.678981350507198e-05,1.4935515659247007e-08,1.4935515659247007e-08,4.6031029490533935e-17,0.0,45,0.0001220703125,-1.3644935513270726e-17,2.179352838192059,8.95528666143239e-11
tuned,zero,27,7,line_trial,False,1.2453477285310819,5.098431582995249e-08,0.000762581301857397,4.7957529508306087e-05,0.3702030636790343,3.758054069490136e-05,0.4330063538241076,0.00012954384826454384,8.678981350506238e-05,1.4936413217828278e-08,1.4936413217828278e-08,4.520569890797005e-17,0.0,45,6.103515625e-05,-1.3644935513270726e-17,2.179352838192059,8.95528666143239e-11
tuned,zero,28,7,line_trial,True,1.2453477285310515,5.098587032759123e-08,0.000762581301856269,4.795752950830406e-05,0.3702030636790318,3.758054069490393e-05,0.4330063538240772,0.00012954384826453926,8.678981350507443e-05,1.4936863780112407e-08,1.4936863780112407e-08,6.763093570912606e-17,0.0,45,3.0517578125e-05,-1.3644935513270726e-17,2.179352838192059,8.95528666143239e-11
tuned,zero,29,8,line_trial,False,1.245347728531043,1.3183129834653829e-11,0.0007625813388156717,4.7957529576426516e-05,0.37020306367869155,3.758054065353172e-05,0.4330063538243685,0.00012954384844867208,8.678981340946962e-05,2.0326973901029762e-10,2.0326973901029762e-10,4.733510085948036e-17,0.0,53,1.0,-1.3644102631387102e-17,2.179352838192058,8.95501343995849e-11
tuned,zero,30,8,line_trial,False,1.2453477285310641,2.5493139177976624e-08,0.000762581320335966,4.795752954236354e-05,0.3702030636788725,3.758054067421797e-05,0.4330063538242282,0.00012954384835659716,8.678981345727128e-05,7.569645349209999e-09,7.569645349209999e-09,4.5087290472750706e-17,0.0,53,0.5,-1.3644102631387102e-17,2.179352838192058,8.95501343995849e-11
tuned,zero,31,8,line_trial,False,1.2453477285310623,3.823950388857764e-08,0.0007625813110961163,4.7957529525334315e-05,0.37020306367894457,3.758054068456265e-05,0.4330063538241644,0.00012954384831057226,8.678981348117443e-05,1.1253256080205032e-08,1.1253256080205032e-08,6.843943193277524e-17,0.0,53,0.25,-1.3644102631387102e-17,2.179352838192058,8.95501343995849e-11
tuned,zero,32,8,line_trial,False,1.245347728531062,4.4612687767204294e-08,0.0007625813064761923,4.7957529516818104e-05,0.37020306367898326,3.7580540689733494e-05,0.4330063538241303,0.00012954384828755454,8.6789813493123e-05,1.3095065546586018e-08,1.3095065546586018e-08,6.644469518497753e-17,0.0,53,0.125,-1.3644102631387102e-17,2.179352838192058,8.95501343995849e-11
tuned,zero,33,8,line_trial,False,1.2453477285310632,4.779927921418805e-08,0.0007625813041662306,4.795752951256147e-05,0.37020306367901096,3.7580540692318476e-05,0.43300635382410796,0.00012954384827604677,8.678981349909732e-05,1.4015969209980807e-08,1.4015969209980807e-08,6.855863585166148e-17,0.0,53,0.0625,-1.3644102631387102e-17,2.179352838192058,8.95501343995849e-11
tuned,zero,34,8,line_trial,False,1.2453477285310754,4.93925766302076e-08,0.0007625813030112498,4.795752951043174e-05,0.3702030636790243,3.758054069361261e-05,0.43300635382410735,0.00012954384827028922,8.678981350208615e-05,1.4476417119093879e-08,1.4476417119093879e-08,8.673144885642864e-17,0.0,53,0.03125,-1.3644102631387102e-17,2.179352838192058,8.95501343995849e-11
tuned,zero,35,8,line_trial,False,1.245347728531074,5.0189224945695384e-08,0.0007625813024337595,4.795752950936761e-05,0.3702030636790242,3.758054069425931e-05,0.43300635382410324,0.00012954384826741478,8.678981350358051e-05,1.4706644817935408e-08,1.4706644817935408e-08,4.5959176773194843e-17,0.0,53,0.015625,-1.3644102631387102e-17,2.179352838192058,8.95501343995849e-11
tuned,zero,36,8,line_trial,True,1.2453477285310757,5.058754732454358e-08,0.0007625813021450142,4.795752950883488e-05,0.370203063679056,3.758054069458247e-05,0.4330063538240783,0.00012954384826596466,8.678981350433182e-05,1.4821746097256813e-08,1.4821746097256813e-08,4.826872563767361e-17,0.0,53,0.0078125,-1.3644102631387102e-17,2.179352838192058,8.95501343995849e-11
tuned,zero,37,9,line_trial,False,1.2453477285310783,1.30794825564404e-11,0.0007625813388156761,4.795752957642634e-05,0.3702030636787285,3.7580540653533346e-05,0.4330063538243684,0.00012954384844865866,8.678981340947339e-05,2.032486996951023e-10,2.032486996951023e-10,4.6350875538908214e-17,0.0,61,1.0,-1.3431748794703872e-17,2.179352838192048,8.885053397306848e-11
tuned,zero,38,9,line_trial,False,1.245347728531068,2.529397663769955e-08,0.0007625813204803406,4.795752954263082e-05,0.3702030636788809,3.7580540674057123e-05,0.4330063538242247,0.0001295438483573162,8.678981345690051e-05,7.5120691236024e-09,7.5120691236024e-09,6.522520994182881e-17,0.0,61,0.5,-1.3431748794703872e-17,2.179352838192048,8.885053397306848e-11
tuned,zero,39,9,line_trial,False,1.245347728531085,3.794076072588543e-08,0.0007625813113126764,4.7957529525732956e-05,0.3702030636789654,3.758054068432011e-05,0.43300635382416536,0.00012954384831164177,8.67898134806141e-05,1.1166913583455422e-08,1.1166913583455422e-08,4.733510085948036e-17,0.0,61,0.25,-1.3431748794703872e-17,2.179352838192048,8.885053397306848e-11
tuned,zero,40,9,line_trial,False,1.2453477285310612,4.426415480264552e-08,0.000762581306728845,4.7957529517283314e-05,0.37020306367897626,3.758054068945091e-05,0.433006353824136,0.00012954384828881363,8.678981349246924e-05,1.2994333584641216e-08,1.2994333584641216e-08,4.698286714462046e-17,0.0,61,0.125,-1.3431748794703872e-17,2.179352838192048,8.885053397306848e-11
tuned,zero,41,9,line_trial,False,1.245347728531054,4.742585189724604e-08,0.0007625813044369296,4.7957529513059236e-05,0.3702030636789997,3.758054069201537e-05,0.43300635382410607,0.00012954384827739527,8.678981349839769e-05,1.3908042158839838e-08,1.3908042158839838e-08,7.240308845651043e-17,0.0,61,0.0625,-1.3431748794703872e-17,2.179352838192048,8.885053397306848e-11
tuned,zero,42,9,line_trial,False,1.2453477285310597,4.900669897086489e-08,0.0007625813032909719,4.7957529510947596e-05,0.37020306367901645,3.758054069329797e-05,0.43300635382409813,0.0001295438482716854,8.678981350136137e-05,1.4364901081720359e-08,1.4364901081720359e-08,4.743915853617526e-17,0.0,61,0.03125,-1.3431748794703872e-17,2.179352838192048,8.885053397306848e-11
tuned,zero,43,9,line_trial,False,1.2453477285310566,4.9797123829247573e-08,0.0007625813027179931,4.795752950989176e-05,0.37020306367901346,3.7580540693941113e-05,0.43300635382410024,0.0001295438482688344,8.678981350284625e-05,1.459332118244842e-08,1.459332118244842e-08,4.6335358866615886e-17,0.0,61,0.015625,-1.3431748794703872e-17,2.179352838192048,8.885053397306848e-11
tuned,zero,44,9,line_trial,False,1.2453477285310641,5.019233603512374e-08,0.0007625813024315037,4.795752950936299e-05,0.3702030636790155,3.7580540694261685e-05,0.4330063538241034,0.00012954384826740535,8.678981350358595e-05,1.470754754719658e-08,1.470754754719658e-08,4.826872563767361e-17,0.0,61,0.0078125,-1.3431748794703872e-17,2.179352838192048,8.885053397306848e-11
tuned,zero,45,9,line_trial,False,1.2453477285310401,5.0389941175410274e-08,0.0007625813022882589,4.79575295090982e-05,0.37020306367902606,3.7580540694421164e-05,0.43300635382406855,0.00012954384826668642,8.678981350396124e-05,1.4764651458008361e-08,1.4764651458008361e-08,4.6436818547443035e-17,0.0,61,0.00390625,-1.3431748794703872e-17,2.179352838192048,8.885053397306848e-11
tuned,zero,46,9,line_trial,False,1.245347728531026,5.0488744671327014e-08,0.0007625813022166365,4.795752950896655e-05,0.37020306367901246,3.75805406945011e-05,0.4330063538240706,0.00012954384826633557,8.678981350414543e-05,1.4793208227494875e-08,1.4793208227494875e-08,6.605267453319647e-17,0.0,61,0.001953125,-1.3431748794703872e-17,2.179352838192048,8.885053397306848e-11
tuned,zero,47,9,line_trial,False,1.245347728531056,5.053814624730693e-08,0.0007625813021808254,4.795752950890085e-05,0.3702030636790108,3.758054069454163e-05,0.43300635382410146,0.00012954384826615868,8.678981350423286e-05,1.4807483046252065e-08,1.4807483046252065e-08,6.842905462623916e-17,0.0,61,0.0009765625,-1.3431748794703872e-17,2.179352838192048,8.885053397306848e-11
tuned,zero,48,9,line_trial,False,1.2453477285310492,5.056284611218519e-08,0.0007625813021629198,4.7957529508869384e-05,0.3702030636790272,3.7580540694563235e-05,0.43300635382407876,0.00012954384826606793,8.67898135042873e-05,1.481461947498487e-08,1.481461947498487e-08,6.522520994182881e-17,0.0,61,0.00048828125,-1.3431748794703872e-17,2.179352838192048,8.885053397306848e-11
tuned,zero,49,9,line_trial,False,1.2453477285310521,5.0575196633686e-08,0.000762581302153967,4.795752950885256e-05,0.37020306367901773,3.7580540694572255e-05,0.43300635382409003,0.00012954384826602578,8.678981350430587e-05,1.4818177615441807e-08,1.4818177615441807e-08,4.6601536500758953e-17,0.0,61,0.000244140625,-1.3431748794703872e-17,2.179352838192048,8.885053397306848e-11
tuned,zero,50,9,line_trial,False,1.2453477285310572,5.058137209844712e-08,0.0007625813021494906,4.7957529508842306e-05,0.37020306367901296,3.7580540694577804e-05,0.4330063538241012,0.00012954384826599976,8.678981350431645e-05,1.481997326750339e-08,1.481997326750339e-08,6.723423481773476e-17,0.0,61,0.0001220703125,-1.3431748794703872e-17,2.179352838192048,8.885053397306848e-11
tuned,zero,51,9,line_trial,False,1.2453477285310575,5.0584459887339614e-08,0.0007625813021472523,4.795752950883916e-05,0.37020306367902345,3.758054069457924e-05,0.4330063538240899,0.00012954384826598762,8.678981350432202e-05,1.4820848895273692e-08,1.4820848895273692e-08,4.695265545484146e-17,0.0,61,6.103515625e-05,-1.3431748794703872e-17,2.179352838192048,8.885053397306848e-11
tuned,zero,52,9,line_trial,False,1.2453477285310661,5.058600305144059e-08,0.0007625813021461333,4.7957529508835475e-05,0.37020306367902245,3.7580540694580176e-05,0.43300635382410113,0.000129543848265978,8.678981350432194e-05,1.4821301953747289e-08,1.4821301953747289e-08,4.698286714462046e-17,0.0,61,3.0517578125e-05,-1.3431748794703872e-17,2.179352838192048,8.885053397306848e-11
tuned,zero,53,9,line_trial,False,1.2453477285310304,5.058677616452409e-08,0.0007625813021455738,4.795752950883489e-05,0.3702030636790227,3.7580540694580915e-05,0.433006353824067,0.00012954384826597632,8.67898135043305e-05,1.4821535525806175e-08,1.4821535525806175e-08,4.698286714462046e-17,0.0,61,1.52587890625e-05,-1.3431748794703872e-17,2.179352838192048,8.885053397306848e-11
tuned,zero,54,9,line_trial,False,1.245347728531064,5.058716065603263e-08,0.0007625813021452939,4.7957529508835225e-05,0.37020306367904154,3.758054069458092e-05,0.43300635382407865,0.00012954384826597065,8.678981350432816e-05,1.4821640009184598e-08,1.4821640009184598e-08,6.937246702370196e-17,0.0,61,7.62939453125e-06,-1.3431748794703872e-17,2.179352838192048,8.885053397306848e-11
tuned,zero,55,9,line_trial,False,1.2453477285310435,5.058735464379971e-08,0.0007625813021451542,4.7957529508834506e-05,0.37020306367903033,3.7580540694581626e-05,0.43300635382406755,0.00012954384826597263,8.678981350433203e-05,1.482169314237066e-08,1.482169314237066e-08,6.843943193277524e-17,0.0,61,3.814697265625e-06,-1.3431748794703872e-17,2.179352838192048,8.885053397306848e-11
tuned,zero,56,9,line_trial,False,1.2453477285310577,5.058744958528085e-08,0.0007625813021450841,4.795752950883398e-05,0.37020306367902245,3.758054069458196e-05,0.43300635382409003,0.00012954384826597396,8.678981350432828e-05,1.4821731476715963e-08,1.4821731476715963e-08,6.644469518497753e-17,0.0,61,1.9073486328125e-06,-1.3431748794703872e-17,2.179352838192048,8.885053397306848e-11
tuned,zero,57,9,line_trial,False,1.2453477285310512,5.058749879704626e-08,0.0007625813021450492,4.795752950883436e-05,0.37020306367902733,3.758054069458107e-05,0.43300635382407904,0.00012954384826597328,8.678981350432843e-05,1.4821741996373634e-08,1.4821741996373634e-08,4.695265545484146e-17,0.0,61,9.5367431640625e-07,-1.3431748794703872e-17,2.179352838192048,8.885053397306848e-11
tuned,zero,58,9,line_trial,False,1.2453477285310646,5.058752427065179e-08,0.0007625813021450317,4.7957529508834276e-05,0.3702030636790431,3.758054069458196e-05,0.43300635382407876,0.00012954384826596753,8.678981350433053e-05,1.4821755368819571e-08,1.4821755368819571e-08,4.826872563767361e-17,0.0,61,4.76837158203125e-07,-1.3431748794703872e-17,2.179352838192048,8.885053397306848e-11
tuned,zero,59,9,line_trial,False,1.2453477285310686,5.0587535593384534e-08,0.000762581302145023,4.7957529508835e-05,0.3702030636790225,3.758054069458269e-05,0.43300635382410124,0.0001295438482659767,8.678981350432773e-05,1.482174360106696e-08,1.482174360106696e-08,4.698286714462046e-17,0.0,61,2.384185791015625e-07,-1.3431748794703872e-17,2.179352838192048,8.885053397306848e-11
tuned,zero,60,9,line_trial,False,1.2453477285310455,5.058754133853727e-08,0.0007625813021450186,4.7957529508835055e-05,0.37020306367901357,3.758054069458218e-05,0.43300635382408803,0.00012954384826597998,8.678981350432919e-05,1.482175429902411e-08,1.482175429902411e-08,4.5869287423212784e-17,0.0,61,1.1920928955078125e-07,-1.3431748794703872e-17,2.179352838192048,8.885053397306848e-11
tuned,admm,0,0,initial,,1.2453477285382826,7.69568353154858e-05,2.117688244607312e-20,4.795728403063691e-05,0.3702030639140118,3.7580143326339217e-05,0.4330063535705714,0.00012954318509307664,8.678889585904057e-05,1.0802696866871699e-05,1.0802696866871699e-05,6.608949280678583e-17,0.0,0,,,,
tuned,admm,1,0,line_trial,True,1.2453477285310466,6.810116821285622e-07,1.9455759021422716e-07,4.795752936717025e-05,0.37020306368411465,3.7580540187643324e-05,0.433006353819424,0.00012954384788152714,8.678981233452172e-05,3.0247835165669897e-07,3.0247835165669897e-07,6.608949280678583e-17,0.0,4,1.0,-2.5222022608625868e-11,2.1793528382047453,1.0304599060365754e-07
tuned,admm,2,1,line_trial,True,1.245347728531058,6.2223944825866e-10,1.94647395933288e-07,4.7957529576171125e-05,0.3702030636787189,3.7580540653872694e-05,0.4330063538243565,0.00012954384844797263,8.678981341025948e-05,6.235757045375388e-10,6.235757045375388e-10,6.822190095139212e-17,0.0,11,1.0,-2.774559610571991e-15,2.179352838192105,1.4134636312647724e-09
tuned,admm,3,2,line_trial,False,1.2453477285310446,4.615450243183614e-14,1.9464742557269998e-07,4.7957529576417924e-05,0.370203063678705,3.758054065354864e-05,0.4330063538243573,0.00012954384844864416,8.678981340951093e-05,1.9930222340353595e-10,1.9930222340353595e-10,6.504858664232148e-17,0.0,21,1.0,-2.9381383950790203e-21,2.1793528381920946,1.6127872672633826e-12
tuned,admm,4,2,line_trial,False,1.24534772853105,3.111228896999769e-10,1.9464741074717762e-07,4.7957529576293125e-05,0.3702030636786906,3.7580540653711656e-05,0.4330063538243765,0.0001295438484483121,8.678981340988356e-05,4.1146125138069734e-10,4.1146125138069734e-10,4.695265545484146e-17,0.0,21,0.5,-2.9381383950790203e-21,2.1793528381920946,1.6127872672633826e-12
tuned,admm,5,2,line_trial,True,1.245347728531058,4.666824760239315e-10,1.9464740333878297e-07,4.795752957623327e-05,0.3702030636787045,3.7580540653791216e-05,0.43300635382437,0.00012954384844814557,8.678981341006859e-05,5.175127723821161e-10,5.175127723821161e-10,6.917132877536462e-17,0.0,21,0.25,-2.9381383950790203e-21,2.1793528381920946,1.6127872672633826e-12
tuned,admm,6,3,line_trial,False,1.2453477285310508,5.090150780117503e-14,1.9464742557566592e-07,4.795752957641838e-05,0.37020306367869626,3.75805406535491e-05,0.4330063538243685,0.00012954384844864845,8.678981340950975e-05,1.9935678298360278e-10,1.9935678298360278e-10,4.695265545484146e-17,0.0,31,1.0,-1.6527460761280617e-21,2.1793528381920817,1.209609175338854e-12
tuned,admm,7,3,line_trial,False,1.2453477285310652,2.3334305491458937e-10,1.9464741445395098e-07,4.795752957632514e-05,0.3702030636787005,3.7580540653669616e-05,0.4330063538243803,0.00012954384844839512,8.67898134097857e-05,3.5842416887562136e-10,3.5842416887562136e-10,6.822142173264888e-17,0.0,31,0.5,-1.6527460761280617e-21,2.1793528381920817,1.209609175338854e-12
tuned,admm,8,3,line_trial,False,1.2453477285310344,3.5001060125287154e-10,1.9464740889555002e-07,4.795752957627946e-05,0.3702030636787049,3.7580540653729986e-05,0.43300635382434693,0.00012954384844827017,8.678981340993182e-05,4.3796775743175303e-10,4.3796775743175303e-10,6.659996629177914e-17,0.0,31,0.25,-1.6527460761280617e-21,2.1793528381920817,1.209609175338854e-12
tuned,admm,9,3,line_trial,True,1.2453477285310524,4.083461711674387e-10,1.946474061169604e-07,4.79575295762554e-05,0.37020306367870964,3.758054065376063e-05,0.4330063538243582,0.00012954384844820352,8.678981341000032e-05,4.777449006882456e-10,4.777449006882456e-10,4.7101507756283224e-17,0.0,31,0.125,-1.6527460761280617e-21,2.1793528381920817,1.209609175338854e-12
tuned,admm,10,4,line_trial,False,1.2453477285310444,4.467876208989162e-14,1.9464742558235293e-07,4.7957529576418195e-05,0.37020306367869155,3.7580540653548253e-05,0.4330063538243719,0.0001295438484486496,8.678981340950711e-05,1.9927940109553377e-10,1.9927940109553377e-10,6.75487676644602e-17,0.0,41,1.0,-1.2653740591990543e-21,2.1793528381920675,1.0584028714129982e-12
tuned,admm,11,4,line_trial,False,1.2453477285310792,2.0417633129290804e-10,1.9464741584715035e-07,4.7957529576336466e-05,0.3702030636787291,3.758054065365558e-05,0.43300635382436564,0.0001295438484484157,8.678981340975623e-05,3.385304265682116e-10,3.385304265682116e-10,4.698286714462046e-17,0.0,41,0.5,-1.2653740591990543e-21,2.1793528381920675,1.0584028714129982e-12
tuned,admm,12,4,line_trial,False,1.2453477285310717,3.0626151446376984e-10,1.9464741098142985e-07,4.7957529576295585e-05,0.37020306367871925,3.758054065370788e-05,0.4330063538243695,0.0001295438484483087,8.678981340987624e-05,4.081381093764291e-10,4.081381093764291e-10,6.522520994182881e-17,0.0,41,0.25,-1.2653740591990543e-21,2.1793528381920675,1.0584028714129982e-12
tuned,admm,13,4,line_trial,False,1.2453477285310497,3.573034585385482e-10,1.9464740854903633e-07,4.795752957627565e-05,0.37020306367870975,3.758054065373533e-05,0.43300635382435815,0.0001295438484482582,8.678981340994191e-05,4.4292946983085584e-10,4.4292946983085584e-10,5.740585131019754e-17,0.0,41,0.125,-1.2653740591990543e-21,2.1793528381920675,1.0584028714129982e-12
tuned,admm,14,4,line_trial,False,1.2453477285310497,3.828238587036105e-10,1.946474073329601e-07,4.795752957626601e-05,0.37020306367870104,3.758054065374692e-05,0.4330063538243665,0.0001295438484482352,8.678981340996701e-05,4.603411078437391e-10,4.603411078437391e-10,4.698286714462046e-17,0.0,41,0.0625,-1.2653740591990543e-21,2.1793528381920675,1.0584028714129982e-12
tuned,admm,15,4,line_trial,False,1.2453477285310521,3.955839474673609e-10,1.9464740672494914e-07,4.795752957626159e-05,0.37020306367869915,3.758054065375332e-05,0.43300635382436936,0.0001295438484482239,8.67898134099812e-05,4.690351590976162e-10,4.690351590976162e-10,6.838431991331032e-17,0.0,41,0.03125,-1.2653740591990543e-21,2.1793528381920675,1.0584028714129982e-12
tuned,admm,16,4,line_trial,False,1.2453477285310703,4.019646327568854e-10,1.9464740642094888e-07,4.795752957625938e-05,0.3702030636787288,3.758054065375781e-05,0.4330063538243581,0.00012954384844820758,8.678981340999383e-05,4.733915454368148e-10,4.733915454368148e-10,5.4860768680915577e-17,0.0,41,0.015625,-1.2653740591990543e-21,2.1793528381920675,1.0584028714129982e-12
tuned,admm,17,4,line_trial,False,1.2453477285310839,4.051559510842314e-10,1.946474062689541e-07,4.7957529576256845e-05,0.3702030636787189,3.758054065376041e-05,0.4330063538243805,0.0001295438484482042,8.678981340999535e-05,4.755667966682713e-10,4.755667966682713e-10,4.7101507756283224e-17,0.0,41,0.0078125,-1.2653740591990543e-21,2.1793528381920675,1.0584028714129982e-12
tuned,admm,18,4,line_trial,False,1.2453477285310788,4.0675079262800623e-10,1.9464740619295895e-07,4.7957529576256886e-05,0.3702030636787366,3.758054065376072e-05,0.43300635382435826,0.0001295438484481981,8.678981341000053e-05,4.766472903127535e-10,4.766472903127535e-10,6.605267453319647e-17,0.0,41,0.00390625,-1.2653740591990543e-21,2.1793528381920675,1.0584028714129982e-12
tuned,admm,19,4,line_trial,False,1.2453477285310457,4.0754823855344957e-10,1.9464740615495827e-07,4.7957529576256486e-05,0.37020306367869044,3.7580540653759924e-05,0.43300635382436936,0.00012954384844821317,8.678981340999646e-05,4.771909248213504e-10,4.771909248213504e-10,6.605267453319647e-17,0.0,41,0.001953125,-1.2653740591990543e-21,2.1793528381920675,1.0584028714129982e-12
tuned,admm,20,4,line_trial,False,1.2453477285310688,4.0794708384884584e-10,1.946474061359582e-07,4.7957529576257096e-05,0.37020306367872824,3.7580540653760445e-05,0.43300635382435654,0.0001295438484482016,8.678981341000023e-05,4.774781649634632e-10,4.774781649634632e-10,4.5497247658118167e-17,0.0,41,0.0009765625,-1.2653740591990543e-21,2.1793528381920675,1.0584028714129982e-12
tuned,admm,21,4,line_trial,False,1.2453477285310817,4.0814661463951846e-10,1.9464740612646226e-07,4.7957529576255686e-05,0.37020306367872835,3.7580540653760615e-05,0.4330063538243694,0.00012954384844819774,8.678981340999805e-05,4.776063621466896e-10,4.776063621466896e-10,4.695265545484146e-17,0.0,41,0.00048828125,-1.2653740591990543e-21,2.1793528381920675,1.0584028714129982e-12
tuned,admm,22,4,line_trial,False,1.2453477285310606,4.0824588967082746e-10,1.9464740612171077e-07,4.795752957625539e-05,0.37020306367871825,3.758054065376058e-05,0.4330063538243581,0.00012954384844820048,8.678981341000024e-05,4.776807129469861e-10,4.776807129469861e-10,6.608949280678583e-17,0.0,41,0.000244140625,-1.2653740591990543e-21,2.1793528381920675,1.0584028714129982e-12
tuned,admm,23,4,line_trial,False,1.2453477285310843,4.0829635962292713e-10,1.9464740611933469e-07,4.7957529576255815e-05,0.37020306367871897,3.758054065375973e-05,0.43300635382438063,0.00012954384844820137,8.678981340999375e-05,4.776981862765412e-10,4.776981862765412e-10,4.826872563767361e-17,0.0,41,0.0001220703125,-1.2653740591990543e-21,2.1793528381920675,1.0584028714129982e-12
tuned,admm,24,4,line_trial,False,1.2453477285310515,4.083207745900782e-10,1.9464740611814868e-07,4.795752957625517e-05,0.3702030636787096,3.758054065376017e-05,0.4330063538243581,0.00012954384844820292,8.678981340999928e-05,4.777144115111492e-10,4.777144115111492e-10,4.815263080047424e-17,0.0,41,6.103515625e-05,-1.2653740591990543e-21,2.1793528381920675,1.0584028714129982e-12
tuned,admm,25,4,line_trial,False,1.2453477285310723,4.0833280697458265e-10,1.9464740611755062e-07,4.7957529576254385e-05,0.3702030636787073,3.758054065376091e-05,0.4330063538243806,0.0001295438484482016,8.67898134099965e-05,4.77735629125612e-10,4.77735629125612e-10,6.824587148717725e-17,0.0,41,3.0517578125e-05,-1.2653740591990543e-21,2.1793528381920675,1.0584028714129982e-12
tuned,admm,26,4,line_trial,False,1.2453477285310788,4.0833897738945864e-10,1.9464740611726602e-07,4.795752957625751e-05,0.3702030636787272,3.758054065376052e-05,0.4330063538243694,0.00012954384844820308,8.678981340999783e-05,4.777313499428591e-10,4.777313499428591e-10,6.822190095139212e-17,0.0,41,1.52587890625e-05,-1.2653740591990543e-21,2.1793528381920675,1.0584028714129982e-12
tuned,admm,27,4,line_trial,False,1.24534772853108,4.083429104074646e-10,1.946474061171048e-07,4.795752957625469e-05,0.3702030636787143,3.7580540653760323e-05,0.4330063538243806,0.00012954384844819997,8.678981340999513e-05,4.777345593299215e-10,4.777345593299215e-10,7.047430071693069e-17,0.0,41,7.62939453125e-06,-1.2653740591990543e-21,2.1793528381920675,1.0584028714129982e-12
tuned,admm,28,4,line_trial,False,1.2453477285310548,4.0834440727603795e-10,1.9464740611703536e-07,4.7957529576254893e-05,0.37020306367871375,3.7580540653760615e-05,0.43300635382435815,0.00012954384844820072,8.67898134100003e-05,4.777329546363997e-10,4.777329546363997e-10,6.522520994182881e-17,0.0,41,3.814697265625e-06,-1.2653740591990543e-21,2.1793528381920675,1.0584028714129982e-12
tuned,admm,29,4,line_trial,False,1.2453477285310557,4.083446723774653e-10,1.9464740611699293e-07,4.795752957625624e-05,0.3702030636787047,3.7580540653760154e-05,0.43300635382436736,0.00012954384844820753,8.67898134099974e-05,4.777333112349619e-10,4.777333112349619e-10,5.724920106134464e-17,0.0,41,1.9073486328125e-06,-1.2653740591990543e-21,2.1793528381920675,1.0584028714129982e-12
tuned,admm,30,4,line_trial,False,1.2453477285310552,4.08344921937887e-10,1.9464740611697694e-07,4.79575295762561e-05,0.3702030636787037,3.7580540653760235e-05,0.4330063538243672,0.0001295438484482075,8.678981340999761e-05,4.777424044983067e-10,4.777424044983067e-10,4.583700604441235e-17,0.0,41,9.5367431640625e-07,-1.2653740591990543e-21,2.1793528381920675,1.0584028714129982e-12
tuned,admm,31,4,line_trial,False,1.2453477285310726,4.0834593228627335e-10,1.946474061169677e-07,4.795752957625453e-05,0.370203063678719,3.758054065376011e-05,0.43300635382436803,0.00012954384844819788,8.678981340999717e-05,4.777481100753006e-10,4.777481100753006e-10,4.698286714462046e-17,0.0,41,4.76837158203125e-07,-1.2653740591990543e-21,2.1793528381920675,1.0584028714129982e-12
tuned,admm,32,4,line_trial,False,1.2453477285310774,4.083454886043227e-10,1.9464740611696755e-07,4.795752957625594e-05,0.37020306367871425,3.758054065376023e-05,0.4330063538243807,0.00012954384844820335,8.678981340999489e-05,4.777343810306411e-10,4.777343810306411e-10,4.5497247658118167e-17,0.0,41,2.384185791015625e-07,-1.2653740591990543e-21,2.1793528381920675,1.0584028714129982e-12
tuned,admm,33,4,line_trial,False,1.2453477285310646,4.0834585245478716e-10,1.946474061169588e-07,4.795752957625525e-05,0.37020306367872374,3.7580540653760276e-05,0.4330063538243582,0.0001295438484481982,8.678981340999951e-05,4.777375904177089e-10,4.777375904177089e-10,6.608949280678583e-17,0.0,41,1.1920928955078125e-07,-1.2653740591990543e-21,2.1793528381920675,1.0584028714129982e-12
low,warm,0,0,initial,,2.0731885997338253,0.48069376166855293,2.3926230203389788e-20,4.107096569560323e-05,0.4364353618264514,4.4785039000958664e-05,0.5795292971141344,9.410549485203059e-05,7.727830020669094e-05,0.07662799505297155,0.07662799505297155,6.766347602080556e-17,0.0,0,,,,
low,warm,1,0,line_trial,True,2.0727979615895156,0.019325676943781473,0.0017378968918391592,4.2739546918541094e-05,0.43643060584614796,4.486023207730824e-05,0.5795332392414309,9.792976557104198e-05,7.74075221915264e-05,0.010744456549726781,0.010744456549726781,6.800344061809984e-17,0.0,3,1.0,-0.0010643799973733068,2.813433724653398,0.0007065020503915207
low,warm,2,1,line_trial,True,2.072797160699677,0.001528724756551701,0.0017406515879455037,4.270495144342e-05,0.43643075822850197,4.4861638533943896e-05,0.5795331213110719,9.785046227438666e-05,7.740996482212072e-05,0.0007946310694331086,0.0007946310694331086,9.144826324104355e-17,0.0,6,1.0,-2.1720678022558046e-06,2.8129037128853223,3.8621502333493536e-05
low,warm,3,2,line_trial,True,2.072797155939946,4.032152719701427e-05,0.0017448976031260882,4.270844482441364e-05,0.43643074909111557,4.4864483919630045e-05,0.5795331287806637,9.785846875674015e-05,7.741487361391197e-05,1.2041600142813187e-05,1.2041600142813187e-05,9.144826324104355e-17,0.0,10,1.0,-1.2916974688903414e-08,2.8129026262485706,2.8915338358372537e-06
low,warm,4,3,line_trial,True,2.0727971559368843,3.8661756602555113e-07,0.0017449197761211066,4.2708412779322196e-05,0.4364307492779329,4.48644400965193e-05,0.5795331286553703,9.78583952894761e-05,7.741479801269263e-05,1.229939152551464e-07,1.229939152551464e-07,4.699424213212208e-17,0.0,15,1.0,-8.162656185960179e-12,2.8129026197906124,6.715099883722282e-08
low,warm,5,4,line_trial,True,2.072797155936924,3.6621729050230365e-10,0.0017449203619960964,4.2708413263115784e-05,0.4364307492776134,4.4864439892601657e-05,0.5795331286556777,9.78583963980709e-05,7.741479766078618e-05,3.98243458548881e-10,3.98243458548881e-10,4.7357068010599834e-17,0.0,22,1.0,-7.706575188461564e-16,2.812902619786527,6.580516842631458e-10
low,warm,6,5,line_trial,True,2.072797155936899,5.854423087004785e-14,0.0017449203624129229,4.270841326238211e-05,0.4364307492776114,4.4864439892713946e-05,0.5795331286556472,9.785839639639026e-05,7.741479766098402e-05,1.9930073209378148e-10,1.9930073209378148e-10,4.651962181307135e-17,0.0,33,1.0,-8.681987033508298e-22,2.8129026197865246,7.853204917001496e-13
low,warm,7,6,line_trial,False,2.072797155936911,4.6994828027233087e-14,0.0017449203624129387,4.270841326238186e-05,0.4364307492775994,4.486443989271365e-05,0.5795331286556749,9.785839639639238e-05,7.74147976609798e-05,1.9928530635710484e-10,1.9928530635710484e-10,4.638784682419693e-17,0.0,47,1.0,-1.0687439332543986e-29,2.812902619786488,6.230151031724147e-17
low,warm,8,6,line_trial,False,2.0727971559369047,4.9717944902657946e-14,0.0017449203624129307,4.270841326238205e-05,0.4364307492775797,4.4864439892714075e-05,0.5795331286556835,9.785839639639723e-05,7.741479766097938e-05,1.9930008935475279e-10,1.9930008935475279e-10,4.769222762787573e-17,0.0,47,0.5,-1.0687439332543986e-29,2.812902619786488,6.230151031724147e-17
low,warm,9,6,line_trial,False,2.0727971559369047,5.5154528975353514e-14,0.0017449203624129268,4.27084132623829e-05,0.43643074927760134,4.486443989271392e-05,0.5795331286556661,9.785839639639432e-05,7.741479766098144e-05,1.9930351729623624e-10,1.9930351729623624e-10,4.688568839834111e-17,0.0,47,0.25,-1.0687439332543986e-29,2.812902619786488,6.230151031724147e-17
low,warm,10,6,line_trial,False,2.0727971559369474,5.698617422625134e-14,0.0017449203624129248,4.2708413262382714e-05,0.43643074927758646,4.4864439892714203e-05,0.5795331286557247,9.785839639639724e-05,7.741479766097411e-05,1.9929923236937783e-10,1.9929923236937783e-10,4.6996792332712145e-17,0.0,47,0.125,-1.0687439332543986e-29,2.812902619786488,6.230151031724147e-17
low,warm,11,6,line_trial,False,2.072797155936929,5.975234051638096e-14,0.001744920362412924,4.270841326238113e-05,0.4364307492775829,4.486443989271394e-05,0.5795331286557096,9.78583963963944e-05,7.741479766097567e-05,1.9928637758881667e-10,1.9928637758881667e-10,4.797284208017198e-17,0.0,47,0.0625,-1.0687439332543986e-29,2.812902619786488,6.230151031724147e-17
low,warm,12,6,line_trial,False,2.072797155936966,6.137199097606582e-14,0.0017449203624129233,4.270841326238152e-05,0.43643074927761155,4.486443989271385e-05,0.5795331286557125,9.785839639638888e-05,7.741479766097513e-05,1.99296232920578e-10,1.99296232920578e-10,4.64067941921062e-17,0.0,47,0.03125,-1.0687439332543986e-29,2.812902619786488,6.230151031724147e-17
low,warm,13,6,line_trial,False,2.07279715593694,6.046661628088579e-14,0.001744920362412923,4.270841326238252e-05,0.43643074927759534,4.4864439892713526e-05,0.5795331286557097,9.78583963963948e-05,7.741479766097494e-05,1.992943047034961e-10,1.992943047034961e-10,4.7822836297147185e-17,0.0,47,0.015625,-1.0687439332543986e-29,2.812902619786488,6.230151031724147e-17
low,warm,14,6,line_trial,False,2.072797155936885,5.989965653555985e-14,0.001744920362412923,4.270841326238118e-05,0.43643074927759,4.4864439892714325e-05,0.5795331286556539,9.785839639639293e-05,7.741479766098377e-05,1.993035172962381e-10,1.993035172962381e-10,4.7822836297147185e-17,0.0,47,0.0078125,-1.0687439332543986e-29,2.812902619786488,6.230151031724147e-17
low,warm,15,6,line_trial,False,2.0727971559369016,5.940251090781821e-14,0.0017449203624129229,4.270841326238233e-05,0.4364307492775883,4.4864439892713966e-05,0.5795331286556759,9.785839639639594e-05,7.741479766098022e-05,1.992904482693309e-10,1.992904482693309e-10,6.594573849737427e-17,0.0,47,0.00390625,-1.0687439332543986e-29,2.812902619786488,6.230151031724147e-17
low,warm,16,6,line_trial,False,2.0727971559369034,5.993562749676199e-14,0.0017449203624129227,4.270841326238298e-05,0.43643074927757425,4.486443989271409e-05,0.5795331286556907,9.785839639640058e-05,7.741479766097845e-05,1.9928509211076285e-10,1.9928509211076285e-10,4.6950034151898966e-17,0.0,47,0.001953125,-1.0687439332543986e-29,2.812902619786488,6.230151031724147e-17
low,warm,17,6,line_trial,False,2.0727971559369234,6.199117112090011e-14,0.0017449203624129229,4.27084132623826e-05,0.4364307492775966,4.486443989271378e-05,0.5795331286556894,9.78583963963947e-05,7.74147976609781e-05,1.9931765755485363e-10,1.9931765755485363e-10,4.688568839834111e-17,0.0,47,0.0009765625,-1.0687439332543986e-29,2.812902619786488,6.230151031724147e-17
low,warm,18,6,line_trial,False,2.0727971559369225,5.897631347095501e-14,0.0017449203624129229,4.270841326238188e-05,0.436430749277596,4.486443989271409e-05,0.579533128655685,9.785839639639319e-05,7.741479766097922e-05,1.992992323693802e-10,1.992992323693802e-10,6.907760941319658e-17,0.0,47,0.00048828125,-1.0687439332543986e-29,2.812902619786488,6.230151031724147e-17
low,warm,19,6,line_trial,True,2.0727971559369145,5.905892281435181e-14,0.0017449203624129229,4.270841326238255e-05,0.43643074927760545,4.486443989271378e-05,0.5795331286556747,9.785839639639261e-05,7.741479766098006e-05,1.9930523126697702e-10,1.9930523126697702e-10,4.6996792332712145e-17,0.0,47,0.000244140625,-1.0687439332543986e-29,2.812902619786488,6.230151031724147e-17
low,warm,20,7,line_trial,False,2.0727971559368967,4.873307110266734e-14,0.0017449203624129374,4.270841326238129e-05,0.4364307492775872,4.4864439892714224e-05,0.5795331286556746,9.785839639639382e-05,7.741479766098083e-05,1.992923764864158e-10,1.992923764864158e-10,4.7822836297147185e-17,0.0,61,1.0,-1.0604105526634308e-29,2.81290261978647,6.19503048296713e-17
low,warm,21,7,line_trial,False,2.0727971559369105,4.711988095131918e-14,0.00174492036241293,4.270841326238271e-05,0.43643074927756914,4.4864439892713824e-05,0.579533128655701,9.78583963964011e-05,7.741479766097663e-05,1.9932986959638964e-10,1.9932986959638964e-10,7.049518849906822e-17,0.0,61,0.5,-1.0604105526634308e-29,2.81290261978647,6.19503048296713e-17
low,warm,22,7,line_trial,False,2.0727971559369496,5.3021050257004204e-14,0.0017449203624129266,4.2708413262381366e-05,0.43643074927760145,4.486443989271396e-05,0.5795331286557097,9.785839639639079e-05,7.741479766097568e-05,1.9930458852794548e-10,1.9930458852794548e-10,4.866922569120658e-17,0.0,61,0.25,-1.0604105526634308e-29,2.81290261978647,6.19503048296713e-17
low,warm,23,7,line_trial,False,2.0727971559368865,5.469371091236437e-14,0.0017449203624129246,4.270841326238133e-05,0.4364307492775818,4.4864439892713506e-05,0.5795331286556662,9.785839639639512e-05,7.741479766098073e-05,1.9928766306687705e-10,1.9928766306687705e-10,9.144826324104355e-17,0.0,61,0.125,-1.0604105526634308e-29,2.81290261978647,6.19503048296713e-17
low,warm,24,7,line_trial,False,2.0727971559369154,6.168809948439511e-14,0.0017449203624129235,4.270841326238211e-05,0.436430749277595,4.4864439892713865e-05,0.5795331286556836,9.785839639639394e-05,7.7414797660979e-05,1.9929837538401004e-10,1.9929837538401004e-10,4.796330349306412e-17,0.0,61,0.0625,-1.0604105526634308e-29,2.81290261978647,6.19503048296713e-17
low,warm,25,7,line_trial,False,2.0727971559369083,6.002874306354998e-14,0.0017449203624129233,4.270841326238237e-05,0.43643074927757713,4.486443989271422e-05,0.5795331286556857,9.785839639639854e-05,7.741479766097934e-05,1.9930201757183688e-10,1.9930201757183688e-10,5.55780479823728e-17,0.0,61,0.03125,-1.0604105526634308e-29,2.81290261978647,6.19503048296713e-17
low,warm,26,7,line_trial,False,2.0727971559369442,6.04760217136887e-14,0.001744920362412923,4.270841326238275e-05,0.43643074927760117,4.486443989271392e-05,0.5795331286557011,9.785839639639402e-05,7.741479766097678e-05,1.993018033254907e-10,1.993018033254907e-10,4.8368710655291817e-17,0.0,61,0.015625,-1.0604105526634308e-29,2.81290261978647,6.19503048296713e-17
low,warm,27,7,line_trial,False,2.072797155936895,6.170758677423572e-14,0.0017449203624129229,4.270841326238201e-05,0.43643074927759323,4.486443989271345e-05,0.5795331286556574,9.785839639639411e-05,7.74147976609818e-05,1.9931144441091762e-10,1.9931144441091762e-10,4.7607846758921975e-17,0.0,61,0.0078125,-1.0604105526634308e-29,2.81290261978647,6.19503048296713e-17
low,warm,28,7,line_trial,False,2.0727971559368927,5.976138001629284e-14,0.0017449203624129229,4.270841326238293e-05,0.43643074927760145,4.486443989271367e-05,0.5795331286556492,9.785839639639437e-05,7.741479766098327e-05,1.9931315838165957e-10,1.9931315838165957e-10,4.6856653446848024e-17,0.0,61,0.00390625,-1.0604105526634308e-29,2.81290261978647,6.19503048296713e-17
low,warm,29,7,line_trial,False,2.072797155936928,6.000155915134998e-14,0.0017449203624129229,4.270841326238246e-05,0.4364307492776151,4.4864439892713885e-05,0.5795331286556747,9.785839639639022e-05,7.741479766098024e-05,1.993060882523466e-10,1.993060882523466e-10,4.801478310296066e-17,0.0,61,0.001953125,-1.0604105526634308e-29,2.81290261978647,6.19503048296713e-17
low,warm,30,7,line_trial,False,2.072797155936906,6.134302859058903e-14,0.0017449203624129229,4.270841326238307e-05,0.43643074927759795,4.486443989271402e-05,0.579533128655666,9.785839639639548e-05,7.741479766098163e-05,1.9928744882053245e-10,1.9928744882053245e-10,4.796330349306412e-17,0.0,61,0.0009765625,-1.0604105526634308e-29,2.81290261978647,6.19503048296713e-17
low,warm,31,7,line_trial,True,2.0727971559368994,6.133597588134368e-14,0.0017449203624129229,4.2708413262381095e-05,0.4364307492775838,4.4864439892713966e-05,0.5795331286556746,9.785839639639413e-05,7.741479766098039e-05,1.9929109100835926e-10,1.9929109100835926e-10,4.732710379647356e-17,0.0,61,0.00048828125,-1.0604105526634308e-29,2.81290261978647,6.19503048296713e-17
low,warm,32,8,line_trial,False,2.072797155936909,4.9396074158812944e-14,0.001744920362412946,4.270841326238186e-05,0.436430749277586,4.486443989271433e-05,0.5795331286556835,9.785839639639539e-05,7.741479766097983e-05,1.993133726280007e-10,1.993133726280007e-10,4.866922569120658e-17,0.0,75,1.0,-1.0454864260488215e-29,2.8129026197864544,6.258773939109001e-17
low,warm,33,8,line_trial,False,2.0727971559368936,4.872627823175397e-14,0.0017449203624129344,4.2708413262381955e-05,0.43643074927758313,4.486443989271409e-05,0.5795331286556743,9.785839639639624e-05,7.741479766098064e-05,1.992923764864161e-10,1.992923764864161e-10,4.699424213212208e-17,0.0,75,0.5,-1.0454864260488215e-29,2.8129026197864544,6.258773939109001e-17
low,warm,34,8,line_trial,False,2.072797155936929,5.405426248194284e-14,0.0017449203624129285,4.2708413262381725e-05,0.43643074927757636,4.4864439892713384e-05,0.5795331286557095,9.785839639639724e-05,7.741479766097472e-05,1.9930780222308817e-10,1.9930780222308817e-10,6.806159335953472e-17,0.0,75,0.25,-1.0454864260488215e-29,2.8129026197864544,6.258773939109001e-17
low,warm,35,8,line_trial,False,2.0727971559369136,5.687686353844482e-14,0.0017449203624129257,4.2708413262382186e-05,0.4364307492775841,4.486443989271455e-05,0.5795331286556921,9.785839639639657e-05,7.741479766097906e-05,1.9928937703761615e-10,1.9928937703761615e-10,4.708751342599005e-17,0.0,75,0.125,-1.0454864260488215e-29,2.8129026197864544,6.258773939109001e-17
low,warm,36,8,line_trial,False,2.0727971559368807,5.983852980901415e-14,0.0017449203624129244,4.270841326238211e-05,0.43643074927759395,4.486443989271437e-05,0.5795331286556484,9.785839639639418e-05,7.741479766098459e-05,1.993018033254968e-10,1.993018033254968e-10,4.6299385478488767e-17,0.0,75,0.0625,-1.0454864260488215e-29,2.8129026197864544,6.258773939109001e-17
low,warm,37,8,line_trial,False,2.0727971559369385,6.07029762723258e-14,0.0017449203624129235,4.270841326238095e-05,0.4364307492776015,4.486443989271418e-05,0.579533128655701,9.785839639638983e-05,7.741479766097724e-05,1.9929559018155252e-10,1.9929559018155252e-10,4.770213730046128e-17,0.0,75,0.03125,-1.0454864260488215e-29,2.8129026197864544,6.258773939109001e-17
low,warm,38,8,line_trial,False,2.0727971559368834,6.207186569349531e-14,0.001744920362412923,4.270841326238212e-05,0.4364307492775814,4.486443989271442e-05,0.5795331286556661,9.7858396396397e-05,7.741479766098231e-05,1.9930994468651974e-10,1.9930994468651974e-10,4.796330349306412e-17,0.0,75,0.015625,-1.0454864260488215e-29,2.8129026197864544,6.258773939109001e-17
low,warm,39,8,line_trial,False,2.0727971559369003,6.071475811490469e-14,0.001744920362412923,4.270841326238126e-05,0.43643074927757985,4.48644398927142e-05,0.5795331286556835,9.785839639639539e-05,7.74147976609796e-05,1.9930308880355121e-10,1.9930308880355121e-10,4.822907469236379e-17,0.0,75,0.0078125,-1.0454864260488215e-29,2.8129026197864544,6.258773939109001e-17
low,warm,40,8,line_trial,False,2.0727971559369203,6.025552882245507e-14,0.0017449203624129229,4.270841326238211e-05,0.43643074927758657,4.486443989271374e-05,0.5795331286556984,9.785839639639583e-05,7.741479766097682e-05,1.993071594840609e-10,1.993071594840609e-10,4.796330349306412e-17,0.0,75,0.00390625,-1.0454864260488215e-29,2.8129026197864544,6.258773939109001e-17
low,warm,41,8,line_trial,False,2.0727971559369047,6.140933925032233e-14,0.0017449203624129227,4.270841326238185e-05,0.4364307492775874,4.486443989271364e-05,0.5795331286556833,9.785839639639503e-05,7.741479766097867e-05,1.9930844496211868e-10,1.9930844496211868e-10,6.826822405679137e-17,0.0,75,0.001953125,-1.0454864260488215e-29,2.8129026197864544,6.258773939109001e-17
low,warm,42,8,line_trial,False,2.072797155936898,6.043706664440608e-14,0.0017449203624129229,4.2708413262382125e-05,0.43643074927757974,4.4864439892713295e-05,0.5795331286556835,9.785839639639739e-05,7.741479766097804e-05,1.9929194799373023e-10,1.9929194799373023e-10,9.144826324104355e-17,0.0,75,0.0009765625,-1.0454864260488215e-29,2.8129026197864544,6.258773939109001e-17
low,warm,43,8,line_trial,False,2.07279715593693,6.203445900072901e-14,0.0017449203624129229,4.2708413262382375e-05,0.43643074927760245,4.486443989271399e-05,0.5795331286556924,9.785839639639288e-05,7.741479766097806e-05,1.9930180332549207e-10,1.9930180332549207e-10,4.5724131620521775e-17,0.0,75,0.00048828125,-1.0454864260488215e-29,2.8129026197864544,6.258773939109001e-17
low,warm,44,8,line_trial,False,2.0727971559368594,6.112895863417938e-14,0.0017449203624129229,4.270841326238234e-05,0.43643074927757436,4.486443989271457e-05,0.5795331286556484,9.78583963963991e-05,7.741479766098493e-05,1.9930458852795416e-10,1.9930458852795416e-10,4.626818674388284e-17,0.0,75,0.000244140625,-1.0454864260488215e-29,2.8129026197864544,6.258773939109001e-17
low,warm,45,8,line_trial,False,2.072797155936916,6.176908757726946e-14,0.0017449203624129229,4.2708413262382714e-05,0.4364307492775874,4.48644398927139e-05,0.5795331286556922,9.785839639639703e-05,7.741479766097793e-05,1.992913052547004e-10,1.992913052547004e-10,9.144826324104355e-17,0.0,75,0.0001220703125,-1.0454864260488215e-29,2.8129026197864544,6.258773939109001e-17
low,warm,46,8,line_trial,False,2.0727971559368887,6.21582813551736e-14,0.0017449203624129229,4.270841326238195e-05,0.4364307492776035,4.486443989271408e-05,0.5795331286556487,9.785839639639166e-05,7.741479766098406e-05,1.993039457889232e-10,1.993039457889232e-10,9.277569364839386e-17,0.0,75,6.103515625e-05,-1.0454864260488215e-29,2.8129026197864544,6.258773939109001e-17
low,warm,47,8,line_trial,False,2.072797155936893,6.121207424414241e-14,0.0017449203624129229,4.270841326238197e-05,0.4364307492775806,4.4864439892713966e-05,0.5795331286556746,9.785839639639685e-05,7.741479766098039e-05,1.9930608825234993e-10,1.9930608825234993e-10,4.6264455574630724e-17,0.0,75,3.0517578125e-05,-1.0454864260488215e-29,2.8129026197864544,6.258773939109001e-17
low,warm,48,8,line_trial,False,2.0727971559368994,6.133597588134368e-14,0.0017449203624129229,4.2708413262381095e-05,0.4364307492775838,4.4864439892713966e-05,0.5795331286556746,9.785839639639413e-05,7.741479766098039e-05,1.9929109100835926e-10,1.9929109100835926e-10,4.732710379647356e-17,0.0,75,1.52587890625e-05,-1.0454864260488215e-29,2.8129026197864544,6.258773939109001e-17
low,warm,49,8,line_trial,False,2.0727971559368994,6.133597588134368e-14,0.0017449203624129229,4.2708413262381095e-05,0.4364307492775838,4.4864439892713966e-05,0.5795331286556746,9.785839639639413e-05,7.741479766098039e-05,1.9929109100835926e-10,1.9929109100835926e-10,4.732710379647356e-17,0.0,75,7.62939453125e-06,-1.0454864260488215e-29,2.8129026197864544,6.258773939109001e-17
low,warm,50,8,line_trial,False,2.0727971559368994,6.133597588134368e-14,0.0017449203624129229,4.2708413262381095e-05,0.4364307492775838,4.4864439892713966e-05,0.5795331286556746,9.785839639639413e-05,7.741479766098039e-05,1.9929109100835926e-10,1.9929109100835926e-10,4.732710379647356e-17,0.0,75,3.814697265625e-06,-1.0454864260488215e-29,2.8129026197864544,6.258773939109001e-17
low,warm,51,8,line_trial,False,2.0727971559368994,6.133597588134368e-14,0.0017449203624129229,4.2708413262381095e-05,0.4364307492775838,4.4864439892713966e-05,0.5795331286556746,9.785839639639413e-05,7.741479766098039e-05,1.9929109100835926e-10,1.9929109100835926e-10,4.732710379647356e-17,0.0,75,1.9073486328125e-06,-1.0454864260488215e-29,2.8129026197864544,6.258773939109001e-17
low,warm,52,8,line_trial,False,2.0727971559368994,6.133597588134368e-14,0.0017449203624129229,4.2708413262381095e-05,0.4364307492775838,4.4864439892713966e-05,0.5795331286556746,9.785839639639413e-05,7.741479766098039e-05,1.9929109100835926e-10,1.9929109100835926e-10,4.732710379647356e-17,0.0,75,9.5367431640625e-07,-1.0454864260488215e-29,2.8129026197864544,6.258773939109001e-17
low,warm,53,8,line_trial,False,2.0727971559368994,6.133597588134368e-14,0.0017449203624129229,4.2708413262381095e-05,0.4364307492775838,4.4864439892713966e-05,0.5795331286556746,9.785839639639413e-05,7.741479766098039e-05,1.9929109100835926e-10,1.9929109100835926e-10,4.732710379647356e-17,0.0,75,4.76837158203125e-07,-1.0454864260488215e-29,2.8129026197864544,6.258773939109001e-17
low,warm,54,8,line_trial,False,2.0727971559368994,6.133597588134368e-14,0.0017449203624129229,4.2708413262381095e-05,0.4364307492775838,4.4864439892713966e-05,0.5795331286556746,9.785839639639413e-05,7.741479766098039e-05,1.9929109100835926e-10,1.9929109100835926e-10,4.732710379647356e-17,0.0,75,2.384185791015625e-07,-1.0454864260488215e-29,2.8129026197864544,6.258773939109001e-17
low,warm,55,8,line_trial,False,2.0727971559368994,6.133597588134368e-14,0.0017449203624129229,4.2708413262381095e-05,0.4364307492775838,4.4864439892713966e-05,0.5795331286556746,9.785839639639413e-05,7.741479766098039e-05,1.9929109100835926e-10,1.9929109100835926e-10,4.732710379647356e-17,0.0,75,1.1920928955078125e-07,-1.0454864260488215e-29,2.8129026197864544,6.258773939109001e-17
low,beta,0,0,initial,,2.0731408688097073,0.451417697106005,0.0,4.12892113393529e-05,0.4364348353052555,4.4768106589761556e-05,0.579529705053767,9.460567305649192e-05,7.72490283058193e-05,0.07199595501286411,0.07199595501286411,4.6781568689715613e-17,0.0,0,,,,
low,beta,1,0,line_trial,True,2.072797861294023,0.01799140333924124,0.0016210801661364876,4.273538839532926e-05,0.43643059655566124,4.486208096981958e-05,0.5795332464804281,9.792023916883861e-05,7.741071153772824e-05,0.010157623001781874,0.010157623001781874,4.644308860588462e-17,0.0,3,1.0,-0.0009339335523832099,2.8133689641425215,0.000659445755812366
low,beta,2,1,line_trial,True,2.072797159736167,0.0013691246795996515,0.001625446064307431,4.270501816329073e-05,0.43643075809032594,4.486140561445449e-05,0.579533121476198,9.785061518155482e-05,7.740956289121604e-05,0.0006926331443168896,0.0006926331443168896,6.834014864546415e-17,0.0,6,1.0,-1.9025978231831766e-06,2.812903576805612,3.640022926435417e-05
low,beta,3,2,line_trial,True,2.072797155939317,3.6199231004675895e-05,0.0016292670985266768,4.270846547492163e-05,0.43643074913390456,4.486449083869782e-05,0.5795331287512788,9.785851606394932e-05,7.741488555687477e-05,1.0888596677967748e-05,1.0888596677967748e-05,7.173425444572077e-17,0.0,10,1.0,-1.0304123607675482e-08,2.812902624941295,2.569889515568673e-06
low,beta,4,3,line_trial,True,2.072797155936957,3.477142833786745e-07,0.0016292850356238351,4.270841299146741e-05,0.4364307492782475,4.4864439949465865e-05,0.5795331286551761,9.785839577549693e-05,7.74147977589739e-05,1.0918426530929177e-07,1.0918426530929177e-07,4.793214915132911e-17,0.0,15,1.0,-6.455017180034742e-12,2.8129026197897065,5.950097456308583e-08
low,beta,5,4,line_trial,True,2.0727971559369043,3.3946656971463653e-10,0.0016292855575002665,4.2708413262994346e-05,0.4364307492775926,4.486443989273404e-05,0.5795331286556745,9.78583963977973e-05,7.741479766101504e-05,3.9200567628073014e-10,3.9200567628073014e-10,4.702797725470627e-17,0.0,22,1.0,-6.207254658726379e-16,2.81290261978655,5.908902980465299e-10
low,beta,6,5,line_trial,False,2.072797155936917,5.94451685961798e-14,0.0016292855579057356,4.2708413262382856e-05,0.43643074927758246,4.486443989271437e-05,0.5795331286556923,9.785839639639846e-05,7.741479766097873e-05,1.99297518398639e-10,1.99297518398639e-10,4.6299385478488767e-17,0.0,33,1.0,-7.603832703752518e-22,2.812902619786512,7.389133292763066e-13
low,beta,7,5,line_trial,True,2.0727971559368505,1.6973566555657863e-10,0.0016292855577030012,4.2708413262687904e-05,0.4364307492775733,4.4864439892722626e-05,0.5795331286556464,9.785839639709947e-05,7.74147976609991e-05,2.9566145267145774e-10,2.9566145267145774e-10,4.714234389868019e-17,0.0,33,0.5,-7.603832703752518e-22,2.812902619786512,7.389133292763066e-13
low,beta,8,6,line_trial,True,2.0727971559369367,9.411007247352094e-14,0.0016292855579057419,4.270841326238225e-05,0.43643074927759334,4.4864439892713695e-05,0.579533128655706,9.785839639639464e-05,7.741479766097572e-05,1.9928959128395665e-10,1.9928959128395665e-10,6.95817702362954e-17,0.0,44,1.0,-1.9010485159999954e-22,2.8129026197865046,3.6946767033960794e-13
low,beta,9,7,line_trial,False,2.0727971559368923,5.0780711880042646e-14,0.0016292855579057536,4.270841326238166e-05,0.4364307492775906,4.486443989271342e-05,0.5795331286556661,9.785839639639388e-05,7.741479766098058e-05,1.9929387621081523e-10,1.9929387621081523e-10,4.732710379647356e-17,0.0,58,1.0,-2.924081136797757e-29,2.81290261978646,9.544771880096715e-17
low,beta,10,7,line_trial,False,2.0727971559368883,6.185329706770922e-14,0.001629285557905748,4.270841326238103e-05,0.436430749277592,4.486443989271374e-05,0.5795331286556573,9.785839639639213e-05,7.741479766098231e-05,1.9934229588426928e-10,1.9934229588426928e-10,4.720431879373469e-17,0.0,58,0.5,-2.924081136797757e-29,2.81290261978646,9.544771880096715e-17
low,beta,11,7,line_trial,False,2.072797155936908,7.893125477419214e-14,0.0016292855579057449,4.270841326238245e-05,0.4364307492775832,4.4864439892714454e-05,0.5795331286556828,9.785839639639737e-05,7.741479766098013e-05,1.992960186742409e-10,1.992960186742409e-10,7.173425444572077e-17,0.0,58,0.25,-2.924081136797757e-29,2.81290261978646,9.544771880096715e-17
low,beta,12,7,line_trial,False,2.072797155936901,8.645532270139626e-14,0.0016292855579057434,4.270841326238106e-05,0.43643074927758996,4.4864439892713336e-05,0.5795331286556747,9.785839639639266e-05,7.741479766097929e-05,1.99303945788922e-10,1.99303945788922e-10,6.944907821773314e-17,0.0,58,0.125,-2.924081136797757e-29,2.81290261978646,9.544771880096715e-17
low,beta,13,7,line_trial,False,2.072797155936938,9.063231711229094e-14,0.0016292855579057427,4.270841326238214e-05,0.4364307492775986,4.486443989271383e-05,0.5795331286556911,9.785839639639319e-05,7.741479766097796e-05,1.9930373154257575e-10,1.9930373154257575e-10,4.7822836297147185e-17,0.0,58,0.0625,-2.924081136797757e-29,2.81290261978646,9.544771880096715e-17
low,beta,14,7,line_trial,False,2.072797155936915,9.31918607931479e-14,0.0016292855579057425,4.270841326238193e-05,0.4364307492775872,4.486443989271418e-05,0.5795331286556922,9.785839639639528e-05,7.741479766097842e-05,1.9928166416927829e-10,1.9928166416927829e-10,4.7822836297147185e-17,0.0,58,0.03125,-2.924081136797757e-29,2.81290261978646,9.544771880096715e-17
low,beta,15,7,line_trial,False,2.072797155936866,9.37009176802338e-14,0.001629285557905742,4.27084132623823e-05,0.43643074927757075,4.486443989271375e-05,0.5795331286556574,9.785839639639982e-05,7.741479766098231e-05,1.9929666141327306e-10,1.9929666141327306e-10,9.144826324104355e-17,0.0,58,0.015625,-2.924081136797757e-29,2.81290261978646,9.544771880096715e-17
low,beta,16,7,line_trial,False,2.0727971559369385,9.255039972870223e-14,0.001629285557905742,4.2708413262381705e-05,0.4364307492776118,4.486443989271358e-05,0.5795331286556833,9.785839639638925e-05,7.741479766097857e-05,1.993123013962843e-10,1.993123013962843e-10,7.194495523959617e-17,0.0,58,0.0078125,-2.924081136797757e-29,2.81290261978646,9.544771880096715e-17
low,beta,17,7,line_trial,False,2.0727971559369127,9.32663177420101e-14,0.0016292855579057419,4.270841326238211e-05,0.436430749277592,4.4864439892713675e-05,0.5795331286556834,9.785839639639461e-05,7.74147976609787e-05,1.9932579891587783e-10,1.9932579891587783e-10,6.812432283936337e-17,0.0,58,0.00390625,-2.924081136797757e-29,2.81290261978646,9.544771880096715e-17
low,beta,18,7,line_trial,False,2.072797155936924,9.392117166640313e-14,0.0016292855579057419,4.270841326238264e-05,0.436430749277592,4.486443989271402e-05,0.5795331286556933,9.785839639639582e-05,7.741479766097799e-05,1.992925907327559e-10,1.992925907327559e-10,6.83016170728954e-17,0.0,58,0.001953125,-2.924081136797757e-29,2.81290261978646,9.544771880096715e-17
low,beta,19,7,line_trial,False,2.0727971559368625,9.191578163960395e-14,0.0016292855579057419,4.270841326238155e-05,0.4364307492775844,4.4864439892713736e-05,0.5795331286556399,9.785839639639503e-05,7.741479766098463e-05,1.9929601867424525e-10,1.9929601867424525e-10,4.6856653446848024e-17,0.0,58,0.0009765625,-2.924081136797757e-29,2.81290261978646,9.544771880096715e-17
low,beta,20,7,line_trial,False,2.072797155936891,9.490172128402921e-14,0.0016292855579057419,4.270841326238289e-05,0.4364307492775711,4.486443989271376e-05,0.5795331286556759,9.785839639640109e-05,7.741479766097987e-05,1.9928959128396107e-10,1.9928959128396107e-10,4.6856653446848024e-17,0.0,58,0.00048828125,-2.924081136797757e-29,2.81290261978646,9.544771880096715e-17
low,beta,21,7,line_trial,False,2.0727971559369003,9.42049454824483e-14,0.0016292855579057419,4.270841326238128e-05,0.43643074927759323,4.486443989271322e-05,0.5795331286556661,9.785839639639243e-05,7.741479766098024e-05,1.993125156426307e-10,1.993125156426307e-10,4.678043466516071e-17,0.0,58,0.000244140625,-2.924081136797757e-29,2.81290261978646,9.544771880096715e-17
low,beta,22,7,line_trial,False,2.072797155936886,9.35239496749679e-14,0.0016292855579057419,4.270841326238167e-05,0.436430749277588,4.4864439892713506e-05,0.5795331286556572,9.78583963963945e-05,7.741479766098192e-05,1.99299018123041e-10,1.99299018123041e-10,4.7893238083464726e-17,0.0,58,0.0001220703125,-2.924081136797757e-29,2.81290261978646,9.544771880096715e-17
low,beta,23,7,line_trial,False,2.072797155936877,9.305268612257212e-14,0.0016292855579057419,4.270841326238148e-05,0.4364307492775682,4.4864439892713844e-05,0.5795331286556749,9.78583963963985e-05,7.741479766098014e-05,1.9929087676201866e-10,1.9929087676201866e-10,6.966463290882693e-17,0.0,58,6.103515625e-05,-2.924081136797757e-29,2.81290261978646,9.544771880096715e-17
low,beta,24,7,line_trial,False,2.0727971559369096,9.38260793854307e-14,0.0016292855579057419,4.270841326238148e-05,0.4364307492775682,4.4864439892713695e-05,0.579533128655706,9.78583963963985e-05,7.741479766097572e-05,1.9928702032784668e-10,1.9928702032784668e-10,6.95817702362954e-17,0.0,58,3.0517578125e-05,-2.924081136797757e-29,2.81290261978646,9.544771880096715e-17
low,beta,25,7,line_trial,False,2.0727971559369367,9.411007247352094e-14,0.0016292855579057419,4.270841326238225e-05,0.43643074927759334,4.4864439892713695e-05,0.579533128655706,9.785839639639464e-05,7.741479766097572e-05,1.9928959128395665e-10,1.9928959128395665e-10,6.95817702362954e-17,0.0,58,1.52587890625e-05,-2.924081136797757e-29,2.81290261978646,9.544771880096715e-17
low,beta,26,7,line_trial,False,2.0727971559369367,9.411007247352094e-14,0.0016292855579057419,4.270841326238225e-05,0.43643074927759334,4.4864439892713695e-05,0.579533128655706,9.785839639639464e-05,7.741479766097572e-05,1.9928959128395665e-10,1.9928959128395665e-10,6.95817702362954e-17,0.0,58,7.62939453125e-06,-2.924081136797757e-29,2.81290261978646,9.544771880096715e-17
low,beta,27,7,line_trial,False,2.0727971559369367,9.411007247352094e-14,0.0016292855579057419,4.270841326238225e-05,0.43643074927759334,4.4864439892713695e-05,0.579533128655706,9.785839639639464e-05,7.741479766097572e-05,1.9928959128395665e-10,1.9928959128395665e-10,6.95817702362954e-17,0.0,58,3.814697265625e-06,-2.924081136797757e-29,2.81290261978646,9.544771880096715e-17
low,beta,28,7,line_trial,False,2.0727971559369367,9.411007247352094e-14,0.0016292855579057419,4.270841326238225e-05,0.43643074927759334,4.4864439892713695e-05,0.579533128655706,9.785839639639464e-05,7.741479766097572e-05,1.9928959128395665e-10,1.9928959128395665e-10,6.95817702362954e-17,0.0,58,1.9073486328125e-06,-2.924081136797757e-29,2.81290261978646,9.544771880096715e-17
low,beta,29,7,line_trial,False,2.0727971559369367,9.411007247352094e-14,0.0016292855579057419,4.270841326238225e-05,0.43643074927759334,4.4864439892713695e-05,0.579533128655706,9.785839639639464e-05,7.741479766097572e-05,1.9928959128395665e-10,1.9928959128395665e-10,6.95817702362954e-17,0.0,58,9.5367431640625e-07,-2.924081136797757e-29,2.81290261978646,9.544771880096715e-17
low,beta,30,7,line_trial,False,2.0727971559369367,9.411007247352094e-14,0.0016292855579057419,4.270841326238225e-05,0.43643074927759334,4.4864439892713695e-05,0.579533128655706,9.785839639639464e-05,7.741479766097572e-05,1.9928959128395665e-10,1.9928959128395665e-10,6.95817702362954e-17,0.0,58,4.76837158203125e-07,-2.924081136797757e-29,2.81290261978646,9.544771880096715e-17
low,beta,31,7,line_trial,False,2.0727971559369367,9.411007247352094e-14,0.0016292855579057419,4.270841326238225e-05,0.43643074927759334,4.4864439892713695e-05,0.579533128655706,9.785839639639464e-05,7.741479766097572e-05,1.9928959128395665e-10,1.9928959128395665e-10,6.95817702362954e-17,0.0,58,2.384185791015625e-07,-2.924081136797757e-29,2.81290261978646,9.544771880096715e-17
low,beta,32,7,line_trial,False,2.0727971559369367,9.411007247352094e-14,0.0016292855579057419,4.270841326238225e-05,0.43643074927759334,4.4864439892713695e-05,0.579533128655706,9.785839639639464e-05,7.741479766097572e-05,1.9928959128395665e-10,1.9928959128395665e-10,6.95817702362954e-17,0.0,58,1.1920928955078125e-07,-2.924081136797757e-29,2.81290261978646,9.544771880096715e-17
low,zero,0,0,initial,,2.0731506916960103,0.45659721883086085,8.066769324274867e-21,4.1198727872852974e-05,0.43643542383759915,4.47353816953809e-05,0.5795292512600098,9.439822164431668e-05,7.7192620731598e-05,0.07264795531346724,0.07264795531346724,6.95817702362954e-17,0.0,0,,,,
low,zero,1,0,line_trial,True,2.072797879552992,0.018067971188761387,0.0016485818779658158,4.2734604817144793e-05,0.43643061396772875,4.4864392316860845e-05,0.5795332330454401,9.791843983773499e-05,7.741470162306138e-05,0.01050647734079114,0.01050647734079114,4.6299385478488767e-17,0.0,3,1.0,-0.0009606862717376798,2.813382291677841,0.0006702254865307282
low,zero,2,1,line_trial,True,2.072797159789393,0.0013724770139841892,0.0016531330057800756,4.2704821665119105e-05,0.4364307581264594,4.486112287865113e-05,0.5795331213289866,9.78501649343996e-05,7.740907504264037e-05,0.0006953311311489462,0.0006953311311489462,6.781657113556896e-17,0.0,6,1.0,-1.951876110350952e-06,2.8129036015791478,3.717243547214572e-05
low,zero,3,2,line_trial,True,2.0727971559393428,3.631339082945529e-05,0.0016569239112791787,4.270846142158554e-05,0.43643074913438246,4.4864489760304424e-05,0.5795331287554164,9.785850677637536e-05,7.741488369552526e-05,1.1091124170372356e-05,1.1091124170372356e-05,6.95817702362954e-17,0.0,10,1.0,-1.0448498615253606e-08,2.8129026250135145,2.594384080665826e-06
low,zero,4,3,line_trial,True,2.0727971559369056,3.471278472021077e-07,0.0016569437954306095,4.2708413021991105e-05,0.4364307492776767,4.486443990171133e-05,0.5795331286555602,9.785839584556428e-05,7.741479767652088e-05,1.1268188120311394e-07,1.1268188120311394e-07,6.944907821773314e-17,0.0,15,1.0,-6.501990388885127e-12,2.812902619789747,5.970662096505772e-08
low,zero,5,4,line_trial,True,2.0727971559368927,1.2405829076001057e-10,0.0016569443001314245,4.2708413262358706e-05,0.43643074927760106,4.486443989275919e-05,0.5795331286556566,9.785839639633895e-05,7.741479766106082e-05,2.3116173421165317e-10,2.3116173421165317e-10,4.6996792332712145e-17,0.0,23,1.0,-6.303209582833458e-16,2.812902619786557,6.028983952137668e-10
low,zero,6,5,line_trial,True,2.072797155936889,5.035011600415887e-14,0.001656944300297943,4.270841326238192e-05,0.43643074927757236,4.486443989271309e-05,0.579533128655675,9.785839639639859e-05,7.741479766097883e-05,1.992945189498437e-10,1.992945189498437e-10,5.837668029660035e-17,0.0,34,1.0,-7.698307506700423e-23,2.8129026197865534,2.0565096204302799e-13
low,zero,7,6,line_trial,False,2.0727971559368914,5.3330165931537817e-14,0.0016569443002979248,4.2708413262381786e-05,0.43643074927759984,4.486443989271403e-05,0.5795331286556503,9.785839639639211e-05,7.741479766098373e-05,1.9929301922544447e-10,1.9929301922544447e-10,4.796330349306412e-17,0.0,48,1.0,-1.2201084758905038e-29,2.81290261978651,6.806558130766617e-17
low,zero,8,6,line_trial,True,2.072797155936978,4.108603206565397e-14,0.001656944300297934,4.2708413262382206e-05,0.4364307492776168,4.4864439892713384e-05,0.5795331286557184,9.785839639638926e-05,7.741479766097354e-05,1.9929087676200897e-10,1.9929087676200897e-10,4.7822836297147185e-17,0.0,48,0.5,-1.2201084758905038e-29,2.81290261978651,6.806558130766617e-17
low,zero,9,7,line_trial,False,2.072797155936913,5.141629420608467e-14,0.0016569443002979354,4.2708413262381935e-05,0.43643074927758324,4.486443989271408e-05,0.5795331286556896,9.785839639639617e-05,7.741479766097858e-05,1.9929130525470063e-10,1.9929130525470063e-10,4.699424213212208e-17,0.0,62,1.0,-3.5833226058104384e-30,2.8129026197864397,3.561990626743388e-17
low,zero,10,7,line_trial,False,2.0727971559369287,4.2402266273004467e-14,0.0016569443002979348,4.2708413262380966e-05,0.4364307492775943,4.4864439892714346e-05,0.5795331286556951,9.785839639639148e-05,7.741479766097831e-05,1.9931208714994254e-10,1.9931208714994254e-10,4.796330349306412e-17,0.0,62,0.5,-3.5833226058104384e-30,2.8129026197864397,3.561990626743388e-17
low,zero,11,7,line_trial,False,2.0727971559369487,4.152537496736658e-14,0.0016569443002979341,4.270841326238244e-05,0.4364307492776042,4.4864439892713655e-05,0.5795331286557097,9.785839639639264e-05,7.741479766097517e-05,1.9929730415229325e-10,1.9929730415229325e-10,6.889888536181542e-17,0.0,62,0.25,-3.5833226058104384e-30,2.8129026197864397,3.561990626743388e-17
low,zero,12,7,line_trial,False,2.072797155936893,4.155699900980577e-14,0.0016569443002979341,4.270841326238239e-05,0.43643074927759046,4.486443989271312e-05,0.5795331286556661,9.78583963963956e-05,7.741479766098006e-05,1.9930351729623735e-10,1.9930351729623735e-10,4.6299385478488767e-17,0.0,62,0.125,-3.5833226058104384e-30,2.8129026197864397,3.561990626743388e-17
low,zero,13,7,line_trial,False,2.0727971559369,4.1839831973726394e-14,0.001656944300297934,4.270841326238229e-05,0.43643074927759784,4.486443989271345e-05,0.5795331286556626,9.78583963963937e-05,7.74147976609811e-05,1.992923764864155e-10,1.992923764864155e-10,4.6996792332712145e-17,0.0,62,0.0625,-3.5833226058104384e-30,2.8129026197864397,3.561990626743388e-17
low,zero,14,7,line_trial,False,2.072797155936913,4.3910953897277945e-14,0.001656944300297934,4.270841326238222e-05,0.43643074927758935,4.486443989271402e-05,0.579533128655685,9.785839639639545e-05,7.74147976609791e-05,1.993035172962354e-10,1.993035172962354e-10,4.796330349306412e-17,0.0,62,0.03125,-3.5833226058104384e-30,2.8129026197864397,3.561990626743388e-17
low,zero,15,7,line_trial,False,2.0727971559368843,4.4159167368094176e-14,0.001656944300297934,4.270841326238246e-05,0.4364307492775785,4.486443989271343e-05,0.579533128655666,9.785839639639844e-05,7.741479766098062e-05,1.9929023402298984e-10,1.9929023402298984e-10,6.808404638415264e-17,0.0,62,0.015625,-3.5833226058104384e-30,2.8129026197864397,3.561990626743388e-17
low,zero,16,7,line_trial,False,2.0727971559369185,4.3184931396691487e-14,0.001656944300297934,4.270841326238306e-05,0.43643074927758585,4.486443989271299e-05,0.5795331286556834,9.785839639639817e-05,7.741479766097753e-05,1.9930030360109419e-10,1.9930030360109419e-10,4.638323761721888e-17,0.0,62,0.0078125,-3.5833226058104384e-30,2.8129026197864397,3.561990626743388e-17
low,zero,17,7,line_trial,False,2.0727971559369043,4.225957234368371e-14,0.001656944300297934,4.270841326238304e-05,0.43643074927760755,4.4864439892713445e-05,0.5795331286556574,9.785839639639326e-05,7.741479766098178e-05,1.9928209266196475e-10,1.9928209266196475e-10,4.626514858638501e-17,0.0,62,0.00390625,-3.5833226058104384e-30,2.8129026197864397,3.561990626743388e-17
low,zero,18,7,line_trial,False,2.0727971559368754,4.2388085722152897e-14,0.001656944300297934,4.270841326238192e-05,0.4364307492775805,4.486443989271348e-05,0.5795331286556574,9.785839639639676e-05,7.741479766098185e-05,1.9928830580590627e-10,1.9928830580590627e-10,4.7796758842153134e-17,0.0,62,0.001953125,-3.5833226058104384e-30,2.8129026197864397,3.561990626743388e-17
low,zero,19,7,line_trial,False,2.072797155936908,4.11074471753314e-14,0.001656944300297934,4.2708413262383324e-05,0.4364307492776014,4.486443989271331e-05,0.579533128655666,9.785839639639529e-05,7.741479766098041e-05,1.9931315838165812e-10,1.9931315838165812e-10,9.144826324104355e-17,0.0,62,0.0009765625,-3.5833226058104384e-30,2.8129026197864397,3.561990626743388e-17
low,zero,20,7,line_trial,False,2.0727971559369065,4.234983321818909e-14,0.001656944300297934,4.270841326238235e-05,0.43643074927759407,4.4864439892713356e-05,0.5795331286556747,9.78583963963947e-05,7.741479766097932e-05,1.9928809155956055e-10,1.9928809155956055e-10,6.594573849737427e-17,0.0,62,0.00048828125,-3.5833226058104384e-30,2.8129026197864397,3.561990626743388e-17
low,zero,21,7,line_trial,False,2.072797155936885,4.14170164213163e-14,0.001656944300297934,4.270841326238089e-05,0.43643074927757014,4.486443989271376e-05,0.579533128655675,9.785839639639673e-05,7.741479766098e-05,1.9929301922544506e-10,1.9929301922544506e-10,4.6856653446848024e-17,0.0,62,0.000244140625,-3.5833226058104384e-30,2.8129026197864397,3.561990626743388e-17
low,zero,22,7,line_trial,False,2.072797155936927,4.197154634700435e-14,0.001656944300297934,4.270841326238227e-05,0.4364307492775876,4.486443989271373e-05,0.5795331286557011,9.785839639639596e-05,7.741479766097644e-05,1.9930008935475064e-10,1.9930008935475064e-10,4.6856653446848024e-17,0.0,62,0.0001220703125,-3.5833226058104384e-30,2.8129026197864397,3.561990626743388e-17
low,zero,23,7,line_trial,False,2.0727971559368745,4.123604148587535e-14,0.001656944300297934,4.270841326238156e-05,0.4364307492775758,4.48644398927134e-05,0.5795331286556573,9.785839639639699e-05,7.741479766098171e-05,1.992906625156762e-10,1.992906625156762e-10,4.866922569120658e-17,0.0,62,6.103515625e-05,-3.5833226058104384e-30,2.8129026197864397,3.561990626743388e-17
low,zero,24,7,line_trial,False,2.07279715593688,4.100377374928829e-14,0.001656944300297934,4.270841326238156e-05,0.4364307492775758,4.486443989271335e-05,0.5795331286556623,9.785839639639699e-05,7.741479766098097e-05,1.992880915595631e-10,1.992880915595631e-10,4.6996792332712145e-17,0.0,62,3.0517578125e-05,-3.5833226058104384e-30,2.8129026197864397,3.561990626743388e-17
low,zero,25,7,line_trial,False,2.07279715593688,4.100377374928829e-14,0.001656944300297934,4.270841326238156e-05,0.4364307492775758,4.486443989271335e-05,0.5795331286556623,9.785839639639699e-05,7.741479766098097e-05,1.992880915595631e-10,1.992880915595631e-10,4.6996792332712145e-17,0.0,62,1.52587890625e-05,-3.5833226058104384e-30,2.8129026197864397,3.561990626743388e-17
low,zero,26,7,line_trial,False,2.072797155936935,4.136939399631063e-14,0.001656944300297934,4.270841326238156e-05,0.4364307492775758,4.4864439892713384e-05,0.5795331286557184,9.785839639639699e-05,7.741479766097354e-05,1.99296232920581e-10,1.99296232920581e-10,4.801478310296066e-17,0.0,62,7.62939453125e-06,-3.5833226058104384e-30,2.8129026197864397,3.561990626743388e-17
low,zero,27,7,line_trial,False,2.072797155936978,4.108603206565397e-14,0.001656944300297934,4.2708413262382206e-05,0.4364307492776168,4.4864439892713384e-05,0.5795331286557184,9.785839639638926e-05,7.741479766097354e-05,1.9929087676200897e-10,1.9929087676200897e-10,4.7822836297147185e-17,0.0,62,3.814697265625e-06,-3.5833226058104384e-30,2.8129026197864397,3.561990626743388e-17
low,zero,28,7,line_trial,False,2.072797155936978,4.108603206565397e-14,0.001656944300297934,4.2708413262382206e-05,0.4364307492776168,4.4864439892713384e-05,0.5795331286557184,9.785839639638926e-05,7.741479766097354e-05,1.9929087676200897e-10,1.9929087676200897e-10,4.7822836297147185e-17,0.0,62,1.9073486328125e-06,-3.5833226058104384e-30,2.8129026197864397,3.561990626743388e-17
low,zero,29,7,line_trial,False,2.072797155936978,4.108603206565397e-14,0.001656944300297934,4.2708413262382206e-05,0.4364307492776168,4.4864439892713384e-05,0.5795331286557184,9.785839639638926e-05,7.741479766097354e-05,1.9929087676200897e-10,1.9929087676200897e-10,4.7822836297147185e-17,0.0,62,9.5367431640625e-07,-3.5833226058104384e-30,2.8129026197864397,3.561990626743388e-17
low,zero,30,7,line_trial,False,2.072797155936978,4.108603206565397e-14,0.001656944300297934,4.2708413262382206e-05,0.4364307492776168,4.4864439892713384e-05,0.5795331286557184,9.785839639638926e-05,7.741479766097354e-05,1.9929087676200897e-10,1.9929087676200897e-10,4.7822836297147185e-17,0.0,62,4.76837158203125e-07,-3.5833226058104384e-30,2.8129026197864397,3.561990626743388e-17
low,zero,31,7,line_trial,False,2.072797155936978,4.108603206565397e-14,0.001656944300297934,4.2708413262382206e-05,0.4364307492776168,4.4864439892713384e-05,0.5795331286557184,9.785839639638926e-05,7.741479766097354e-05,1.9929087676200897e-10,1.9929087676200897e-10,4.7822836297147185e-17,0.0,62,2.384185791015625e-07,-3.5833226058104384e-30,2.8129026197864397,3.561990626743388e-17
low,zero,32,7,line_trial,False,2.072797155936978,4.108603206565397e-14,0.001656944300297934,4.2708413262382206e-05,0.4364307492776168,4.4864439892713384e-05,0.5795331286557184,9.785839639638926e-05,7.741479766097354e-05,1.9929087676200897e-10,1.9929087676200897e-10,4.7822836297147185e-17,0.0,62,1.1920928955078125e-07,-3.5833226058104384e-30,2.8129026197864397,3.561990626743388e-17
middle,warm,0,0,initial,,4.129951120990754,0.4433581491681614,5.766508769015723e-20,7.319677283541527e-05,1.1313732220889725,6.492522370661366e-05,1.4363044685041955,6.4697282387738e-05,4.52029671495964e-05,0.07683931527821537,0.07683931527821537,6.714773989451452e-17,0.0,0,,,,
middle,warm,1,0,line_trial,True,4.129363610207761,0.030127383544237347,0.002911026389091426,7.523404234297572e-05,1.1313508082272767,6.448712171120442e-05,1.4363238580986746,6.649930489806303e-05,4.4897340768654275e-05,0.014580398178935508,0.014580398178935508,8.707655568006764e-17,0.0,3,1.0,-0.0006436677740176029,2.2508155581925826,0.0004883295255368438
middle,warm,2,1,line_trial,True,4.129359904482477,0.0011969535666844855,0.0029516318034955194,7.522051023093419e-05,1.131350365196687,6.448334597555012e-05,1.4363242522010118,6.648736991202278e-05,4.489469970080666e-05,0.0003542295940298248,0.0003542295940298248,4.924874455503502e-17,0.0,7,1.0,-4.032543748145184e-06,2.2504954298801305,4.980362976467861e-05
middle,warm,3,2,line_trial,True,4.129359899751665,6.452376495122319e-05,0.002954657698413703,7.52205322962904e-05,1.1313503484163865,6.448240750266587e-05,1.4363242669040508,6.648739040172721e-05,4.4894045856132165e-05,2.6568538076951444e-05,2.6568538076951444e-05,6.568321455348871e-17,0.0,11,1.0,-5.156285568337702e-09,2.250493410669587,1.5826181232410792e-06
middle,warm,4,3,line_trial,True,4.129359899737052,5.0907205962769e-07,0.00295462084267164,7.52204077265738e-05,1.1313503496758686,6.44825291380664e-05,1.4363242658878954,6.648728022060047e-05,4.489413057308831e-05,1.9773475323668207e-07,1.9773475323668207e-07,6.881458198416494e-17,0.0,17,1.0,-1.5951312086280106e-11,2.250493408091835,9.330206370292719e-08
middle,warm,5,4,line_trial,False,4.12935989973712,4.560541818901812e-10,0.002954620103359122,7.522040659034412e-05,1.1313503496873059,6.448253002628569e-05,1.4363242658784035,6.648727921561549e-05,4.489413119178247e-05,3.40852048929058e-10,3.40852048929058e-10,8.800390681438988e-17,0.0,26,1.0,-1.1252027105940136e-15,2.2504934080838415,8.081488044927614e-10
middle,warm,6,4,line_trial,True,4.129359899737063,2.545400348618214e-07,0.0029546204730144404,7.522040715846523e-05,1.1313503496815904,6.448252958217173e-05,1.4363242658831186,6.648727971811333e-05,4.489413088243336e-05,9.89283555393284e-08,9.89283555393284e-08,4.529490486375788e-17,0.0,26,0.5,-1.1252027105940136e-15,2.2504934080838415,8.081488044927614e-10
middle,warm,7,5,line_trial,True,4.129359899737116,2.279757347975329e-10,0.0029546201043293223,7.522040659108966e-05,1.1313503496872894,6.448253002633227e-05,1.4363242658784068,6.648727921627543e-05,4.48941311918148e-05,2.7006637632592204e-10,2.7006637632592204e-10,4.623032795987208e-17,0.0,35,1.0,-2.813105300445551e-16,2.2504934080838304,4.0408464908939455e-10
middle,warm,8,6,line_trial,False,4.129359899737048,1.2587800132795067e-13,0.00295462010529848,7.52204065918345e-05,1.131350349687221,6.448253002637909e-05,1.4363242658784152,6.648727921693782e-05,4.4894131191847134e-05,1.992985560802064e-10,1.992985560802064e-10,6.429730241593871e-17,0.0,49,1.0,-1.864044861177505e-22,2.2504934080838233,3.037614166767632e-13
middle,warm,9,6,line_trial,False,4.129359899737068,1.1398375378477716e-10,0.0029546201048139013,7.522040659146305e-05,1.1313503496872335,6.448253002635288e-05,1.4363242658784234,6.648727921660877e-05,4.489413119182863e-05,2.346804228609513e-10,2.346804228609513e-10,6.662574181829045e-17,0.0,49,0.5,-1.864044861177505e-22,2.2504934080838233,3.037614166767632e-13
middle,warm,10,6,line_trial,False,4.129359899737076,1.7098222603765755e-10,0.002954620104571612,7.52204065912769e-05,1.1313503496873036,6.448253002633842e-05,1.436324265878359,6.648727921644009e-05,4.489413119182057e-05,2.523703883524276e-10,2.523703883524276e-10,4.673760488567109e-17,0.0,49,0.25,-1.864044861177505e-22,2.2504934080838233,3.037614166767632e-13
middle,warm,11,6,line_trial,True,4.129359899737094,1.994773911867605e-10,0.002954620104450467,7.522040659118666e-05,1.131350349687254,6.448253002633632e-05,1.4363242658784245,6.648727921636326e-05,4.489413119181706e-05,2.6120730527403047e-10,2.6120730527403047e-10,8.707655568006764e-17,0.0,49,0.125,-1.864044861177505e-22,2.2504934080838233,3.037614166767632e-13
middle,warm,12,7,line_trial,False,4.129359899737049,1.0652911073736692e-13,0.002954620105298454,7.522040659183183e-05,1.1313503496872725,6.448253002637664e-05,1.4363242658783641,6.648727921693243e-05,4.489413119184702e-05,1.993155480830494e-10,1.993155480830494e-10,4.673760488567109e-17,0.0,63,1.0,-1.4271569734881345e-22,2.2504934080838157,2.6579047362582207e-13
middle,warm,13,7,line_trial,True,4.129359899737152,9.973963107030142e-11,0.0029546201048744605,7.522040659150641e-05,1.131350349687319,6.448253002635123e-05,1.436324265878423,6.648727921664206e-05,4.489413119182749e-05,2.3025432875329738e-10,2.3025432875329738e-10,4.587638798944329e-17,0.0,63,0.5,-1.4271569734881345e-22,2.2504934080838157,2.6579047362582207e-13
middle,warm,14,8,line_trial,True,4.129359899736986,1.0662980012454231e-13,0.0029546201052985045,7.522040659183209e-05,1.1313503496872042,6.448253002637499e-05,1.4363242658783637,6.648727921693667e-05,4.489413119184588e-05,1.993073747145963e-10,1.993073747145963e-10,8.800390681438988e-17,0.0,77,1.0,-3.568311740559312e-23,2.250493408083804,1.3290741205042002e-13
middle,warm,15,9,line_trial,False,4.129359899737078,8.402020992609063e-14,0.002954620105298534,7.522040659183098e-05,1.1313503496872728,6.448253002637678e-05,1.436324265878402,6.648727921693166e-05,4.4894131191845935e-05,1.9930264276443306e-10,1.9930264276443306e-10,8.800390681438988e-17,0.0,94,1.0,-1.204258612342892e-29,2.250493408083786,5.544416711900586e-17
middle,warm,16,9,line_trial,False,4.129359899736952,9.49239024847612e-14,0.0029546201052985197,7.522040659183208e-05,1.131350349687246,6.448253002637823e-05,1.436324265878296,6.648727921693422e-05,4.489413119185025e-05,1.9931726879220278e-10,1.9931726879220278e-10,4.6658654508363196e-17,0.0,94,0.5,-1.204258612342892e-29,2.250493408083786,5.544416711900586e-17
middle,warm,17,9,line_trial,False,4.129359899737013,1.0653628449300171e-13,0.002954620105298512,7.522040659183017e-05,1.131350349687263,6.44825300263774e-05,1.4363242658783433,6.648727921693152e-05,4.48941311918482e-05,1.9929145815496988e-10,1.9929145815496988e-10,4.862107671560322e-17,0.0,94,0.25,-1.204258612342892e-29,2.250493408083786,5.544416711900586e-17
middle,warm,18,9,line_trial,False,4.129359899737117,1.0955692528064307e-13,0.0029546201052985084,7.52204065918318e-05,1.1313503496872896,6.448253002637718e-05,1.4363242658784094,6.64872792169314e-05,4.489413119184598e-05,1.993247968947202e-10,1.993247968947202e-10,8.986141319275398e-17,0.0,94,0.125,-1.204258612342892e-29,2.250493408083786,5.544416711900586e-17
middle,warm,19,9,line_trial,False,4.12935989973701,1.1036862120416141e-13,0.0029546201052985067,7.522040659183219e-05,1.1313503496872306,6.448253002637545e-05,1.4363242658783644,6.64872792169352e-05,4.4894131191846185e-05,1.9934867173416307e-10,1.9934867173416307e-10,4.664164278595036e-17,0.0,94,0.0625,-1.204258612342892e-29,2.250493408083786,5.544416711900586e-17
middle,warm,20,9,line_trial,False,4.129359899737006,1.0648596625688156e-13,0.002954620105298506,7.522040659183304e-05,1.131350349687228,6.448253002637486e-05,1.4363242658783655,6.648727921693611e-05,4.4894131191845745e-05,1.992968353710598e-10,1.992968353710598e-10,4.862107671560322e-17,0.0,94,0.03125,-1.204258612342892e-29,2.250493408083786,5.544416711900586e-17
middle,warm,21,9,line_trial,False,4.129359899737193,1.0810972017230914e-13,0.0029546201052985054,7.522040659183097e-05,1.1313503496872812,6.44825300263751e-05,1.4363242658785007,6.648727921693115e-05,4.489413119184168e-05,1.9932630251522162e-10,1.9932630251522162e-10,4.586495334186791e-17,0.0,94,0.015625,-1.204258612342892e-29,2.250493408083786,5.544416711900586e-17
middle,warm,22,9,line_trial,False,4.12935989973699,1.0623291592267451e-13,0.0029546201052985054,7.522040659183358e-05,1.1313503496872723,6.44825300263765e-05,1.436324265878304,6.648727921693399e-05,4.489413119184881e-05,1.9931834423541885e-10,1.9931834423541885e-10,4.628498876395485e-17,0.0,94,0.0078125,-1.204258612342892e-29,2.250493408083786,5.544416711900586e-17
middle,warm,23,9,line_trial,False,4.12935989973702,1.0671407785556682e-13,0.0029546201052985045,7.522040659183082e-05,1.131350349687247,6.448253002637684e-05,1.4363242658783641,6.648727921693304e-05,4.489413119184716e-05,1.9930479365087169e-10,1.9930479365087169e-10,8.800390681438988e-17,0.0,94,0.00390625,-1.204258612342892e-29,2.250493408083786,5.544416711900586e-17
middle,warm,24,9,line_trial,False,4.129359899737125,1.0532179145955882e-13,0.0029546201052985045,7.522040659183092e-05,1.1313503496872814,6.448253002637435e-05,1.4363242658784268,6.64872792169311e-05,4.489413119184347e-05,1.992873714707364e-10,1.992873714707364e-10,4.623032795987208e-17,0.0,94,0.001953125,-1.204258612342892e-29,2.250493408083786,5.544416711900586e-17
middle,warm,25,9,line_trial,False,4.129359899737102,1.0504216255803358e-13,0.0029546201052985045,7.522040659183185e-05,1.1313503496872213,6.448253002637603e-05,1.4363242658784774,6.648727921693545e-05,4.4894131191843055e-05,1.992976957256295e-10,1.992976957256295e-10,4.664164278595036e-17,0.0,94,0.0009765625,-1.204258612342892e-29,2.250493408083786,5.544416711900586e-17
middle,warm,26,9,line_trial,False,4.129359899736994,1.0091985048932537e-13,0.0029546201052985045,7.522040659183145e-05,1.1313503496872213,6.448253002637596e-05,1.4363242658783604,6.648727921693511e-05,4.4894131191846667e-05,1.9933124955403362e-10,1.9933124955403362e-10,8.800390681438988e-17,0.0,94,0.00048828125,-1.204258612342892e-29,2.250493408083786,5.544416711900586e-17
middle,warm,27,9,line_trial,False,4.129359899737031,1.0543794035322803e-13,0.0029546201052985045,7.522040659183172e-05,1.131350349687253,6.448253002637592e-05,1.4363242658783641,6.648727921693348e-05,4.489413119184652e-05,1.993118915761094e-10,1.993118915761094e-10,4.587638798944329e-17,0.0,94,0.000244140625,-1.204258612342892e-29,2.250493408083786,5.544416711900586e-17
middle,warm,28,9,line_trial,False,4.1293598997370795,1.0691156130946116e-13,0.0029546201052985045,7.522040659183252e-05,1.1313503496872641,6.44825300263762e-05,1.4363242658784043,6.648727921693354e-05,4.489413119184546e-05,1.9930780489187896e-10,1.9930780489187896e-10,8.800390681438988e-17,0.0,94,0.0001220703125,-1.204258612342892e-29,2.250493408083786,5.544416711900586e-17
middle,warm,29,9,line_trial,False,4.1293598997370236,1.0627336129619745e-13,0.0029546201052985045,7.522040659183162e-05,1.1313503496872392,6.448253002637412e-05,1.436324265878364,6.648727921693419e-05,4.489413119184527e-05,1.9932221583100173e-10,1.9932221583100173e-10,4.607859926513748e-17,0.0,94,6.103515625e-05,-1.204258612342892e-29,2.250493408083786,5.544416711900586e-17
middle,warm,30,9,line_trial,False,4.129359899737008,1.0629600363803824e-13,0.0029546201052985045,7.522040659183217e-05,1.131350349687232,6.448253002637499e-05,1.4363242658783637,6.648727921693511e-05,4.489413119184588e-05,1.9930608418273378e-10,1.9930608418273378e-10,4.623032795987208e-17,0.0,94,3.0517578125e-05,-1.204258612342892e-29,2.250493408083786,5.544416711900586e-17
middle,warm,31,9,line_trial,False,4.129359899737032,1.0673121207388089e-13,0.0029546201052985045,7.522040659183293e-05,1.1313503496872555,6.448253002637499e-05,1.4363242658783637,6.64872792169344e-05,4.489413119184588e-05,1.9930995577831708e-10,1.9930995577831708e-10,4.664164278595036e-17,0.0,94,1.52587890625e-05,-1.204258612342892e-29,2.250493408083786,5.544416711900586e-17
middle,warm,32,9,line_trial,True,4.129359899737032,1.0673121207388089e-13,0.0029546201052985045,7.522040659183293e-05,1.1313503496872555,6.448253002637499e-05,1.4363242658783637,6.64872792169344e-05,4.489413119184588e-05,1.9930995577831708e-10,1.9930995577831708e-10,4.664164278595036e-17,0.0,94,7.62939453125e-06,-1.204258612342892e-29,2.250493408083786,5.544416711900586e-17
middle,warm,33,10,line_trial,False,4.129359899737025,8.223865313929091e-14,0.0029546201052985345,7.522040659183206e-05,1.1313503496872468,6.448253002637763e-05,1.4363242658783655,6.648727921693415e-05,4.489413119184767e-05,1.992940392186923e-10,1.992940392186923e-10,6.972872505800325e-17,0.0,111,1.0,-1.194072111731734e-29,2.2504934080837637,5.516792216827745e-17
middle,warm,34,10,line_trial,False,4.129359899736919,9.33075865851705e-14,0.0029546201052985197,7.522040659182923e-05,1.1313503496872128,6.448253002637756e-05,1.4363242658782962,6.648727921693363e-05,4.4894131191849784e-05,1.9929360904141026e-10,1.9929360904141026e-10,6.741187461106176e-17,0.0,111,0.5,-1.194072111731734e-29,2.2504934080837637,5.516792216827745e-17
middle,warm,35,10,line_trial,False,4.129359899737172,1.0306465191956589e-13,0.002954620105298512,7.522040659183132e-05,1.1313503496872637,6.44825300263785e-05,1.4363242658784905,6.64872792169325e-05,4.489413119184436e-05,1.9931554808304348e-10,1.9931554808304348e-10,4.621870503438361e-17,0.0,111,0.25,-1.194072111731734e-29,2.2504934080837637,5.516792216827745e-17
middle,warm,36,10,line_trial,False,4.129359899736995,1.099242900862128e-13,0.0029546201052985084,7.522040659183098e-05,1.131350349687221,6.448253002637611e-05,1.4363242658783637,6.64872792169347e-05,4.4894131191846667e-05,1.9930888033510095e-10,1.9930888033510095e-10,4.64858167053355e-17,0.0,111,0.125,-1.194072111731734e-29,2.2504934080837637,5.516792216827745e-17
middle,warm,37,10,line_trial,False,4.129359899737041,1.111062769111332e-13,0.002954620105298507,7.522040659183116e-05,1.131350349687213,6.448253002637637e-05,1.436324265878412,6.648727921693533e-05,4.489413119184533e-05,1.9931253684203964e-10,1.9931253684203964e-10,6.881458198416494e-17,0.0,111,0.0625,-1.194072111731734e-29,2.2504934080837637,5.516792216827745e-17
middle,warm,38,10,line_trial,False,4.129359899737005,1.1255766095962766e-13,0.002954620105298506,7.522040659183023e-05,1.1313503496873003,6.448253002637672e-05,1.43632426587829,6.648727921692938e-05,4.48941311918494e-05,1.99345230315866e-10,1.99345230315866e-10,8.800390681438988e-17,0.0,111,0.03125,-1.194072111731734e-29,2.2504934080837637,5.516792216827745e-17
middle,warm,39,10,line_trial,False,4.129359899737009,1.1072676079535713e-13,0.0029546201052985054,7.522040659183065e-05,1.1313503496872466,6.44825300263754e-05,1.4363242658783542,6.648727921693292e-05,4.489413119184648e-05,1.9930199749850563e-10,1.9930199749850563e-10,8.800390681438988e-17,0.0,111,0.015625,-1.194072111731734e-29,2.2504934080837637,5.516792216827745e-17
middle,warm,40,10,line_trial,False,4.129359899737061,1.0630856746690174e-13,0.002954620105298505,7.522040659183155e-05,1.1313503496872301,6.448253002637572e-05,1.4363242658784112,6.648727921693466e-05,4.4894131191844905e-05,1.993138273739002e-10,1.993138273739002e-10,4.64858167053355e-17,0.0,111,0.0078125,-1.194072111731734e-29,2.2504934080837637,5.516792216827745e-17
middle,warm,41,10,line_trial,False,4.129359899737095,1.0748779381987106e-13,0.0029546201052985045,7.522040659182896e-05,1.1313503496872543,6.448253002637698e-05,1.4363242658784303,6.648727921693096e-05,4.489413119184519e-05,1.992968353710555e-10,1.992968353710555e-10,4.67815544343391e-17,0.0,111,0.00390625,-1.194072111731734e-29,2.2504934080837637,5.516792216827745e-17
middle,warm,42,10,line_trial,False,4.129359899737092,1.0696999724467997e-13,0.0029546201052985045,7.52204065918297e-05,1.1313503496871957,6.448253002637545e-05,1.4363242658784836,6.648727921693506e-05,4.489413119184246e-05,1.9933985309977222e-10,1.9933985309977222e-10,6.570927290982358e-17,0.0,111,0.001953125,-1.194072111731734e-29,2.2504934080837637,5.516792216827745e-17
middle,warm,43,10,line_trial,False,4.12935989973699,1.061245428187457e-13,0.0029546201052985045,7.522040659183006e-05,1.1313503496872812,6.448253002637745e-05,1.4363242658782955,6.648727921693035e-05,4.489413119184973e-05,1.9932952884488518e-10,1.9932952884488518e-10,4.862107671560322e-17,0.0,111,0.0009765625,-1.194072111731734e-29,2.2504934080837637,5.516792216827745e-17
middle,warm,44,10,line_trial,False,4.129359899737078,1.0456551030648087e-13,0.0029546201052985045,7.522040659183205e-05,1.131350349687238,6.448253002637644e-05,1.4363242658784248,6.648727921693465e-05,4.4894131191844986e-05,1.9931038595560205e-10,1.9931038595560205e-10,4.862107671560322e-17,0.0,111,0.00048828125,-1.194072111731734e-29,2.2504934080837637,5.516792216827745e-17
middle,warm,45,10,line_trial,False,4.129359899737033,1.0467564837163244e-13,0.0029546201052985045,7.52204065918322e-05,1.1313503496871968,6.448253002637451e-05,1.4363242658784223,6.64872792169372e-05,4.489413119184372e-05,1.9933619659283415e-10,1.9933619659283415e-10,4.6658654508363196e-17,0.0,111,0.000244140625,-1.194072111731734e-29,2.2504934080837637,5.516792216827745e-17
middle,warm,46,10,line_trial,False,4.1293598997370164,1.0777606112695183e-13,0.0029546201052985045,7.522040659183294e-05,1.1313503496872388,6.44825300263754e-05,1.4363242658783637,6.64872792169354e-05,4.489413119184617e-05,1.9930457856222827e-10,1.9930457856222827e-10,8.800390681438988e-17,0.0,111,0.0001220703125,-1.194072111731734e-29,2.2504934080837637,5.516792216827745e-17
middle,warm,47,10,line_trial,False,4.1293598997370236,1.0627336129619745e-13,0.0029546201052985045,7.522040659183162e-05,1.1313503496872392,6.448253002637412e-05,1.436324265878364,6.648727921693419e-05,4.489413119184527e-05,1.9932221583100173e-10,1.9932221583100173e-10,4.607859926513748e-17,0.0,111,6.103515625e-05,-1.194072111731734e-29,2.2504934080837637,5.516792216827745e-17
middle,warm,48,10,line_trial,False,4.129359899737004,1.064224784309642e-13,0.0029546201052985045,7.522040659183217e-05,1.131350349687232,6.448253002637619e-05,1.4363242658783626,6.648727921693511e-05,4.4894131191846755e-05,1.9929382413004973e-10,1.9929382413004973e-10,4.673760488567109e-17,0.0,111,3.0517578125e-05,-1.194072111731734e-29,2.2504934080837637,5.516792216827745e-17
middle,warm,49,10,line_trial,False,4.129359899737032,1.0673121207388089e-13,0.0029546201052985045,7.522040659183293e-05,1.1313503496872555,6.448253002637499e-05,1.4363242658783637,6.64872792169344e-05,4.489413119184588e-05,1.9930995577831708e-10,1.9930995577831708e-10,4.664164278595036e-17,0.0,111,1.52587890625e-05,-1.194072111731734e-29,2.2504934080837637,5.516792216827745e-17
middle,warm,50,10,line_trial,False,4.129359899737032,1.0673121207388089e-13,0.0029546201052985045,7.522040659183293e-05,1.1313503496872555,6.448253002637499e-05,1.4363242658783637,6.64872792169344e-05,4.489413119184588e-05,1.9930995577831708e-10,1.9930995577831708e-10,4.664164278595036e-17,0.0,111,7.62939453125e-06,-1.194072111731734e-29,2.2504934080837637,5.516792216827745e-17
middle,warm,51,10,line_trial,False,4.129359899737032,1.0673121207388089e-13,0.0029546201052985045,7.522040659183293e-05,1.1313503496872555,6.448253002637499e-05,1.4363242658783637,6.64872792169344e-05,4.489413119184588e-05,1.9930995577831708e-10,1.9930995577831708e-10,4.664164278595036e-17,0.0,111,3.814697265625e-06,-1.194072111731734e-29,2.2504934080837637,5.516792216827745e-17
middle,warm,52,10,line_trial,False,4.129359899737032,1.0673121207388089e-13,0.0029546201052985045,7.522040659183293e-05,1.1313503496872555,6.448253002637499e-05,1.4363242658783637,6.64872792169344e-05,4.489413119184588e-05,1.9930995577831708e-10,1.9930995577831708e-10,4.664164278595036e-17,0.0,111,1.9073486328125e-06,-1.194072111731734e-29,2.2504934080837637,5.516792216827745e-17
middle,warm,53,10,line_trial,False,4.129359899737032,1.0673121207388089e-13,0.0029546201052985045,7.522040659183293e-05,1.1313503496872555,6.448253002637499e-05,1.4363242658783637,6.64872792169344e-05,4.489413119184588e-05,1.9930995577831708e-10,1.9930995577831708e-10,4.664164278595036e-17,0.0,111,9.5367431640625e-07,-1.194072111731734e-29,2.2504934080837637,5.516792216827745e-17
middle,warm,54,10,line_trial,False,4.129359899737032,1.0673121207388089e-13,0.0029546201052985045,7.522040659183293e-05,1.1313503496872555,6.448253002637499e-05,1.4363242658783637,6.64872792169344e-05,4.489413119184588e-05,1.9930995577831708e-10,1.9930995577831708e-10,4.664164278595036e-17,0.0,111,4.76837158203125e-07,-1.194072111731734e-29,2.2504934080837637,5.516792216827745e-17
middle,warm,55,10,line_trial,False,4.129359899737032,1.0673121207388089e-13,0.0029546201052985045,7.522040659183293e-05,1.1313503496872555,6.448253002637499e-05,1.4363242658783637,6.64872792169344e-05,4.489413119184588e-05,1.9930995577831708e-10,1.9930995577831708e-10,4.664164278595036e-17,0.0,111,2.384185791015625e-07,-1.194072111731734e-29,2.2504934080837637,5.516792216827745e-17
middle,warm,56,10,line_trial,False,4.129359899737032,1.0673121207388089e-13,0.0029546201052985045,7.522040659183293e-05,1.1313503496872555,6.448253002637499e-05,1.4363242658783637,6.64872792169344e-05,4.489413119184588e-05,1.9930995577831708e-10,1.9930995577831708e-10,4.664164278595036e-17,0.0,111,1.1920928955078125e-07,-1.194072111731734e-29,2.2504934080837637,5.516792216827745e-17
middle,beta,0,0,initial,,4.129876549463257,0.4129849391739793,0.0,7.326739159290539e-05,1.1313718727301036,6.491537219382502e-05,1.43630557491303,6.475977824700951e-05,4.519607340363886e-05,0.07671900799388491,0.07671900799388491,4.5874769843642547e-17,0.0,0,,,,
middle,beta,1,0,line_trial,True,4.129363369755747,0.02881147160247095,0.0027299437191219177,7.523745207404042e-05,1.131350799781837,6.446782634032054e-05,1.4363238693504439,6.650231925283366e-05,4.4883906558953974e-05,0.015791988788737926,0.015791988788737926,6.429730241593871e-17,0.0,3,1.0,-0.0005619623916176051,2.250774925020318,0.00045813233193938465
middle,beta,2,1,line_trial,True,4.129359903794026,0.0011177273277700281,0.0027727110140071485,7.521944485560755e-05,1.1313503638567108,6.448317493247794e-05,1.4363242529666547,6.648642830607188e-05,4.489458059299021e-05,0.00035810813291358936,0.00035810813291358936,4.862107671560322e-17,0.0,7,1.0,-3.770749335432419e-06,2.250495298860481,4.8544649517354914e-05
middle,beta,3,2,line_trial,True,4.1293598997485095,5.71789456072081e-05,0.002775781480999547,7.522054723793337e-05,1.1313503486467187,6.448241563457974e-05,1.436324266720242,6.648740359510166e-05,4.4894051523491536e-05,2.059749195181699e-05,2.059749195181699e-05,4.494124974070784e-17,0.0,11,1.0,-4.409373174079106e-09,2.2504934102944274,1.4320904030138753e-06
middle,beta,4,3,line_trial,True,4.129359899737062,4.5733202199197135e-07,0.0027757599569135055,7.522040768560614e-05,1.131350349680951,6.448252914974206e-05,1.4363242658836977,6.648728018409049e-05,4.489413058134837e-05,1.7444652742259684e-07,1.7444652742259684e-07,4.5874769843642547e-17,0.0,17,1.0,-1.2475539266653565e-11,2.2504934080900703,8.185844433163999e-08
middle,beta,5,4,line_trial,True,4.129359899736937,3.5766898521262615e-10,0.002775759412617864,7.52204065900332e-05,1.1313503496872344,6.448253002665021e-05,1.436324265878285,6.648727921534486e-05,4.489413119203996e-05,3.322248434349621e-10,3.322248434349621e-10,4.587638798944329e-17,0.0,26,1.0,-8.688727758194767e-16,2.2504934080838472,7.052464370749836e-10
middle,beta,6,5,line_trial,False,4.129359899737117,1.7849990006636793e-13,0.002775759414301822,7.522040659183022e-05,1.1313503496872783,6.448253002637714e-05,1.4363242658784314,6.648727921693067e-05,4.4894131191845264e-05,1.9933103446538413e-10,1.9933103446538413e-10,6.87683956688572e-17,0.0,40,1.0,-4.968565761389306e-22,2.250493408083753,5.060570094000933e-13
middle,beta,7,5,line_trial,False,4.129359899737063,1.788352918547568e-10,0.002775759413459843,7.522040659093299e-05,1.1313503496872879,6.448253002651027e-05,1.4363242658783593,6.648727921613704e-05,4.4894131191940206e-05,2.6576309783376217e-10,2.6576309783376217e-10,4.607859926513748e-17,0.0,40,0.5,-4.968565761389306e-22,2.250493408083753,5.060570094000933e-13
middle,beta,8,5,line_trial,False,4.129359899737069,2.682520865952019e-10,0.002775759413038853,7.522040659047947e-05,1.1313503496872392,6.448253002657998e-05,1.4363242658784132,6.648727921573903e-05,4.489413119198706e-05,2.9900053083798595e-10,2.9900053083798595e-10,4.673760488567109e-17,0.0,40,0.25,-4.968565761389306e-22,2.250493408083753,5.060570094000933e-13
middle,beta,9,5,line_trial,False,4.129359899737019,3.1296067529818846e-10,0.0027757594128283583,7.522040659025512e-05,1.1313503496872501,6.448253002661331e-05,1.436324265878356,6.64872792155401e-05,4.489413119201205e-05,3.156208605049287e-10,3.156208605049287e-10,4.57508284520479e-17,0.0,40,0.125,-4.968565761389306e-22,2.250493408083753,5.060570094000933e-13
middle,beta,10,5,line_trial,False,4.1293598997370236,3.35316475155805e-10,0.0027757594127231114,7.522040659014064e-05,1.1313503496872546,6.448253002662937e-05,1.436324265878354,6.648727921543864e-05,4.48941311920233e-05,3.2391984072893163e-10,3.2391984072893163e-10,5.684042054759131e-17,0.0,40,0.0625,-4.968565761389306e-22,2.250493408083753,5.060570094000933e-13
middle,beta,11,5,line_trial,False,4.129359899737028,3.46490619841468e-10,0.0027757594126704877,7.52204065900864e-05,1.1313503496872583,6.448253002663884e-05,1.4363242658783661,6.648727921539048e-05,4.489413119202951e-05,3.2807277225923024e-10,3.2807277225923024e-10,8.707655568006764e-17,0.0,40,0.03125,-4.968565761389306e-22,2.250493408083753,5.060570094000933e-13
middle,beta,12,5,line_trial,False,4.129359899736996,3.520818086525048e-10,0.002775759412644176,7.522040659005648e-05,1.1313503496872348,6.448253002664417e-05,1.4363242658783533,6.648727921536542e-05,4.489413119203362e-05,3.301636489635023e-10,3.301636489635023e-10,4.673760488567109e-17,0.0,40,0.015625,-4.968565761389306e-22,2.250493408083753,5.060570094000933e-13
middle,beta,13,5,line_trial,False,4.129359899736969,3.5487584909889647e-10,0.0027757594126310197,7.522040659004252e-05,1.1313503496872093,6.448253002664666e-05,1.4363242658783533,6.648727921535457e-05,4.489413119203535e-05,3.311943537435538e-10,3.311943537435538e-10,4.7821021237415106e-17,0.0,40,0.0078125,-4.968565761389306e-22,2.250493408083753,5.060570094000933e-13
middle,beta,14,5,line_trial,False,4.129359899737134,3.5627485186736416e-10,0.0027757594126244416,7.522040659003809e-05,1.1313503496873039,6.448253002664662e-05,1.4363242658784217,6.64872792153451e-05,4.489413119203319e-05,3.3170239311968345e-10,3.3170239311968345e-10,4.4866175711342743e-17,0.0,40,0.00390625,-4.968565761389306e-22,2.250493408083753,5.060570094000933e-13
middle,beta,15,5,line_trial,False,4.1293598997370236,3.5697112528945806e-10,0.0027757594126211526,7.522040659003566e-05,1.1313503496872586,6.44825300266465e-05,1.4363242658783528,6.648727921534562e-05,4.489413119203526e-05,3.3196867286044796e-10,3.3196867286044796e-10,6.741187461106176e-17,0.0,40,0.001953125,-4.968565761389306e-22,2.250493408083753,5.060570094000933e-13
middle,beta,16,5,line_trial,False,4.129359899736988,3.5732136265187986e-10,0.002775759412619508,7.522040659003265e-05,1.1313503496872255,6.448253002664882e-05,1.4363242658783533,6.64872792153449e-05,4.4894131192036856e-05,3.3210805030149255e-10,3.3210805030149255e-10,4.820205497107846e-17,0.0,40,0.0009765625,-4.968565761389306e-22,2.250493408083753,5.060570094000933e-13
middle,beta,17,5,line_trial,False,4.129359899737042,3.574957852637803e-10,0.002775759412618686,7.522040659003176e-05,1.131350349687277,6.448253002664788e-05,1.436324265878353,6.648727921534109e-05,4.489413119203621e-05,3.32158165955443e-10,3.32158165955443e-10,6.881215476546382e-17,0.0,40,0.00048828125,-4.968565761389306e-22,2.250493408083753,5.060570094000933e-13
middle,beta,18,5,line_trial,False,4.129359899737095,3.57583948693484e-10,0.0027757594126182747,7.522040659003353e-05,1.1313503496872597,6.448253002665066e-05,1.436324265878421,6.648727921534367e-05,4.489413119203602e-05,3.321953762907786e-10,3.321953762907786e-10,4.64732764096921e-17,0.0,40,0.000244140625,-4.968565761389306e-22,2.250493408083753,5.060570094000933e-13
middle,beta,19,5,line_trial,False,4.129359899737015,3.576275495986065e-10,0.002775759412618069,7.522040659003097e-05,1.1313503496872428,6.448253002664834e-05,1.4363242658783535,6.64872792153424e-05,4.489413119203652e-05,3.322224774598765e-10,3.322224774598765e-10,4.6123738245974276e-17,0.0,40,0.0001220703125,-4.968565761389306e-22,2.250493408083753,5.060570094000933e-13
middle,beta,20,5,line_trial,False,4.129359899737043,3.5764799779148663e-10,0.0027757594126179663,7.52204065900299e-05,1.1313503496872814,6.448253002664961e-05,1.436324265878353,6.648727921533918e-05,4.489413119203742e-05,3.322235529030921e-10,3.322235529030921e-10,7.010640732850663e-17,0.0,40,6.103515625e-05,-4.968565761389306e-22,2.250493408083753,5.060570094000933e-13
middle,beta,21,5,line_trial,False,4.129359899737017,3.5765887158811343e-10,0.002775759412617915,7.52204065900325e-05,1.131350349687249,6.448253002665131e-05,1.4363242658783533,6.648727921534338e-05,4.489413119203859e-05,3.322355978671348e-10,3.322355978671348e-10,8.800390681438988e-17,0.0,40,3.0517578125e-05,-4.968565761389306e-22,2.250493408083753,5.060570094000933e-13
middle,beta,22,5,line_trial,False,4.129359899736999,3.576654137118302e-10,0.0027757594126178895,7.522040659003198e-05,1.1313503496872344,6.448253002665048e-05,1.4363242658783535,6.648727921534379e-05,4.489413119203801e-05,3.3222936029647243e-10,3.3222936029647243e-10,5.825640487472484e-17,0.0,40,1.52587890625e-05,-4.968565761389306e-22,2.250493408083753,5.060570094000933e-13
middle,beta,23,5,line_trial,False,4.129359899737134,3.5766707081739506e-10,0.0027757594126178765,7.522040659003016e-05,1.1313503496873025,6.44825300266512e-05,1.4363242658784205,6.648727921533818e-05,4.489413119203641e-05,3.3223108100561025e-10,3.3223108100561025e-10,4.924874455503502e-17,0.0,40,7.62939453125e-06,-4.968565761389306e-22,2.250493408083753,5.060570094000933e-13
middle,beta,24,5,line_trial,False,4.129359899737033,3.5766835560626857e-10,0.00277575941261787,7.522040659003044e-05,1.1313503496872688,6.448253002665119e-05,1.4363242658783535,6.64872792153404e-05,4.4894131192038496e-05,3.3223043573968757e-10,3.3223043573968757e-10,4.5845597112571464e-17,0.0,40,3.814697265625e-06,-4.968565761389306e-22,2.250493408083753,5.060570094000933e-13
middle,beta,25,5,line_trial,False,4.12935989973721,3.576677252762554e-10,0.002775759412617867,7.52204065900304e-05,1.131350349687303,6.448253002665071e-05,1.4363242658784918,6.648727921533837e-05,4.489413119203385e-05,3.322310810056041e-10,3.322310810056041e-10,4.5874769843642547e-17,0.0,40,1.9073486328125e-06,-4.968565761389306e-22,2.250493408083753,5.060570094000933e-13
middle,beta,26,5,line_trial,False,4.129359899737016,3.576692114543104e-10,0.0027757594126178653,7.522040659003204e-05,1.1313503496872512,6.448253002664926e-05,1.436324265878353,6.648727921534285e-05,4.4894131192037174e-05,3.32238178930858e-10,3.32238178930858e-10,8.800390681438988e-17,0.0,40,9.5367431640625e-07,-4.968565761389306e-22,2.250493408083753,5.060570094000933e-13
middle,beta,27,5,line_trial,False,4.129359899737058,3.576681361720678e-10,0.0027757594126178644,7.522040659002924e-05,1.131350349687226,6.448253002664842e-05,1.436324265878421,6.648727921534186e-05,4.4894131192034464e-05,3.3222849994189334e-10,3.3222849994189334e-10,5.594769500641711e-17,0.0,40,4.76837158203125e-07,-4.968565761389306e-22,2.250493408083753,5.060570094000933e-13
middle,beta,28,5,line_trial,False,4.12935989973699,3.576693318858852e-10,0.002775759412617864,7.522040659003096e-05,1.1313503496872341,6.448253002664907e-05,1.4363242658783382,6.648727921534289e-05,4.4894131192037506e-05,3.32236673310355e-10,3.32236673310355e-10,4.6658654508363196e-17,0.0,40,2.384185791015625e-07,-4.968565761389306e-22,2.250493408083753,5.060570094000933e-13
middle,beta,29,5,line_trial,False,4.129359899737112,3.5766909096499893e-10,0.002775759412617864,7.522040659003184e-05,1.131350349687277,6.448253002665235e-05,1.4363242658784212,6.648727921534116e-05,4.4894131192037195e-05,3.3222893011917614e-10,3.3222893011917614e-10,4.5068010946172045e-17,0.0,40,1.1920928955078125e-07,-4.968565761389306e-22,2.250493408083753,5.060570094000933e-13
middle,zero,0,0,initial,,4.129882476529647,0.4143992319137106,2.2016683723538203e-20,7.337983613360104e-05,1.13137281895263,6.485421068095055e-05,1.4363047480656057,6.485911178379955e-05,4.515351687606356e-05,0.07434926619679444,0.07434926619679444,6.77395986689202e-17,0.0,0,,,,
middle,zero,1,0,line_trial,True,4.129363220055177,0.02840971521004258,0.0027516479915676998,7.523778856840061e-05,1.1313508530903518,6.448951609672616e-05,1.4363238237043658,6.650261354634961e-05,4.4899008867237055e-05,0.014670649162451279,0.014670649162451279,8.707655568006764e-17,0.0,3,1.0,-0.000568646432003269,2.250778154591988,0.000461454956065743
middle,zero,2,1,line_trial,True,4.129359903624542,0.0010925767944154404,0.002791302148644447,7.522074364103112e-05,1.1313503649281085,6.448307514844352e-05,1.4363242522199393,6.64875762388701e-05,4.489451114452773e-05,0.00037260343861805355,0.00037260343861805355,4.680505845229819e-17,0.0,7,1.0,-3.6087446954766257e-06,2.250495217290105,4.710452296406168e-05
middle,zero,3,2,line_trial,True,4.129359899748505,5.725344564991244e-05,0.0027940328093020504,7.522051996441529e-05,1.1313503488597598,6.448239622758903e-05,1.436324266531257,6.648737947553281e-05,4.4894038017832074e-05,2.1680713618012937e-05,2.1680713618012937e-05,4.862107671560322e-17,0.0,11,1.0,-4.224731501866506e-09,2.250493410202079,1.4170816427026116e-06
middle,zero,4,3,line_trial,True,4.129359899737025,3.951005598806031e-07,0.0027940211539468685,7.522040724502277e-05,1.1313503496799213,6.448252979072343e-05,1.436324265884443,6.648727979471958e-05,4.489413102759015e-05,1.7386133596509097e-07,1.7386133596509097e-07,4.431955131077555e-17,0.0,17,1.0,-1.2404478528427866e-11,2.2504934080900427,8.135396175418464e-08
middle,zero,5,4,line_trial,False,4.129359899736961,3.657595479954496e-10,0.0027940207076431567,7.522040659051451e-05,1.1313503496872641,6.448253002690855e-05,1.4363242658782822,6.648727921576855e-05,4.489413119221991e-05,3.035709494254872e-10,3.035709494254872e-10,6.881215476546382e-17,0.0,26,1.0,-7.024505135725494e-16,2.2504934080838486,6.508103422539608e-10
middle,zero,6,4,line_trial,True,4.129359899736931,1.9755441274566556e-07,0.002794020930794363,7.522040691777754e-05,1.1313503496835622,6.448252990881546e-05,1.43632426588133,6.648727950525373e-05,4.489413110990568e-05,8.706001476469572e-08,8.706001476469572e-08,8.800390681438988e-17,0.0,26,0.5,-7.024505135725494e-16,2.2504934080838486,6.508103422539608e-10
middle,zero,7,5,line_trial,False,4.129359899737015,5.213525023548288e-11,0.0027940207091114253,7.522040659167499e-05,1.1313503496872392,6.448253002626337e-05,1.4363242658783635,6.648727921679575e-05,4.489413119176818e-05,2.2705337955950409e-10,2.2705337955950409e-10,8.707655568006764e-17,0.0,36,1.0,-1.75619094039654e-16,2.2504934080837757,3.2541471598889037e-10
middle,zero,8,5,line_trial,False,4.129359899737064,9.87784234162749e-08,0.0027940208199527315,7.522040675471886e-05,1.1313503496854085,6.44825299675397e-05,1.4363242658799256,6.648727936101773e-05,4.4894131150834666e-05,4.363592961313233e-08,4.363592961313233e-08,8.800390681438988e-17,0.0,36,0.5,-1.75619094039654e-16,2.2504934080837757,3.2541471598889037e-10
middle,zero,9,5,line_trial,False,4.129359899736937,1.4816641579724613e-07,0.0027940208753735067,7.522040683624894e-05,1.131350349684486,6.44825299381769e-05,1.4363242658805695,6.648727943313635e-05,4.489413113037152e-05,6.534796777959743e-08,6.534796777959743e-08,8.800390681438988e-17,0.0,36,0.25,-1.75619094039654e-16,2.2504934080837757,3.2541471598889037e-10
middle,zero,10,5,line_trial,False,4.1293598997370236,1.7286041395621302e-07,0.002794020903083924,7.52204068770035e-05,1.1313503496840494,6.448252992349484e-05,1.4363242658810178,6.648727946918494e-05,4.489413112013554e-05,7.62039882609039e-08,7.62039882609039e-08,4.5874769843642547e-17,0.0,36,0.125,-1.75619094039654e-16,2.2504934080837757,3.2541471598889037e-10
middle,zero,11,5,line_trial,False,4.1293598997370164,1.852074109852201e-07,0.002794020916939141,7.522040689738943e-05,1.1313503496838144,6.448252991615494e-05,1.4363242658812037,6.648727948721786e-05,4.489413111501954e-05,8.163201323513005e-08,8.163201323513005e-08,4.494124974070784e-17,0.0,36,0.0625,-1.75619094039654e-16,2.2504934080837757,3.2541471598889037e-10
middle,zero,12,5,line_trial,False,4.129359899737093,1.9138091201400477e-07,0.0027940209238667513,7.522040690757281e-05,1.1313503496837056,6.448252991248531e-05,1.4363242658813704,6.648727949622535e-05,4.4894131112459445e-05,8.434602195819024e-08,8.434602195819024e-08,8.916644414909014e-17,0.0,36,0.03125,-1.75619094039654e-16,2.2504934080837757,3.2541471598889037e-10
middle,zero,13,5,line_trial,False,4.129359899737047,1.9446765992012077e-07,0.002794020927330557,7.52204069126764e-05,1.1313503496836637,6.448252991065253e-05,1.436324265881347,6.648727950073887e-05,4.489413111118416e-05,8.570302309339238e-08,8.570302309339238e-08,4.683934123467984e-17,0.0,36,0.015625,-1.75619094039654e-16,2.2504934080837757,3.2541471598889037e-10
middle,zero,14,5,line_trial,False,4.1293598997370315,1.9601103670209996e-07,0.00279402092906246,7.52204069152218e-05,1.1313503496836188,6.448252990973194e-05,1.4363242658813873,6.648727950299138e-05,4.4894131110541966e-05,8.638150473319267e-08,8.638150473319267e-08,4.7579727151685827e-17,0.0,36,0.0078125,-1.75619094039654e-16,2.2504934080837757,3.2541471598889037e-10
middle,zero,15,5,line_trial,False,4.12935989973698,1.9678272470199555e-07,0.002794020929928411,7.52204069164975e-05,1.1313503496835775,6.448252990927298e-05,1.4363242658813697,6.64872795041214e-05,4.4894131110222974e-05,8.67207700731991e-08,8.67207700731991e-08,6.647932696616333e-17,0.0,36,0.00390625,-1.75619094039654e-16,2.2504934080837757,3.2541471598889037e-10
middle,zero,16,5,line_trial,False,4.129359899737041,1.971685708152316e-07,0.0027940209303613872,7.522040691713143e-05,1.1313503496836126,6.448252990904417e-05,1.436324265881391,6.648727950467967e-05,4.489413111006301e-05,8.689038919261595e-08,8.689038919261595e-08,4.51597324459468e-17,0.0,36,0.001953125,-1.75619094039654e-16,2.2504934080837757,3.2541471598889037e-10
middle,zero,17,5,line_trial,False,4.12935989973708,1.9736149077044666e-07,0.0027940209305778747,7.522040691745191e-05,1.131350349683583,6.448252990893471e-05,1.4363242658814626,6.648727950496468e-05,4.4894131109984564e-05,8.697520703323697e-08,8.697520703323697e-08,6.87683956688572e-17,0.0,36,0.0009765625,-1.75619094039654e-16,2.2504934080837757,3.2541471598889037e-10
middle,zero,18,5,line_trial,False,4.1293598997371355,1.9745794991618791e-07,0.002794020930686119,7.522040691761289e-05,1.1313503496836324,6.448252990887585e-05,1.4363242658814634,6.648727950510407e-05,4.4894131109943554e-05,8.701761391020462e-08,8.701761391020462e-08,4.400195340719494e-17,0.0,36,0.00048828125,-1.75619094039654e-16,2.2504934080837757,3.2541471598889037e-10
middle,zero,19,5,line_trial,False,4.12935989973699,1.9750617871406053e-07,0.002794020930740241,7.522040691769354e-05,1.1313503496835544,6.448252990884387e-05,1.4363242658813966,6.648727950517994e-05,4.489413110992338e-05,8.703881498271701e-08,8.703881498271701e-08,4.924874455503502e-17,0.0,36,0.000244140625,-1.75619094039654e-16,2.2504934080837757,3.2541471598889037e-10
middle,zero,20,5,line_trial,False,4.12935989973704,1.9753029466150317e-07,0.0027940209307673017,7.522040691773233e-05,1.1313503496835797,6.448252990883111e-05,1.4363242658814197,6.648727950521273e-05,4.489413110991378e-05,8.704941734722408e-08,8.704941734722408e-08,4.607859926513748e-17,0.0,36,0.0001220703125,-1.75619094039654e-16,2.2504934080837757,3.2541471598889037e-10
middle,zero,21,5,line_trial,False,4.129359899737069,1.9754235364768255e-07,0.002794020930780832,7.522040691775321e-05,1.1313503496836304,6.448252990882409e-05,1.4363242658813973,6.648727950522821e-05,4.489413110990959e-05,8.705471390507171e-08,8.705471390507171e-08,4.862107671560322e-17,0.0,36,6.103515625e-05,-1.75619094039654e-16,2.2504934080837757,3.2541471598889037e-10
middle,zero,22,5,line_trial,False,4.129359899737027,1.975483838709876e-07,0.002794020930787597,7.522040691776697e-05,1.1313503496835713,6.448252990881963e-05,1.4363242658814155,6.648727950524385e-05,4.489413110990592e-05,8.705735992556595e-08,8.705735992556595e-08,4.5874769843642547e-17,0.0,36,3.0517578125e-05,-1.75619094039654e-16,2.2504934080837757,3.2541471598889037e-10
middle,zero,23,5,line_trial,False,4.129359899737044,1.9755140080346085e-07,0.00279402093079098,7.522040691776844e-05,1.1313503496836053,6.448252990881612e-05,1.436324265881397,6.648727950524316e-05,4.489413110990405e-05,8.705868573196464e-08,8.705868573196464e-08,4.673760488567109e-17,0.0,36,1.52587890625e-05,-1.75619094039654e-16,2.2504934080837757,3.2541471598889037e-10
middle,zero,24,5,line_trial,False,4.129359899737016,1.975529030933264e-07,0.0027940209307926716,7.522040691777343e-05,1.131350349683562,6.448252990881714e-05,1.4363242658814062,6.648727950525011e-05,4.4894131109904476e-05,8.705935487273542e-08,8.705935487273542e-08,4.5874769843642547e-17,0.0,36,7.62939453125e-06,-1.75619094039654e-16,2.2504934080837757,3.2541471598889037e-10
middle,zero,25,5,line_trial,False,4.129359899737021,1.975536569240321e-07,0.0027940209307935173,7.52204069177748e-05,1.1313503496835875,6.448252990881221e-05,1.4363242658813966,6.648727950524981e-05,4.489413110990134e-05,8.705968030185305e-08,8.705968030185305e-08,4.673760488567109e-17,0.0,36,3.814697265625e-06,-1.75619094039654e-16,2.2504934080837757,3.2541471598889037e-10
middle,zero,26,5,line_trial,False,4.129359899737006,1.9755403376018063e-07,0.00279402093079394,7.522040691777574e-05,1.1313503496835706,6.448252990881194e-05,1.436324265881397,6.648727950525163e-05,4.4894131109901135e-05,8.705985237276823e-08,8.705985237276823e-08,4.6658654508363196e-17,0.0,36,1.9073486328125e-06,-1.75619094039654e-16,2.2504934080837757,3.2541471598889037e-10
middle,zero,27,5,line_trial,False,4.129359899737039,1.9755422190892978e-07,0.0027940209307941513,7.522040691777609e-05,1.1313503496836133,6.448252990881592e-05,1.4363242658813904,6.648727950524945e-05,4.4894131109904116e-05,8.705993625733854e-08,8.705993625733854e-08,4.673760488567109e-17,0.0,36,9.5367431640625e-07,-1.75619094039654e-16,2.2504934080837757,3.2541471598889037e-10
middle,zero,28,5,line_trial,False,4.129359899737089,1.9755431903681826e-07,0.002794020930794257,7.522040691777506e-05,1.1313503496835864,6.448252990881267e-05,1.4363242658814581,6.648727950525011e-05,4.489413110989973e-05,8.70599689508113e-08,8.70599689508113e-08,8.707655568006764e-17,0.0,36,4.76837158203125e-07,-1.75619094039654e-16,2.2504934080837757,3.2541471598889037e-10
middle,zero,29,5,line_trial,False,4.129359899736949,1.9755436368455569e-07,0.00279402093079431,7.522040691777297e-05,1.1313503496835793,6.448252990881459e-05,1.4363242658813289,6.648727950524869e-05,4.489413110990511e-05,8.706000379517452e-08,8.706000379517452e-08,4.623032795987208e-17,0.0,36,2.384185791015625e-07,-1.75619094039654e-16,2.2504934080837757,3.2541471598889037e-10
middle,zero,30,5,line_trial,False,4.12935989973703,1.9755438685899596e-07,0.002794020930794336,7.522040691777636e-05,1.131350349683588,6.448252990881374e-05,1.4363242658813973,6.648727950525117e-05,4.489413110990238e-05,8.706001046292076e-08,8.706001046292076e-08,5.67578678790118e-17,0.0,36,1.1920928955078125e-07,-1.75619094039654e-16,2.2504934080837757,3.2541471598889037e-10
high,warm,0,0,initial,,4.490909296531486,0.7349767416753796,9.230837630281942e-20,0.00011052877869482774,1.017440346827578,0.00011429224861078769,1.440738627727839,0.00010863416124538521,7.932892643479393e-05,0.10353633226018312,0.10353633226018312,8.433119327571501e-17,0.0,0,,,,
high,warm,1,0,line_trial,True,4.488900754097086,0.041433783453764646,0.005841572894477403,0.0001172807446992396,1.0173719612658267,0.00011107045569008086,1.4407934639764226,0.00011527813736218703,7.708978314181083e-05,0.022764260497816758,0.022764260497816758,7.812095805729778e-17,0.0,3,1.0,-0.002278918493907604,2.529094231875658,0.0011104491475245539
high,warm,2,1,line_trial,True,4.488891289027432,0.001982504332018266,0.005893086271309982,0.00011724586047016052,1.0173693029970536,0.00011103249162854624,1.4407954448019613,0.00011524414991170621,7.706332778127832e-05,0.0007252980888803215,0.0007252980888803215,6.297016505806635e-17,0.0,7,1.0,-1.0635928222460862e-05,2.527963330638872,0.00010722977976758049
high,warm,3,2,line_trial,True,4.488891269597727,0.00011155104356732315,0.005893633751387341,0.00011724850758381264,1.0173693151911596,0.00011102865990945497,1.4407954415066697,0.00011524675045048131,7.706066851054859e-05,6.44172049621885e-05,6.44172049621885e-05,8.18914108866071e-17,0.0,11,1.0,-2.18841088854632e-08,2.5279580013643117,4.430561477730291e-06
high,warm,4,3,line_trial,True,4.488891269524546,9.78286121042782e-07,0.005893990230972971,0.00011724838040647176,1.0173693051868364,0.00011102858321998803,1.440795448960637,0.00011524662657769048,7.706061488470275e-05,4.602603853167282e-07,4.602603853167282e-07,8.341206822049638e-17,0.0,17,1.0,-8.238377153927853e-11,2.527957990424494,3.0771825693055e-07
high,warm,5,4,line_trial,True,4.488891269524398,1.394496789367278e-09,0.005893986739539696,0.00011724838159301611,1.0173693053004549,0.00011102857996451254,1.4407954488770767,0.00011524662773110665,7.706061262967321e-05,7.557681162621027e-10,7.557681162621027e-10,8.281578547472573e-17,0.0,25,1.0,-5.523791482133333e-15,2.527957990383315,2.1598241852912296e-09
high,warm,6,5,line_trial,False,4.488891269524448,9.074944588922626e-14,0.005893986740581548,0.00011724838158444593,1.0173693053003456,0.00011102857996441724,1.4407954488772161,0.00011524662772269515,7.706061262959961e-05,1.992850371545395e-10,1.992850371545395e-10,8.17740287204399e-17,0.0,37,1.0,-1.0914363839172488e-20,2.5279579903832863,2.9883670921521648e-12
high,warm,7,5,line_trial,False,4.488891269524546,6.972547014941288e-10,0.0058939867400606225,0.0001172483815887303,1.0173693053004313,0.0001110285799644714,1.4407954488772357,0.00011524662772689667,7.706061262963615e-05,4.775434938600762e-10,4.775434938600762e-10,8.176201025281214e-17,0.0,37,0.5,-1.0914363839172488e-20,2.5279579903832863,2.9883670921521648e-12
high,warm,8,5,line_trial,False,4.488891269524477,1.04587714188795e-09,0.00589398673980016,0.0001172483815908678,1.0173693053004278,0.00011102857996449372,1.440795448877167,0.00011524662772899808,7.706061262965531e-05,6.166594654974343e-10,6.166594654974343e-10,6.308371884979059e-17,0.0,37,0.25,-1.0914363839172488e-20,2.5279579903832863,2.9883670921521648e-12
high,warm,9,5,line_trial,True,4.4888912695244585,1.220188221380872e-09,0.005893986739669928,0.00011724838159194355,1.0173693053004704,0.00011102857996450818,1.4407954488771257,0.00011524662773005064,7.706061262966756e-05,6.862034031549938e-10,6.862034031549938e-10,8.433119327571501e-17,0.0,37,0.125,-1.0914363839172488e-20,2.5279579903832863,2.9883670921521648e-12
high,warm,10,6,line_trial,False,4.48889126952452,6.827360272039048e-14,0.0058939867405815565,0.00011724838158444805,1.0173693053003634,0.00011102857996441666,1.4407954488772596,0.00011524662772269524,7.706061262959687e-05,1.9931194630822852e-10,1.9931194630822852e-10,8.295352078526062e-17,0.0,49,1.0,-8.356366562392292e-21,2.5279579903832765,2.6148277584877136e-12
high,warm,11,6,line_trial,False,4.488891269524538,6.10100477853368e-10,0.005893986740125742,0.00011724838158819697,1.0173693053004675,0.00011102857996445977,1.4407954488771946,0.00011524662772636835,7.706061262963028e-05,4.427689528327845e-10,4.427689528327845e-10,8.433119327571501e-17,0.0,49,0.5,-8.356366562392292e-21,2.5279579903832765,2.6148277584877136e-12
high,warm,12,6,line_trial,False,4.488891269524461,9.151437524512833e-10,0.005893986739897835,0.00011724838159006659,1.0173693053004316,0.00011102857996448808,1.4407954488771502,0.00011524662772821012,7.70606126296523e-05,5.644952796194063e-10,5.644952796194063e-10,7.99162854094034e-17,0.0,49,0.25,-8.356366562392292e-21,2.5279579903832765,2.6148277584877136e-12
high,warm,13,6,line_trial,False,4.488891269524535,1.0676647368066161e-09,0.005893986739783881,0.00011724838159100533,1.017369305300439,0.00011102857996449733,1.4407954488772226,0.00011524662772913201,7.706061262965486e-05,6.253467691886749e-10,6.253467691886749e-10,8.018713400099428e-17,0.0,49,0.125,-8.356366562392292e-21,2.5279579903832765,2.6148277584877136e-12
high,warm,14,6,line_trial,True,4.488891269524586,1.1439266803555465e-09,0.005893986739726904,0.00011724838159147584,1.0173693053004873,0.00011102857996449915,1.4407954488772188,0.000115246627729589,7.706061262965631e-05,6.557915086700302e-10,6.557915086700302e-10,8.328100663205828e-17,0.0,49,0.0625,-8.356366562392292e-21,2.5279579903832765,2.6148277584877136e-12
high,warm,15,7,line_trial,False,4.488891269524457,6.79448688738201e-14,0.005893986740581542,0.00011724838158444679,1.0173693053004011,0.00011102857996442145,1.440795448877172,0.00011524662772268972,7.70606126296049e-05,1.9930205323702094e-10,1.9930205323702094e-10,6.405717122130434e-17,0.0,61,1.0,-7.344491822763369e-21,2.5279579903832734,2.4514075452562793e-12
high,warm,16,7,line_trial,False,4.488891269524482,5.719702871603569e-10,0.005893986740154224,0.00011724838158796297,1.0173693053004016,0.00011102857996445889,1.4407954488771952,0.00011524662772614582,7.706061262962963e-05,4.2754885849848684e-10,4.2754885849848684e-10,8.281578547472573e-17,0.0,61,0.5,-7.344491822763369e-21,2.5279579903832734,2.4514075452562793e-12
high,warm,17,7,line_trial,False,4.488891269524552,8.579499495931343e-10,0.005893986739940564,0.00011724838158971623,1.0173693053004425,0.00011102857996447534,1.440795448877229,0.00011524662772786452,7.706061262963925e-05,5.416676113857431e-10,5.416676113857431e-10,8.281578547472573e-17,0.0,61,0.25,-7.344491822763369e-21,2.5279579903832734,2.4514075452562793e-12
high,warm,18,7,line_trial,False,4.48889126952457,1.000938095405688e-09,0.005893986739833735,0.00011724838159059437,1.0173693053004362,0.00011102857996449273,1.4407954488772625,0.00011524662772872836,7.706061262964952e-05,5.987249102844178e-10,5.987249102844178e-10,8.295352078526062e-17,0.0,61,0.125,-7.344491822763369e-21,2.5279579903832734,2.4514075452562793e-12
high,warm,19,7,line_trial,True,4.48889126952448,1.0724303177884342e-09,0.00589398673978032,0.00011724838159103332,1.0173693053004225,0.00011102857996449522,1.4407954488771773,0.00011524662772916139,7.706061262965581e-05,6.272509875352542e-10,6.272509875352542e-10,8.433119327571501e-17,0.0,61,0.0625,-7.344491822763369e-21,2.5279579903832734,2.4514075452562793e-12
high,warm,20,8,line_trial,True,4.488891269524514,9.070171263381298e-14,0.005893986740581547,0.00011724838158444662,1.017369305300358,0.00011102857996441746,1.4407954488772605,0.00011524662772269442,7.706061262959739e-05,1.9930304254413948e-10,1.9930304254413948e-10,8.17740287204399e-17,0.0,73,1.0,-6.45511422816757e-21,2.5279579903832663,2.298192252628638e-12
high,warm,21,9,line_trial,True,4.488891269524494,7.096430552296337e-14,0.005893986740581578,0.00011724838158444633,1.0173693053004043,0.00011102857996441705,1.440795448877202,0.00011524662772268892,7.706061262960023e-05,1.9928780721447638e-10,1.9928780721447638e-10,8.055407459995656e-17,0.0,89,1.0,-1.8917602185567765e-29,2.5279579903832663,1.1197743982122927e-16
high,warm,22,10,line_trial,False,4.488891269524537,6.431346216202812e-14,0.0058939867405815955,0.00011724838158444618,1.0173693053003978,0.00011102857996441576,1.440795448877257,0.0001152466277226895,7.70606126295964e-05,1.9930818694116784e-10,1.9930818694116784e-10,8.433119327571501e-17,0.0,105,1.0,-3.986540619394507e-30,2.5279579903832405,4.0586920717219347e-17
high,warm,23,10,line_trial,False,4.488891269524502,6.219378582067505e-14,0.005893986740581588,0.00011724838158444552,1.017369305300391,0.00011102857996441744,1.4407954488772163,0.00011524662772268962,7.706061262959974e-05,1.9929750242426217e-10,1.9929750242426217e-10,8.018713400099428e-17,0.0,105,0.5,-3.986540619394507e-30,2.5279579903832405,4.0586920717219347e-17
high,warm,24,10,line_trial,False,4.488891269524509,6.577941122679693e-14,0.005893986740581583,0.00011724838158444448,1.0173693053003907,0.00011102857996441934,1.4407954488772157,0.00011524662772268862,7.706061262960109e-05,1.9931946504234887e-10,1.9931946504234887e-10,8.341206822049638e-17,0.0,105,0.25,-3.986540619394507e-30,2.5279579903832405,4.0586920717219347e-17
high,warm,25,10,line_trial,False,4.488891269524551,6.967969599662259e-14,0.005893986740581581,0.00011724838158444671,1.0173693053004043,0.0001110285799644193,1.4407954488772607,0.00011524662772268929,7.706061262959865e-05,1.993002724841989e-10,1.993002724841989e-10,8.433119327571501e-17,0.0,105,0.125,-3.986540619394507e-30,2.5279579903832405,4.0586920717219347e-17
high,warm,26,10,line_trial,False,4.488891269524572,7.164028004416899e-14,0.00589398674058158,0.0001172483815844447,1.017369305300418,0.00011102857996441525,1.4407954488772605,0.00011524662772268576,7.706061262959585e-05,1.9929908531565272e-10,1.9929908531565272e-10,8.068199534759084e-17,0.0,105,0.0625,-3.986540619394507e-30,2.5279579903832405,4.0586920717219347e-17
high,warm,27,10,line_trial,False,4.488891269524472,7.007130427399947e-14,0.005893986740581579,0.00011724838158444804,1.01736930530036,0.00011102857996441338,1.4407954488772166,0.0001152466277226956,7.706061262959691e-05,1.993182778738053e-10,1.993182778738053e-10,7.799753836570461e-17,0.0,105,0.03125,-3.986540619394507e-30,2.5279579903832405,4.0586920717219347e-17
high,warm,28,10,line_trial,False,4.488891269524456,6.805628328916191e-14,0.005893986740581578,0.00011724838158444671,1.017369305300401,0.0001110285799644198,1.4407954488771717,0.00011524662772268967,7.706061262960377e-05,1.9932975383641001e-10,1.9932975383641001e-10,8.17740287204399e-17,0.0,105,0.015625,-3.986540619394507e-30,2.5279579903832405,4.0586920717219347e-17
high,warm,29,10,line_trial,False,4.488891269524535,6.972922907265183e-14,0.005893986740581578,0.00011724838158444662,1.0173693053004287,0.00011102857996441682,1.440795448877217,0.00011524662772268643,7.706061262959927e-05,1.9928563073880827e-10,1.9928563073880827e-10,7.890978153836702e-17,0.0,105,0.0078125,-3.986540619394507e-30,2.5279579903832405,4.0586920717219347e-17
high,warm,30,10,line_trial,False,4.488891269524483,7.10022257398162e-14,0.005893986740581578,0.0001172483815844489,1.0173693053004111,0.00011102857996441683,1.440795448877172,0.00011524662772269065,7.70606126296017e-05,1.9929690883999038e-10,1.9929690883999038e-10,8.24338855231878e-17,0.0,105,0.00390625,-3.986540619394507e-30,2.5279579903832405,4.0586920717219347e-17
high,warm,31,10,line_trial,False,4.488891269524516,7.183963829443635e-14,0.005893986740581578,0.00011724838158444521,1.0173693053004111,0.00011102857996441899,1.4407954488772163,0.00011524662772268704,7.706061262960081e-05,1.9929730456283733e-10,1.9929730456283733e-10,7.739433174667323e-17,0.0,105,0.001953125,-3.986540619394507e-30,2.5279579903832405,4.0586920717219347e-17
high,warm,32,10,line_trial,False,4.488891269524558,6.908872193328745e-14,0.005893986740581578,0.00011724838158444607,1.0173693053004011,0.0001110285799644183,1.440795448877257,0.00011524662772268901,7.706061262959816e-05,1.9929473236432078e-10,1.9929473236432078e-10,8.055407459995656e-17,0.0,105,0.0009765625,-3.986540619394507e-30,2.5279579903832405,4.0586920717219347e-17
high,warm,33,10,line_trial,False,4.488891269524583,6.907862591144644e-14,0.005893986740581578,0.00011724838158444406,1.0173693053004182,0.00011102857996441907,1.4407954488772607,0.0001152466277226851,7.70606126295985e-05,1.993166949824067e-10,1.993166949824067e-10,7.812095805729778e-17,0.0,105,0.00048828125,-3.986540619394507e-30,2.5279579903832405,4.0586920717219347e-17
high,warm,34,10,line_trial,False,4.488891269524517,6.961612552498199e-14,0.005893986740581578,0.00011724838158444282,1.0173693053004011,0.0001110285799644141,1.4407954488772163,0.00011524662772268582,7.706061262959741e-05,1.9929037941299004e-10,1.9929037941299004e-10,8.433119327571501e-17,0.0,105,0.000244140625,-3.986540619394507e-30,2.5279579903832405,4.0586920717219347e-17
high,warm,35,10,line_trial,False,4.488891269524501,7.222692624544805e-14,0.005893986740581578,0.00011724838158444541,1.017369305300401,0.00011102857996441552,1.4407954488772161,0.00011524662772268839,7.706061262959842e-05,1.9930145965274636e-10,1.9930145965274636e-10,7.795751966076513e-17,0.0,105,0.0001220703125,-3.986540619394507e-30,2.5279579903832405,4.0586920717219347e-17
high,warm,36,10,line_trial,False,4.4888912695245535,7.138371890719011e-14,0.005893986740581578,0.00011724838158444633,1.0173693053004043,0.00011102857996441687,1.4407954488772607,0.00011524662772268892,7.706061262959697e-05,1.9929572167144202e-10,1.9929572167144202e-10,8.433119327571501e-17,0.0,105,6.103515625e-05,-3.986540619394507e-30,2.5279579903832405,4.0586920717219347e-17
high,warm,37,10,line_trial,False,4.4888912695244905,7.090785501233174e-14,0.005893986740581578,0.00011724838158444633,1.0173693053004043,0.000111028579964419,1.4407954488772006,0.00011524662772268892,7.706061262960167e-05,1.9929037941299123e-10,1.9929037941299123e-10,8.433119327571501e-17,0.0,105,3.0517578125e-05,-3.986540619394507e-30,2.5279579903832405,4.0586920717219347e-17
high,warm,38,10,line_trial,False,4.488891269524494,7.096430552296337e-14,0.005893986740581578,0.00011724838158444633,1.0173693053004043,0.00011102857996441705,1.440795448877202,0.00011524662772268892,7.706061262960023e-05,1.9928780721447638e-10,1.9928780721447638e-10,8.055407459995656e-17,0.0,105,1.52587890625e-05,-3.986540619394507e-30,2.5279579903832405,4.0586920717219347e-17
high,warm,39,10,line_trial,False,4.488891269524494,7.096430552296337e-14,0.005893986740581578,0.00011724838158444633,1.0173693053004043,0.00011102857996441705,1.440795448877202,0.00011524662772268892,7.706061262960023e-05,1.9928780721447638e-10,1.9928780721447638e-10,8.055407459995656e-17,0.0,105,7.62939453125e-06,-3.986540619394507e-30,2.5279579903832405,4.0586920717219347e-17
high,warm,40,10,line_trial,False,4.488891269524494,7.096430552296337e-14,0.005893986740581578,0.00011724838158444633,1.0173693053004043,0.00011102857996441705,1.440795448877202,0.00011524662772268892,7.706061262960023e-05,1.9928780721447638e-10,1.9928780721447638e-10,8.055407459995656e-17,0.0,105,3.814697265625e-06,-3.986540619394507e-30,2.5279579903832405,4.0586920717219347e-17
high,warm,41,10,line_trial,False,4.488891269524494,7.096430552296337e-14,0.005893986740581578,0.00011724838158444633,1.0173693053004043,0.00011102857996441705,1.440795448877202,0.00011524662772268892,7.706061262960023e-05,1.9928780721447638e-10,1.9928780721447638e-10,8.055407459995656e-17,0.0,105,1.9073486328125e-06,-3.986540619394507e-30,2.5279579903832405,4.0586920717219347e-17
high,warm,42,10,line_trial,False,4.488891269524494,7.096430552296337e-14,0.005893986740581578,0.00011724838158444633,1.0173693053004043,0.00011102857996441705,1.440795448877202,0.00011524662772268892,7.706061262960023e-05,1.9928780721447638e-10,1.9928780721447638e-10,8.055407459995656e-17,0.0,105,9.5367431640625e-07,-3.986540619394507e-30,2.5279579903832405,4.0586920717219347e-17
high,warm,43,10,line_trial,False,4.488891269524494,7.096430552296337e-14,0.005893986740581578,0.00011724838158444633,1.0173693053004043,0.00011102857996441705,1.440795448877202,0.00011524662772268892,7.706061262960023e-05,1.9928780721447638e-10,1.9928780721447638e-10,8.055407459995656e-17,0.0,105,4.76837158203125e-07,-3.986540619394507e-30,2.5279579903832405,4.0586920717219347e-17
high,warm,44,10,line_trial,False,4.488891269524494,7.096430552296337e-14,0.005893986740581578,0.00011724838158444633,1.0173693053004043,0.00011102857996441705,1.440795448877202,0.00011524662772268892,7.706061262960023e-05,1.9928780721447638e-10,1.9928780721447638e-10,8.055407459995656e-17,0.0,105,2.384185791015625e-07,-3.986540619394507e-30,2.5279579903832405,4.0586920717219347e-17
high,warm,45,10,line_trial,False,4.488891269524494,7.096430552296337e-14,0.005893986740581578,0.00011724838158444633,1.0173693053004043,0.00011102857996441705,1.440795448877202,0.00011524662772268892,7.706061262960023e-05,1.9928780721447638e-10,1.9928780721447638e-10,8.055407459995656e-17,0.0,105,1.1920928955078125e-07,-3.986540619394507e-30,2.5279579903832405,4.0586920717219347e-17
high,beta,0,0,initial,,4.49072457431964,0.699675975207776,0.0,0.00011062358914094771,1.0174371668036433,0.00011428511369461439,1.4407412462260198,0.00010872768633809613,7.932383000346589e-05,0.10298411747334706,0.10298411747334706,7.890978153836702e-17,0.0,0,,,,
high,beta,1,0,line_trial,True,4.488899881113494,0.03934915031287035,0.005580054819610515,0.00011727263526099467,1.017371844446636,0.0001110886052610475,1.4407935737626798,0.00011527017963110728,7.710237419433789e-05,0.021702359140877366,0.021702359140877366,8.433119327571501e-17,0.0,3,1.0,-0.0020706316525087444,2.528990224791139,0.001061146509224914
high,beta,2,1,line_trial,True,4.488891288565909,0.001988299403263892,0.005622715666118729,0.0001172481670027732,1.0173693076181907,0.00011103102226929074,1.4407954404573882,0.00011524641654196173,7.706230818862347e-05,0.0007021912157236534,0.0007021912157236534,8.075931091205754e-17,0.0,7,1.0,-9.659072092219066e-06,2.5279628391083055,0.00010236463851661036
high,beta,3,2,line_trial,True,4.488891269594291,0.00011023164643625996,0.005623939138647531,0.00011724854204693045,1.0173693143179638,0.00011102865755692254,1.4407954422114277,0.00011524678442413307,7.70606668400536e-05,6.184902029688273e-05,6.184902029688273e-05,8.16231845974335e-17,0.0,11,1.0,-2.136752239353157e-08,2.52795800110454,4.311628206321125e-06
high,beta,4,3,line_trial,True,4.488891269524572,9.82005399636037e-07,0.005624235391683082,0.00011724837970451925,1.017369305186569,0.00011102858384824069,1.4407954489607526,0.00011524662588775253,7.706061532074226e-05,4.1973324755759786e-07,4.1973324755759786e-07,8.176201025281214e-17,0.0,17,1.0,-7.856135080453352e-11,2.527957990422542,2.9732235251565283e-07
high,beta,5,4,line_trial,True,4.4888912695243555,1.3950970637765262e-09,0.005624231974557184,0.00011724838159393931,1.017369305300396,0.0001110285799645755,1.440795448877088,0.00011524662773202076,7.706061262971631e-05,7.203192635011172e-10,7.203192635011172e-10,8.281578547472573e-17,0.0,25,1.0,-5.53002971986935e-15,2.52795799038331,2.1680619687203925e-09
high,beta,6,5,line_trial,False,4.488891269524548,7.218532671176275e-14,0.005624231974907542,0.00011724838158444536,1.0173693053003667,0.00011102857996441634,1.4407954488772898,0.00011524662772269221,7.706061262959504e-05,1.9929631525571487e-10,1.9929631525571487e-10,8.281578547472573e-17,0.0,37,1.0,-1.1139977129209451e-20,2.5279579903832765,3.0612236520516295e-12
high,beta,7,5,line_trial,True,4.488891269524491,6.975578279280332e-10,0.005624231974732363,0.00011724838158919428,1.0173693053004156,0.00011102857996449225,1.4407954488771975,0.00011524662772735453,7.706061262965267e-05,4.598168910039199e-10,4.598168910039199e-10,8.16231845974335e-17,0.0,37,0.5,-1.1139977129209451e-20,2.5279579903832765,3.0612236520516295e-12
high,beta,8,6,line_trial,True,4.488891269524498,9.421809516301635e-14,0.005624231974907554,0.00011724838158444496,1.0173693053003428,0.00011102857996441565,1.4407954488772607,0.00011524662772269453,7.706061262959613e-05,1.993010639298981e-10,1.993010639298981e-10,7.795751966076513e-17,0.0,49,1.0,-2.7850781560328173e-21,2.5279579903832707,1.53064196355354e-12
high,beta,9,7,line_trial,False,4.488891269524476,6.832734192996162e-14,0.005624231974907566,0.00011724838158444466,1.0173693053003652,0.00011102857996441869,1.4407954488772161,0.0001152466277226917,7.706061262960061e-05,1.993081869411705e-10,1.993081869411705e-10,8.383701104335703e-17,0.0,65,1.0,-1.5310856735518217e-29,2.527957990383266,7.876353436330672e-17
high,beta,10,7,line_trial,False,4.488891269524534,6.951186499269416e-14,0.00562423197490756,0.00011724838158444441,1.0173693053004356,0.00011102857996441405,1.4407954488772163,0.00011524662772268347,7.706061262959739e-05,1.9930205323701753e-10,1.9930205323701753e-10,8.64225138387886e-17,0.0,65,0.5,-1.5310856735518217e-29,2.527957990383266,7.876353436330672e-17
high,beta,11,7,line_trial,True,4.488891269524499,8.636913872230915e-14,0.005624231974907558,0.00011724838158444633,1.0173693053003867,0.00011102857996441545,1.4407954488772166,0.0001152466277226909,7.706061262959835e-05,1.9930779121832107e-10,1.9930779121832107e-10,8.018713400099428e-17,0.0,65,0.25,-1.5310856735518217e-29,2.527957990383266,7.876353436330672e-17
high,beta,12,8,line_trial,False,4.4888912695245295,6.549420498742534e-14,0.0056242319749076055,0.0001172483815844475,1.0173693053004174,0.00011102857996441763,1.4407954488772166,0.00011524662772268858,7.706061262959985e-05,1.9931135272395546e-10,1.9931135272395546e-10,6.576364553991015e-17,0.0,81,1.0,-1.0345565130962423e-29,2.5279579903832476,6.575377179154923e-17
high,beta,13,8,line_trial,False,4.488891269524538,7.156606174330941e-14,0.005624231974907582,0.00011724838158444443,1.0173693053004353,0.00011102857996441912,1.4407954488772143,0.00011524662772268353,7.706061262960102e-05,1.993115505853793e-10,1.993115505853793e-10,8.281578547472573e-17,0.0,81,0.5,-1.0345565130962423e-29,2.5279579903832476,6.575377179154923e-17
high,beta,14,8,line_trial,False,4.488891269524432,7.296562441253646e-14,0.00562423197490757,0.00011724838158444588,1.0173693053003263,0.00011102857996441755,1.4407954488772083,0.00011524662772269731,7.706061262960025e-05,1.9930739549547566e-10,1.9930739549547566e-10,7.739433174667323e-17,0.0,81,0.25,-1.0345565130962423e-29,2.5279579903832476,6.575377179154923e-17
high,beta,15,8,line_trial,False,4.488891269524516,7.99898070684474e-14,0.005624231974907563,0.00011724838158444511,1.017369305300408,0.00011102857996441789,1.4407954488772161,0.0001152466277226873,7.706061262960006e-05,1.993362832634062e-10,1.993362832634062e-10,8.018713400099428e-17,0.0,81,0.125,-1.0345565130962423e-29,2.5279579903832476,6.575377179154923e-17
high,beta,16,8,line_trial,False,4.4888912695244905,8.125910212582652e-14,0.00562423197490756,0.0001172483815844458,1.0173693053003874,0.00011102857996441546,1.4407954488772166,0.0001152466277226903,7.706061262959835e-05,1.9931293561535085e-10,1.9931293561535085e-10,7.739433174667323e-17,0.0,81,0.0625,-1.0345565130962423e-29,2.5279579903832476,6.575377179154923e-17
high,beta,17,8,line_trial,False,4.488891269524533,8.511423205664508e-14,0.005624231974907559,0.00011724838158444662,1.0173693053003872,0.00011102857996441836,1.4407954488772576,0.00011524662772269113,7.706061262959817e-05,1.9927534194474958e-10,1.9927534194474958e-10,8.0338703799e-17,0.0,81,0.03125,-1.0345565130962423e-29,2.5279579903832476,6.575377179154923e-17
high,beta,18,8,line_trial,False,4.488891269524492,8.434850775074019e-14,0.005624231974907559,0.00011724838158444494,1.0173693053003807,0.00011102857996441798,1.4407954488772163,0.00011524662772269021,7.706061262960011e-05,1.9931966290377383e-10,1.9931966290377383e-10,8.433119327571501e-17,0.0,81,0.015625,-1.0345565130962423e-29,2.5279579903832476,6.575377179154923e-17
high,beta,19,8,line_trial,False,4.488891269524517,8.479353606203717e-14,0.005624231974907559,0.0001172483815844467,1.0173693053004078,0.00011102857996441344,1.4407954488772166,0.00011524662772268887,7.706061262959695e-05,1.9928444357026382e-10,1.9928444357026382e-10,8.19244436317235e-17,0.0,81,0.0078125,-1.0345565130962423e-29,2.5279579903832476,6.575377179154923e-17
high,beta,20,8,line_trial,False,4.488891269524514,8.732292104341205e-14,0.005624231974907559,0.00011724838158444723,1.0173693053004011,0.00011102857996441683,1.4407954488772163,0.00011524662772269014,7.706061262959931e-05,1.9929948103850374e-10,1.9929948103850374e-10,8.068199534759084e-17,0.0,81,0.00390625,-1.0345565130962423e-29,2.5279579903832476,6.575377179154923e-17
high,beta,21,8,line_trial,False,4.488891269524443,8.594175655364365e-14,0.005624231974907558,0.00011724838158444641,1.0173693053003832,0.00011102857996441596,1.4407954488771717,0.00011524662772269139,7.70606126296011e-05,1.992931494729322e-10,1.992931494729322e-10,8.068199534759084e-17,0.0,81,0.001953125,-1.0345565130962423e-29,2.5279579903832476,6.575377179154923e-17
high,beta,22,8,line_trial,False,4.488891269524467,8.48355242036831e-14,0.005624231974907558,0.00011724838158444557,1.0173693053003536,0.00011102857996441722,1.4407954488772161,0.00011524662772269391,7.70606126295996e-05,1.9930304254414152e-10,1.9930304254414152e-10,1.1987442811410512e-16,0.0,81,0.0009765625,-1.0345565130962423e-29,2.5279579903832476,6.575377179154923e-17
high,beta,23,8,line_trial,False,4.488891269524448,8.436210509370094e-14,0.005624231974907558,0.00011724838158444549,1.0173693053004351,0.00011102857996441595,1.440795448877127,0.0001152466277226846,7.706061262960348e-05,1.9929552381002251e-10,1.9929552381002251e-10,7.54780181175059e-17,0.0,81,0.00048828125,-1.0345565130962423e-29,2.5279579903832476,6.575377179154923e-17
high,beta,24,8,line_trial,False,4.488891269524595,8.592613719946121e-14,0.005624231974907558,0.00011724838158444685,1.0173693053004045,0.00011102857996441634,1.4407954488773074,0.0001152466277226894,7.70606126295941e-05,1.9929433664147072e-10,1.9929433664147072e-10,8.341206822049638e-17,0.0,81,0.000244140625,-1.0345565130962423e-29,2.5279579903832476,6.575377179154923e-17
high,beta,25,8,line_trial,False,4.488891269524525,8.486254759466897e-14,0.005624231974907558,0.00011724838158444537,1.0173693053003812,0.00011102857996441453,1.4407954488772607,0.00011524662772269059,7.706061262959534e-05,1.993099676939862e-10,1.993099676939862e-10,7.799753836570461e-17,0.0,81,0.0001220703125,-1.0345565130962423e-29,2.5279579903832476,6.575377179154923e-17
high,beta,26,8,line_trial,False,4.488891269524544,8.626996813711371e-14,0.005624231974907558,0.00011724838158444685,1.0173693053004078,0.00011102857996441163,1.4407954488772492,0.00011524662772268901,7.706061262959394e-05,1.993020532370171e-10,1.993020532370171e-10,8.055407459995656e-17,0.0,81,6.103515625e-05,-1.0345565130962423e-29,2.5279579903832476,6.575377179154923e-17
high,beta,27,8,line_trial,False,4.488891269524453,8.579484920830817e-14,0.005624231974907558,0.00011724838158444633,1.0173693053003867,0.00011102857996441512,1.440795448877172,0.0001152466277226909,7.70606126296005e-05,1.993176842895335e-10,1.993176842895335e-10,8.433119327571501e-17,0.0,81,3.0517578125e-05,-1.0345565130962423e-29,2.5279579903832476,6.575377179154923e-17
high,beta,28,8,line_trial,False,4.488891269524499,8.636913872230915e-14,0.005624231974907558,0.00011724838158444633,1.0173693053003867,0.00011102857996441545,1.4407954488772166,0.0001152466277226909,7.706061262959835e-05,1.9930779121832107e-10,1.9930779121832107e-10,8.018713400099428e-17,0.0,81,1.52587890625e-05,-1.0345565130962423e-29,2.5279579903832476,6.575377179154923e-17
high,beta,29,8,line_trial,False,4.488891269524499,8.636913872230915e-14,0.005624231974907558,0.00011724838158444633,1.0173693053003867,0.00011102857996441545,1.4407954488772166,0.0001152466277226909,7.706061262959835e-05,1.9930779121832107e-10,1.9930779121832107e-10,8.018713400099428e-17,0.0,81,7.62939453125e-06,-1.0345565130962423e-29,2.5279579903832476,6.575377179154923e-17
high,beta,30,8,line_trial,False,4.488891269524499,8.636913872230915e-14,0.005624231974907558,0.00011724838158444633,1.0173693053003867,0.00011102857996441545,1.4407954488772166,0.0001152466277226909,7.706061262959835e-05,1.9930779121832107e-10,1.9930779121832107e-10,8.018713400099428e-17,0.0,81,3.814697265625e-06,-1.0345565130962423e-29,2.5279579903832476,6.575377179154923e-17
high,beta,31,8,line_trial,False,4.488891269524499,8.636913872230915e-14,0.005624231974907558,0.00011724838158444633,1.0173693053003867,0.00011102857996441545,1.4407954488772166,0.0001152466277226909,7.706061262959835e-05,1.9930779121832107e-10,1.9930779121832107e-10,8.018713400099428e-17,0.0,81,1.9073486328125e-06,-1.0345565130962423e-29,2.5279579903832476,6.575377179154923e-17
high,beta,32,8,line_trial,False,4.488891269524499,8.636913872230915e-14,0.005624231974907558,0.00011724838158444633,1.0173693053003867,0.00011102857996441545,1.4407954488772166,0.0001152466277226909,7.706061262959835e-05,1.9930779121832107e-10,1.9930779121832107e-10,8.018713400099428e-17,0.0,81,9.5367431640625e-07,-1.0345565130962423e-29,2.5279579903832476,6.575377179154923e-17
high,beta,33,8,line_trial,False,4.488891269524499,8.636913872230915e-14,0.005624231974907558,0.00011724838158444633,1.0173693053003867,0.00011102857996441545,1.4407954488772166,0.0001152466277226909,7.706061262959835e-05,1.9930779121832107e-10,1.9930779121832107e-10,8.018713400099428e-17,0.0,81,4.76837158203125e-07,-1.0345565130962423e-29,2.5279579903832476,6.575377179154923e-17
high,beta,34,8,line_trial,False,4.488891269524499,8.636913872230915e-14,0.005624231974907558,0.00011724838158444633,1.0173693053003867,0.00011102857996441545,1.4407954488772166,0.0001152466277226909,7.706061262959835e-05,1.9930779121832107e-10,1.9930779121832107e-10,8.018713400099428e-17,0.0,81,2.384185791015625e-07,-1.0345565130962423e-29,2.5279579903832476,6.575377179154923e-17
high,beta,35,8,line_trial,False,4.488891269524499,8.636913872230915e-14,0.005624231974907558,0.00011724838158444633,1.0173693053003867,0.00011102857996441545,1.4407954488772166,0.0001152466277226909,7.706061262959835e-05,1.9930779121832107e-10,1.9930779121832107e-10,8.018713400099428e-17,0.0,81,1.1920928955078125e-07,-1.0345565130962423e-29,2.5279579903832476,6.575377179154923e-17
high,zero,0,0,initial,,4.490710574802768,0.6957645849988787,5.617149802562804e-20,0.00011092507065041897,1.0174378944144256,0.00011368892833901456,1.4407401946032938,0.00010902392299262707,7.891008300099428e-05,0.10026704860050448,0.10026704860050448,7.742844630491892e-17,0.0,0,,,,
high,zero,1,0,line_trial,True,4.488900194041019,0.039888634824384615,0.005565042322581172,0.0001172722441787138,1.0173718984141622,0.00011108368629898934,1.440793506416483,0.00011526978911203758,7.709896373372391e-05,0.022587707619943893,0.022587707619943893,8.433119327571501e-17,0.0,3,1.0,-0.0020514541953605726,2.528982342759735,0.001058310456004979
high,zero,2,1,line_trial,True,4.488891287692738,0.0019323950740559725,0.005625087166535499,0.00011724530309542005,1.0173693094700054,0.0001110324778042198,1.4407954391926283,0.00011524360131966094,7.70633184863762e-05,0.0006839868672678238,0.0006839868672678238,6.199427776247566e-17,0.0,7,1.0,-1.0007151112388862e-05,2.527963015301268,0.00010504760593098212
high,zero,3,2,line_trial,True,4.488891269592403,0.0001083862845409937,0.005626571229510578,0.00011724849869255356,1.017369314300749,0.00011102868745211438,1.440795442134143,0.00011524674181188566,7.706068759327546e-05,6.205488945569464e-05,6.205488945569464e-05,1.1718143708594666e-16,0.0,11,1.0,-2.038680875716087e-08,2.527958000612953,4.227543499360111e-06
high,zero,4,3,line_trial,True,4.488891269524519,9.253122681154229e-07,0.005626930202995634,0.0001172483807334989,1.017369305189146,0.00011102858316149344,1.4407954489593555,0.00011524662689887274,7.706061484417247e-05,4.698817704333216e-07,4.698817704333216e-07,8.17740287204399e-17,0.0,17,1.0,-7.642753852562343e-11,2.5279579904215073,2.948743820012899e-07
high,zero,5,4,line_trial,True,4.488891269524481,1.303405141663849e-09,0.005626926555923287,0.00011724838159273754,1.0173693053004493,0.00011102857996367192,1.4407954488771684,0.00011524662773083346,7.706061262908487e-05,7.033205928245939e-10,7.033205928245939e-10,6.261877873740514e-17,0.0,25,1.0,-5.013816284356791e-15,2.527957990383323,2.0741074308300173e-09
high,zero,6,5,line_trial,True,4.488891269524579,1.3104297109665214e-13,0.005626926556384232,0.00011724838158444298,1.0173693053004216,0.0001110285799644224,1.4407954488772607,0.00011524662772268366,7.70606126296008e-05,1.9931056127825644e-10,1.9931056127825644e-10,8.433119327571501e-17,0.0,37,1.0,-9.700600724784147e-21,2.5279579903833054,2.8492561847930427e-12
high,zero,7,6,line_trial,True,4.48889126952445,6.427221720533822e-14,0.005626926556384233,0.00011724838158444719,1.0173693053004353,0.00011102857996441798,1.440795448877127,0.00011524662772268624,7.70606126296049e-05,1.993139249224737e-10,1.993139249224737e-10,7.795751966076513e-17,0.0,53,1.0,-3.389798506448257e-29,2.5279579903832805,1.3492144830080967e-16
high,zero,8,7,line_trial,False,4.488891269524501,6.68256726890818e-14,0.005626926556384239,0.00011724838158444401,1.017369305300384,0.00011102857996441484,1.4407954488772217,0.00011524662772268892,7.706061262959764e-05,1.9928840079874868e-10,1.9928840079874868e-10,8.17740287204399e-17,0.0,69,1.0,-4.5209500229722275e-30,2.527957990383265,4.6131386650253134e-17
high,zero,9,7,line_trial,False,4.488891269524442,6.543797496106011e-14,0.0056269265563842355,0.00011724838158444503,1.0173693053003836,0.00011102857996441594,1.4407954488771717,0.00011524662772268998,7.706061262960109e-05,1.9928582860023662e-10,1.9928582860023662e-10,7.941244452591785e-17,0.0,69,0.5,-4.5209500229722275e-30,2.527957990383265,4.6131386650253134e-17
high,zero,10,7,line_trial,True,4.488891269524584,6.348370323939213e-14,0.005626926556384235,0.0001172483815844454,1.0173693053004287,0.00011102857996441656,1.4407954488772605,0.00011524662772268523,7.706061262959676e-05,1.9930561474265105e-10,1.9930561474265105e-10,7.799753836570461e-17,0.0,69,0.25,-4.5209500229722275e-30,2.527957990383265,4.6131386650253134e-17
high,zero,11,8,line_trial,False,4.488891269524529,6.883442281245161e-14,0.005626926556384224,0.00011724838158444624,1.017369305300411,0.00011102857996441656,1.44079544887723,0.00011524662772268807,7.706061262959839e-05,1.9928859866017165e-10,1.9928859866017165e-10,8.17740287204399e-17,0.0,85,1.0,-3.0010746991005775e-30,2.5279579903832445,3.5471868765581035e-17
high,zero,12,8,line_trial,False,4.488891269524482,6.734544166649759e-14,0.0056269265563842295,0.00011724838158444354,1.0173693053003703,0.00011102857996442018,1.4407954488772157,0.00011524662772269002,7.706061262960167e-05,1.9931056127826076e-10,1.9931056127826076e-10,8.341206822049638e-17,0.0,85,0.5,-3.0010746991005775e-30,2.5279579903832445,3.5471868765581035e-17
high,zero,13,8,line_trial,False,4.488891269524542,6.533872310713358e-14,0.005626926556384232,0.00011724838158444396,1.0173693053004351,0.00011102857996441613,1.4407954488772157,0.00011524662772268309,7.706061262959886e-05,1.9934103193758603e-10,1.9934103193758603e-10,8.341206822049638e-17,0.0,85,0.25,-3.0010746991005775e-30,2.5279579903832445,3.5471868765581035e-17
high,zero,14,8,line_trial,False,4.48889126952454,6.573529953494131e-14,0.005626926556384234,0.00011724838158444515,1.0173693053003874,0.00011102857996441419,1.4407954488772607,0.00011524662772268967,7.706061262959511e-05,1.9928246495602072e-10,1.9928246495602072e-10,8.176201025281214e-17,0.0,85,0.125,-3.0010746991005775e-30,2.5279579903832445,3.5471868765581035e-17
high,zero,15,8,line_trial,False,4.488891269524482,6.576154300583888e-14,0.005626926556384234,0.00011724838158444373,1.0173693053004251,0.0001110285799644173,1.4407954488771715,0.00011524662772268399,7.706061262960205e-05,1.9929196230438527e-10,1.9929196230438527e-10,8.281578547472573e-17,0.0,85,0.0625,-3.0010746991005775e-30,2.5279579903832445,3.5471868765581035e-17
high,zero,16,8,line_trial,False,4.488891269524477,6.479649444978569e-14,0.005626926556384234,0.00011724838158444477,1.0173693053004285,0.0001110285799644198,1.4407954488771542,0.00011524662772268464,7.70606126296047e-05,1.9929156658153705e-10,1.9929156658153705e-10,8.16231845974335e-17,0.0,85,0.03125,-3.0010746991005775e-30,2.5279579903832445,3.5471868765581035e-17
high,zero,17,8,line_trial,False,4.488891269524503,6.392615680428023e-14,0.005626926556384235,0.00011724838158444588,1.0173693053003936,0.00011102857996441691,1.4407954488772166,0.00011524662772268968,7.706061262959936e-05,1.9930957197113878e-10,1.9930957197113878e-10,7.92015921303986e-17,0.0,85,0.015625,-3.0010746991005775e-30,2.5279579903832445,3.5471868765581035e-17
high,zero,18,8,line_trial,False,4.4888912695244985,6.291291148182346e-14,0.005626926556384234,0.00011724838158444694,1.0173693053003978,0.00011102857996441979,1.4407954488772112,0.00011524662772269025,7.706061262960164e-05,1.9930086606847385e-10,1.9930086606847385e-10,7.99162854094034e-17,0.0,85,0.0078125,-3.0010746991005775e-30,2.5279579903832445,3.5471868765581035e-17
high,zero,19,8,line_trial,False,4.48889126952452,6.367875168675275e-14,0.005626926556384234,0.00011724838158444346,1.017369305300384,0.00011102857996441904,1.4407954488772416,0.00011524662772268838,7.70606126295995e-05,1.993301495592556e-10,1.993301495592556e-10,8.018713400099428e-17,0.0,85,0.00390625,-3.0010746991005775e-30,2.5279579903832445,3.5471868765581035e-17
high,zero,20,8,line_trial,False,4.488891269524489,6.265730617325756e-14,0.005626926556384234,0.00011724838158444731,1.0173693053004247,0.00011102857996441634,1.4407954488771715,0.00011524662772268756,7.706061262960137e-05,1.993066040497763e-10,1.993066040497763e-10,8.341206822049638e-17,0.0,85,0.001953125,-3.0010746991005775e-30,2.5279579903832445,3.5471868765581035e-17
high,zero,21,8,line_trial,False,4.488891269524577,6.242258191328461e-14,0.005626926556384235,0.00011724838158444538,1.017369305300401,0.00011102857996441352,1.4407954488772756,0.00011524662772268836,7.706061262959385e-05,1.993143206453165e-10,1.993143206453165e-10,8.107039604759115e-17,0.0,85,0.0009765625,-3.0010746991005775e-30,2.5279579903832445,3.5471868765581035e-17
high,zero,22,8,line_trial,False,4.488891269524497,6.343401990237845e-14,0.005626926556384235,0.00011724838158444259,1.0173693053004245,0.00011102857996441556,1.4407954488771761,0.00011524662772268294,7.706061262960058e-05,1.99297106701414e-10,1.99297106701414e-10,8.16231845974335e-17,0.0,85,0.00048828125,-3.0010746991005775e-30,2.5279579903832445,3.5471868765581035e-17
high,zero,23,8,line_trial,False,4.488891269524556,6.4232249599395e-14,0.005626926556384235,0.00011724838158444462,1.0173693053004078,0.00011102857996441762,1.4407954488772607,0.00011524662772268683,7.706061262959748e-05,1.9928305854029264e-10,1.9928305854029264e-10,8.281578547472573e-17,0.0,85,0.000244140625,-3.0010746991005775e-30,2.5279579903832445,3.5471868765581035e-17
high,zero,24,8,line_trial,False,4.4888912695245615,6.30103248458474e-14,0.005626926556384235,0.00011724838158444624,1.0173693053004151,0.00011102857996441656,1.4407954488772605,0.00011524662772268759,7.706061262959676e-05,1.9929868959280476e-10,1.9929868959280476e-10,8.573359132474568e-17,0.0,85,0.0001220703125,-3.0010746991005775e-30,2.5279579903832445,3.5471868765581035e-17
high,zero,25,8,line_trial,False,4.488891269524584,6.348370323939213e-14,0.005626926556384235,0.0001172483815844454,1.0173693053004287,0.00011102857996441656,1.4407954488772605,0.00011524662772268523,7.706061262959676e-05,1.9930561474265105e-10,1.9930561474265105e-10,7.799753836570461e-17,0.0,85,6.103515625e-05,-3.0010746991005775e-30,2.5279579903832445,3.5471868765581035e-17
high,zero,26,8,line_trial,False,4.488891269524584,6.348370323939213e-14,0.005626926556384235,0.0001172483815844454,1.0173693053004287,0.00011102857996441656,1.4407954488772605,0.00011524662772268523,7.706061262959676e-05,1.9930561474265105e-10,1.9930561474265105e-10,7.799753836570461e-17,0.0,85,3.0517578125e-05,-3.0010746991005775e-30,2.5279579903832445,3.5471868765581035e-17
high,zero,27,8,line_trial,False,4.488891269524584,6.348370323939213e-14,0.005626926556384235,0.0001172483815844454,1.0173693053004287,0.00011102857996441656,1.4407954488772605,0.00011524662772268523,7.706061262959676e-05,1.9930561474265105e-10,1.9930561474265105e-10,7.799753836570461e-17,0.0,85,1.52587890625e-05,-3.0010746991005775e-30,2.5279579903832445,3.5471868765581035e-17
high,zero,28,8,line_trial,False,4.488891269524584,6.348370323939213e-14,0.005626926556384235,0.0001172483815844454,1.0173693053004287,0.00011102857996441656,1.4407954488772605,0.00011524662772268523,7.706061262959676e-05,1.9930561474265105e-10,1.9930561474265105e-10,7.799753836570461e-17,0.0,85,7.62939453125e-06,-3.0010746991005775e-30,2.5279579903832445,3.5471868765581035e-17
high,zero,29,8,line_trial,False,4.488891269524584,6.348370323939213e-14,0.005626926556384235,0.0001172483815844454,1.0173693053004287,0.00011102857996441656,1.4407954488772605,0.00011524662772268523,7.706061262959676e-05,1.9930561474265105e-10,1.9930561474265105e-10,7.799753836570461e-17,0.0,85,3.814697265625e-06,-3.0010746991005775e-30,2.5279579903832445,3.5471868765581035e-17
high,zero,30,8,line_trial,False,4.488891269524584,6.348370323939213e-14,0.005626926556384235,0.0001172483815844454,1.0173693053004287,0.00011102857996441656,1.4407954488772605,0.00011524662772268523,7.706061262959676e-05,1.9930561474265105e-10,1.9930561474265105e-10,7.799753836570461e-17,0.0,85,1.9073486328125e-06,-3.0010746991005775e-30,2.5279579903832445,3.5471868765581035e-17
high,zero,31,8,line_trial,False,4.488891269524584,6.348370323939213e-14,0.005626926556384235,0.0001172483815844454,1.0173693053004287,0.00011102857996441656,1.4407954488772605,0.00011524662772268523,7.706061262959676e-05,1.9930561474265105e-10,1.9930561474265105e-10,7.799753836570461e-17,0.0,85,9.5367431640625e-07,-3.0010746991005775e-30,2.5279579903832445,3.5471868765581035e-17
high,zero,32,8,line_trial,False,4.488891269524584,6.348370323939213e-14,0.005626926556384235,0.0001172483815844454,1.0173693053004287,0.00011102857996441656,1.4407954488772605,0.00011524662772268523,7.706061262959676e-05,1.9930561474265105e-10,1.9930561474265105e-10,7.799753836570461e-17,0.0,85,4.76837158203125e-07,-3.0010746991005775e-30,2.5279579903832445,3.5471868765581035e-17
high,zero,33,8,line_trial,False,4.488891269524584,6.348370323939213e-14,0.005626926556384235,0.0001172483815844454,1.0173693053004287,0.00011102857996441656,1.4407954488772605,0.00011524662772268523,7.706061262959676e-05,1.9930561474265105e-10,1.9930561474265105e-10,7.799753836570461e-17,0.0,85,2.384185791015625e-07,-3.0010746991005775e-30,2.5279579903832445,3.5471868765581035e-17
high,zero,34,8,line_trial,False,4.488891269524584,6.348370323939213e-14,0.005626926556384235,0.0001172483815844454,1.0173693053004287,0.00011102857996441656,1.4407954488772605,0.00011524662772268523,7.706061262959676e-05,1.9930561474265105e-10,1.9930561474265105e-10,7.799753836570461e-17,0.0,85,1.1920928955078125e-07,-3.0010746991005775e-30,2.5279579903832445,3.5471868765581035e-17
ablation,warm,0,0,initial,,6.289687328650441,0.46102772981156054,6.063712918128653e-20,0.00016850943308428806,1.4148505793406052,0.0001603302829607944,1.8302108119331804,0.00011910051530870653,8.760208491580474e-05,0.06883982012576761,0.06883982012576761,4.490134677115825e-17,0.0,0,,,,
ablation,warm,1,0,line_trial,True,6.288374923963258,0.03975486026118185,0.005917028485599265,0.0001707667914541346,1.4148121247604566,0.00016036756672900624,1.8302453669580692,0.00012069927057138228,8.762080190130063e-05,0.01602292867773731,0.01602292867773731,4.3888753210852065e-17,0.0,2,1.0,-0.0011306229543480769,2.698430515032801,0.0007786226805619376
ablation,warm,2,1,line_trial,True,6.288362686184172,0.0017057859426686506,0.006035217058738796,0.00017088612002542965,1.4148080428512333,0.00016035989402083905,1.8302486114038468,0.0001207839613924207,8.761645441044152e-05,0.0009076551249391988,0.0009076551249391988,4.523370040595184e-17,0.0,5,1.0,-1.0488073898864867e-05,2.697867573142503,9.030864847803804e-05
ablation,warm,3,2,line_trial,True,6.288362665018944,0.0001031017931618699,0.006037431589941931,0.000170887053282365,1.4148080331513198,0.0001603509368878853,1.8302486212866058,0.0001207846218555418,8.761155999405357e-05,4.7227170019613684e-05,4.7227170019613684e-05,4.6017712106744777e-17,0.0,8,1.0,-1.815931676792213e-08,2.6978623238811106,3.721531138324889e-06
ablation,warm,4,3,line_trial,True,6.288362664943877,5.999515806025744e-07,0.006037711564944854,0.0001708873997116873,1.4148080286637637,0.00016035095902053727,1.8302486250597834,0.00012078486709824825,8.761157190613901e-05,1.9369454793049133e-07,1.9369454793049133e-07,6.609010581680903e-17,0.0,13,1.0,-6.440748090068046e-11,2.697862314802482,2.1643223857243776e-07
ablation,warm,5,4,line_trial,False,6.288362664943936,2.7900586264251823e-10,0.006037709569284423,0.00017088739650811507,1.4148080286923028,0.00016035096012789,1.8302486250364094,0.00012078486483149597,8.761157251228648e-05,3.240319646520838e-10,3.240319646520838e-10,4.818957507884096e-17,0.0,20,1.0,-2.017198379574034e-15,2.6978623147702776,1.1110939089313103e-09
ablation,warm,6,4,line_trial,True,6.288362664943913,2.999783805796333e-07,0.006037710567113243,0.0001708873981098964,1.4148080286779863,0.00016035095957421452,1.8302486250481476,0.00012078486596487273,8.761157220921077e-05,9.695388672844924e-08,9.695388672844924e-08,4.5724502795301405e-17,0.0,20,0.5,-2.017198379574034e-15,2.6978623147702776,1.1110939089313103e-09
ablation,warm,7,5,line_trial,False,6.288362664943799,1.3954108722433317e-10,0.006037709569699393,0.00017088739650935765,1.4148080286922615,0.00016035096012835716,1.8302486250363095,0.00012078486483237776,8.76115725125465e-05,2.616461138081379e-10,2.616461138081379e-10,4.818957507884096e-17,0.0,27,1.0,-5.043088898704954e-16,2.6978623147702723,5.555537492803377e-10
ablation,warm,8,5,line_trial,False,6.288362664944041,1.4999048565521537e-07,0.006037710068405968,0.0001708873973096299,1.414808028685178,0.00016035095985129097,1.8302486250423595,0.00012078486539862266,8.761157236087518e-05,4.8580328403707345e-08,4.8580328403707345e-08,4.6736047459125165e-17,0.0,27,0.5,-5.043088898704954e-16,2.6978623147702723,5.555537492803377e-10
ablation,warm,9,5,line_trial,False,6.288362664943795,2.2498442810245103e-07,0.006037710317759519,0.00017088739770976455,1.4148080286814952,0.00016035095971274885,1.830248625045156,0.00012078486568175611,8.761157228504552e-05,7.276707345623315e-08,7.276707345623315e-08,3.4852146897559373e-17,0.0,27,0.25,-5.043088898704954e-16,2.6978623147702723,5.555537492803377e-10
ablation,warm,10,5,line_trial,False,6.288362664943817,2.624814036930982e-07,0.006037710442436359,0.00017088739790983422,1.4148080286797735,0.0001603509596434816,1.8302486250465846,0.00012078486582331428,8.761157224713131e-05,8.486046886363442e-08,8.486046886363442e-08,4.5832538870096076e-17,0.0,27,0.125,-5.043088898704954e-16,2.6978623147702723,5.555537492803377e-10
ablation,warm,11,5,line_trial,False,6.28836266494385,2.812298905213685e-07,0.006037710504774795,0.0001708873980098667,1.4148080286788343,0.00016035095960884594,1.8302486250473908,0.00012078486589409838,8.76115722281687e-05,9.090719531000078e-08,9.090719531000078e-08,4.473516351407803e-17,0.0,27,0.0625,-5.043088898704954e-16,2.6978623147702723,5.555537492803377e-10
ablation,warm,12,5,line_trial,False,6.28836266494381,2.9060413624760535e-07,0.006037710535944017,0.00017088739805988523,1.4148080286784461,0.00016035095959154248,1.830248625047667,0.0001207848659294851,8.761157221870132e-05,9.393053197976354e-08,9.393053197976354e-08,4.818957507884096e-17,0.0,27,0.03125,-5.043088898704954e-16,2.6978623147702723,5.555537492803377e-10
ablation,warm,13,5,line_trial,False,6.288362664943877,2.9529125749658127e-07,0.00603771055152863,0.00017088739808489214,1.4148080286782565,0.00016035095958286596,1.830248625047882,0.00012078486594717642,8.761157221395042e-05,9.544221345011264e-08,9.544221345011264e-08,4.5869947359369986e-17,0.0,27,0.015625,-5.043088898704954e-16,2.6978623147702723,5.555537492803377e-10
ablation,warm,14,5,line_trial,False,6.2883626649437705,2.976348172283877e-07,0.006037710559320937,0.000170887398097392,1.4148080286780538,0.00016035095957854046,1.830248625047963,0.00012078486595602875,8.761157221158318e-05,9.619804401589394e-08,9.619804401589394e-08,4.5953790598057024e-17,0.0,27,0.0078125,-5.043088898704954e-16,2.6978623147702723,5.555537492803377e-10
ablation,warm,15,5,line_trial,False,6.288362664943996,2.9880659933178176e-07,0.006037710563217089,0.00017088739810364789,1.4148080286781115,0.00016035095957639157,1.83024862504811,0.00012078486596044554,8.761157221040205e-05,9.657597462349418e-08,9.657597462349418e-08,4.6291365135464776e-17,0.0,27,0.00390625,-5.043088898704954e-16,2.6978623147702723,5.555537492803377e-10
ablation,warm,16,5,line_trial,False,6.288362664943903,2.9939248931159553e-07,0.006037710565165166,0.00017088739810677407,1.4148080286780533,0.00016035095957529292,1.8302486250480754,0.00012078486596266013,8.761157220980344e-05,9.676493258273414e-08,9.676493258273414e-08,4.818957507884096e-17,0.0,27,0.001953125,-5.043088898704954e-16,2.6978623147702723,5.555537492803377e-10
ablation,warm,17,5,line_trial,False,6.288362664943824,2.9968543338958307e-07,0.006037710566139204,0.0001708873981083375,1.4148080286779707,0.00016035095957475724,1.830248625048086,0.00012078486596377222,8.761157220951026e-05,9.68593992037144e-08,9.68593992037144e-08,4.442170441859088e-17,0.0,27,0.0009765625,-5.043088898704954e-16,2.6978623147702723,5.555537492803377e-10
ablation,warm,18,5,line_trial,False,6.288362664943781,2.9983190515911e-07,0.006037710566626224,0.00017088739810912248,1.4148080286779672,0.00016035095957448164,1.8302486250480396,0.00012078486596432736,8.761157220936188e-05,9.690665468913617e-08,9.690665468913617e-08,4.5832538870096076e-17,0.0,27,0.00048828125,-5.043088898704954e-16,2.6978623147702723,5.555537492803377e-10
ablation,warm,19,5,line_trial,False,6.288362664943802,2.9990514290286957e-07,0.006037710566869733,0.00017088739810950597,1.4148080286779754,0.000160350959574349,1.8302486250480443,0.0001207848659645977,8.76115722092892e-05,9.69302763584575e-08,9.69302763584575e-08,4.5465152873756306e-17,0.0,27,0.000244140625,-5.043088898704954e-16,2.6978623147702723,5.555537492803377e-10
ablation,warm,20,5,line_trial,False,6.288362664943873,2.999417601256949e-07,0.006037710566991488,0.00017088739810970128,1.4148080286779754,0.00016035095957428125,1.8302486250481278,0.00012078486596473577,8.761157220924818e-05,9.694208090786592e-08,9.694208090786592e-08,4.818957507884096e-17,0.0,27,0.0001220703125,-5.043088898704954e-16,2.6978623147702723,5.555537492803377e-10
ablation,warm,21,5,line_trial,True,6.2883626649438105,2.9996007237552183e-07,0.006037710567052366,0.00017088739810980176,1.4148080286779452,0.00016035095957424807,1.8302486250480967,0.00012078486596480936,8.761157220923155e-05,9.694797816849475e-08,9.694797816849475e-08,4.523370040595184e-17,0.0,27,6.103515625e-05,-5.043088898704954e-16,2.6978623147702723,5.555537492803377e-10
ablation,warm,22,6,line_trial,False,6.2883626649438735,1.395319304716031e-10,0.006037709569699422,0.0001708873965093598,1.4148080286922808,0.00016035096012835735,1.830248625036361,0.00012078486483237763,8.761157251254414e-05,2.616478087073644e-10,2.616478087073644e-10,4.628565474447624e-17,0.0,34,1.0,-5.042473355196214e-16,2.6978623147702536,5.555198434219945e-10
ablation,warm,23,6,line_trial,False,6.288362664943747,1.4998133226704719e-07,0.006037710068375545,0.00017088739730957892,1.4148080286850566,0.00016035095985130528,1.8302486250422025,0.000120784865398597,8.76115723608905e-05,4.857737899656687e-08,4.857737899656687e-08,4.6805796504910795e-17,0.0,34,0.5,-5.042473355196214e-16,2.6978623147702536,5.555198434219945e-10
ablation,warm,24,6,line_trial,False,6.28836266494391,2.249706970952133e-07,0.006037710317713867,0.00017088739770969343,1.4148080286815574,0.00016035095971276748,1.8302486250452215,0.00012078486568170053,8.761157228505256e-05,7.276263395018304e-08,7.276263395018304e-08,4.5374475624448906e-17,0.0,34,0.25,-5.042473355196214e-16,2.6978623147702536,5.555198434219945e-10
ablation,warm,25,6,line_trial,False,6.2883626649440085,2.6246538184846456e-07,0.0060377104423830945,0.0001708873979097469,1.4148080286797686,0.00016035095964351252,1.830248625046781,0.00012078486582325297,8.76115722471388e-05,8.485531608749057e-08,8.485531608749057e-08,4.774106587998363e-17,0.0,34,0.125,-5.042473355196214e-16,2.6978623147702536,5.555198434219945e-10
ablation,warm,26,6,line_trial,False,6.288362664943859,2.8121272571838235e-07,0.006037710504717724,0.0001708873980097804,1.4148080286789066,0.00016035095960888614,1.83024862504734,0.00012078486589403121,8.76115722281931e-05,9.090164225515801e-08,9.090164225515801e-08,6.943704770319716e-17,0.0,34,0.0625,-5.042473355196214e-16,2.6978623147702536,5.555198434219945e-10
ablation,warm,27,6,line_trial,False,6.288362664943769,2.905863979722714e-07,0.006037710535885045,0.00017088739805978884,1.4148080286784048,0.00016035095959157555,1.8302486250476664,0.00012078486592942051,8.761157221871941e-05,9.392481112989777e-08,9.392481112989777e-08,6.696550227384821e-17,0.0,34,0.03125,-5.042473355196214e-16,2.6978623147702536,5.555198434219945e-10
ablation,warm,28,6,line_trial,False,6.288362664943779,2.9527323311914355e-07,0.006037710551468704,0.00017088739808479515,1.4148080286781624,0.0001603509595829099,1.8302486250478807,0.00012078486594711591,8.761157221397448e-05,9.543640051072293e-08,9.543640051072293e-08,4.6291365135464776e-17,0.0,34,0.015625,-5.042473355196214e-16,2.6978623147702536,5.555198434219945e-10
ablation,warm,29,6,line_trial,False,6.288362664943864,2.976166524767932e-07,0.0060377105592605345,0.0001708873980972999,1.414808028678101,0.00016035095957857295,1.8302486250480143,0.00012078486595595962,8.761157221159848e-05,9.619219096388622e-08,9.619219096388622e-08,4.5724502795301405e-17,0.0,34,0.0078125,-5.042473355196214e-16,2.6978623147702536,5.555198434219945e-10
ablation,warm,30,6,line_trial,False,6.288362664943808,2.987883606212141e-07,0.00603771056315645,0.00017088739810355188,1.4148080286780234,0.00016035095957641734,1.8302486250480174,0.0001207848659603852,8.761157221042057e-05,9.657008498991574e-08,9.657008498991574e-08,4.5832538870096076e-17,0.0,34,0.00390625,-5.042473355196214e-16,2.6978623147702536,5.555198434219945e-10
ablation,warm,31,6,line_trial,False,6.288362664943869,2.9937421579445306e-07,0.006037710565104408,0.00017088739810667663,1.4148080286780826,0.00016035095957533734,1.8302486250480252,0.00012078486596258875,8.761157220983011e-05,9.675903828818044e-08,9.675903828818044e-08,4.373759726049456e-17,0.0,34,0.001953125,-5.042473355196214e-16,2.6978623147702536,5.555198434219945e-10
ablation,warm,32,6,line_trial,False,6.288362664943945,2.996671438164726e-07,0.006037710566078386,0.00017088739810824187,1.4148080286780282,0.00016035095957479006,1.8302486250481371,0.00012078486596369972,8.761157220952573e-05,9.685351550227851e-08,9.685351550227851e-08,4.8783864872266245e-17,0.0,34,0.0009765625,-5.042473355196214e-16,2.6978623147702536,5.555198434219945e-10
ablation,warm,33,6,line_trial,False,6.2883626649438025,2.9981360862293227e-07,0.006037710566565376,0.00017088739810902442,1.414808028677988,0.00016035095957452132,1.8302486250480385,0.00012078486596425626,8.761157220938362e-05,9.690075785223278e-08,9.690075785223278e-08,5.943091424358027e-17,0.0,34,0.00048828125,-5.042473355196214e-16,2.6978623147702536,5.555198434219945e-10
ablation,warm,34,6,line_trial,False,6.288362664943916,2.998868401771012e-07,0.006037710566808871,0.00017088739810940847,1.4148080286780558,0.00016035095957438327,1.8302486250480794,0.00012078486596452193,8.761157220930624e-05,9.692437260071415e-08,9.692437260071415e-08,4.66974273501392e-17,0.0,34,0.000244140625,-5.042473355196214e-16,2.6978623147702536,5.555198434219945e-10
ablation,warm,35,6,line_trial,False,6.288362664943921,2.999234541593825e-07,0.006037710566930618,0.00017088739810960837,1.4148080286780071,0.0001603509595743156,1.830248625048146,0.00012078486596466738,8.761157220926608e-05,9.693619127428385e-08,9.693619127428385e-08,4.628565474447624e-17,0.0,34,0.0001220703125,-5.042473355196214e-16,2.6978623147702536,5.555198434219945e-10
ablation,warm,36,6,line_trial,False,6.288362664943876,2.999417605238915e-07,0.006037710566991492,0.0001708873981097035,1.4148080286780103,0.00016035095957428312,1.8302486250480934,0.00012078486596473436,8.761157220925085e-05,9.694207370454415e-08,9.694207370454415e-08,6.942848211671436e-17,0.0,34,6.103515625e-05,-5.042473355196214e-16,2.6978623147702536,5.555198434219945e-10
ablation,warm,37,6,line_trial,False,6.288362664943882,2.999509166044215e-07,0.0060377105670219285,0.00017088739810975295,1.4148080286780635,0.0001603509595742654,1.8302486250480434,0.00012078486596476475,8.761157220924356e-05,9.694503921322947e-08,9.694503921322947e-08,4.6736047459125165e-17,0.0,34,3.0517578125e-05,-5.042473355196214e-16,2.6978623147702536,5.555198434219945e-10
ablation,warm,38,6,line_trial,False,6.288362664943865,2.9995549253749963e-07,0.006037710567037147,0.0001708873981097803,1.4148080286779918,0.00016035095957425726,1.830248625048102,0.0001207848659647902,8.76115722092363e-05,9.694651504673395e-08,9.694651504673395e-08,4.650973003176085e-17,0.0,34,1.52587890625e-05,-5.042473355196214e-16,2.6978623147702536,5.555198434219945e-10
ablation,warm,39,6,line_trial,False,6.288362664943877,2.9995778096829396e-07,0.006037710567044757,0.00017088739810978607,1.4148080286780447,0.0001603509595742463,1.8302486250480439,0.00012078486596478977,8.76115722092331e-05,9.694725359907306e-08,9.694725359907306e-08,6.722816448860252e-17,0.0,34,7.62939453125e-06,-5.042473355196214e-16,2.6978623147702536,5.555198434219945e-10
ablation,warm,40,6,line_trial,False,6.28836266494385,2.9995892802920175e-07,0.006037710567048561,0.00017088739810979837,1.41480802867799,0.0001603509595742534,1.8302486250480878,0.00012078486596480313,8.761157220923488e-05,9.69476218159311e-08,9.69476218159311e-08,4.5465152873756306e-17,0.0,34,3.814697265625e-06,-5.042473355196214e-16,2.6978623147702536,5.555198434219945e-10
ablation,warm,41,6,line_trial,False,6.288362664943842,2.999594993513635e-07,0.006037710567050463,0.00017088739810979236,1.4148080286780196,0.000160350959574251,1.8302486250480525,0.00012078486596479636,8.761157220923526e-05,9.69478033113904e-08,9.69478033113904e-08,4.5465152873756306e-17,0.0,34,1.9073486328125e-06,-5.042473355196214e-16,2.6978623147702536,5.555198434219945e-10
ablation,warm,42,6,line_trial,False,6.288362664943881,2.9995978377096357e-07,0.006037710567051414,0.00017088739810980239,1.4148080286780014,0.0001603509595742454,1.830248625048096,0.000120784865964805,8.761157220923011e-05,9.6947894553465e-08,9.6947894553465e-08,4.5465152873756306e-17,0.0,34,9.5367431640625e-07,-5.042473355196214e-16,2.6978623147702536,5.555198434219945e-10
ablation,warm,43,6,line_trial,False,6.2883626649438025,2.999599288694174e-07,0.00603771056705189,0.0001708873981098021,1.414808028677982,0.00016035095957424566,1.8302486250480436,0.00012078486596480644,8.761157220923277e-05,9.694793593725574e-08,9.694793593725574e-08,4.464366818256547e-17,0.0,34,4.76837158203125e-07,-5.042473355196214e-16,2.6978623147702536,5.555198434219945e-10
ablation,warm,44,6,line_trial,False,6.288362664943792,2.9995999977407894e-07,0.006037710567052127,0.00017088739810980274,1.4148080286779223,0.00016035095957424834,1.8302486250480952,0.000120784865964812,8.761157220923176e-05,9.694795980708671e-08,9.694795980708671e-08,4.5869947359369986e-17,0.0,34,2.384185791015625e-07,-5.042473355196214e-16,2.6978623147702536,5.555198434219945e-10
ablation,warm,45,6,line_trial,False,6.2883626649439055,2.999600358015441e-07,0.006037710567052246,0.00017088739810979965,1.4148080286780373,0.00016035095957424756,1.8302486250480952,0.00012078486596479999,8.761157220923133e-05,9.69479785922181e-08,9.69479785922181e-08,4.650973003176085e-17,0.0,34,1.1920928955078125e-07,-5.042473355196214e-16,2.6978623147702536,5.555198434219945e-10
ablation,beta,0,0,initial,,6.289552522762442,0.4353135275843478,0.0,0.00016862299702170448,1.4148474346915239,0.00016060122181816672,1.8302132483499842,0.00011918104587613645,8.77500050679644e-05,0.06897845677748468,0.06897845677748468,6.942848211671436e-17,0.0,0,,,,
ablation,beta,1,0,line_trial,True,6.288373913056084,0.037953876732613634,0.005630610335867935,0.0001707936302724535,1.4148117810991683,0.0001603243011846308,1.8302456356415078,0.00012071826977561907,8.75971498374515e-05,0.01619118877546975,0.01619118877546975,6.874880830514412e-17,0.0,2,1.0,-0.0010151762668290062,2.698372691534529,0.0007404940434558676
ablation,beta,2,1,line_trial,True,6.288362684722287,0.0016418911073113813,0.005746738353734919,0.00017088747060450235,1.4148080370416904,0.00016036062991525588,1.8302486159701283,0.00012078491649073575,8.761685626532016e-05,0.0008778677161790689,0.0008778677161790689,5.568825461753382e-17,0.0,5,1.0,-9.622248715550292e-06,2.6978671395249756,8.676868018452193e-05
ablation,beta,3,2,line_trial,True,6.288362665013034,9.907862320040133e-05,0.005749078947978297,0.00017088709825456013,1.4148080330317439,0.00016035078340279893,1.8302486213682125,0.00012078465365253264,8.761147612990841e-05,4.5165955855259776e-05,4.5165955855259776e-05,4.523370040595184e-17,0.0,8,1.0,-1.691024558730562e-08,2.6978623232541152,3.59788749495608e-06
ablation,beta,4,3,line_trial,True,6.288362664943842,5.734105848097664e-07,0.0057493506333161516,0.00017088739969927866,1.4148080286631526,0.00016035095889296562,1.8302486250604575,0.00012078486708952987,8.761157183640493e-05,1.9946763233127023e-07,1.9946763233127023e-07,4.350791959948869e-17,0.0,13,1.0,-5.933328046616735e-11,2.69786231479996,2.0719693537062578e-07
ablation,beta,5,4,line_trial,False,6.288362664943948,2.726136164896725e-10,0.00574934859322163,0.0001708873965084483,1.4148080286923002,0.00016035096012811622,1.8302486250364112,0.00012078486483173173,8.761157251241e-05,3.1668288159243925e-10,3.1668288159243925e-10,4.628565474447624e-17,0.0,20,1.0,-1.87467041368736e-15,2.697862314770266,1.0813186334158955e-09
ablation,beta,6,4,line_trial,False,6.288362664943956,2.8670809000363204e-07,0.005749349613267502,0.00017088739810386576,1.414808028677789,0.00016035095951053542,1.830248625048434,0.00012078486596062706,8.761157217440447e-05,9.979811139108023e-08,9.979811139108023e-08,4.650973003176085e-17,0.0,20,0.5,-1.87467041368736e-15,2.697862314770266,1.0813186334158955e-09
ablation,beta,7,4,line_trial,False,6.28836266494383,4.3005932798751645e-07,0.005749350123291479,0.000170887398901569,1.4148080286703957,0.00016035095920175605,1.830248625054458,0.0001207848665250826,8.761157200540714e-05,1.4963288259553822e-07,1.4963288259553822e-07,4.6291365135464776e-17,0.0,20,0.25,-1.87467041368736e-15,2.697862314770266,1.0813186334158955e-09
ablation,beta,8,4,line_trial,False,6.2883626649438895,5.017349566181624e-07,0.005749350378303728,0.00017088739930042646,1.4148080286668452,0.00016035095904737135,1.8302486250574632,0.00012078486680730203,8.761157192091152e-05,1.7455026706783172e-07,1.7455026706783172e-07,6.806171343667336e-17,0.0,20,0.125,-1.87467041368736e-15,2.697862314770266,1.0813186334158955e-09
ablation,beta,9,4,line_trial,False,6.288362664943822,5.375727695510777e-07,0.0057493505058099185,0.0001708873994998532,1.414808028664976,0.00016035095897017765,1.830248625058934,0.00012078486694841836,8.761157187866449e-05,1.8700894009512328e-07,1.8700894009512328e-07,4.481877632573502e-17,0.0,20,0.0625,-1.87467041368736e-15,2.697862314770266,1.0813186334158955e-09
ablation,beta,10,4,line_trial,False,6.288362664943835,5.554916788114102e-07,0.005749350569563029,0.0001708873995995685,1.4148080286640652,0.0001603509589315719,1.8302486250596983,0.00012078486701897585,8.761157185753473e-05,1.9323828995609912e-07,1.9323828995609912e-07,4.464366818256547e-17,0.0,20,0.03125,-1.87467041368736e-15,2.697862314770266,1.0813186334158955e-09
ablation,beta,11,4,line_trial,False,6.288362664943855,5.644511307882377e-07,0.0057493506014395885,0.00017088739964942308,1.4148080286636402,0.00016035095891228068,1.8302486250600627,0.00012078486705424985,8.761157184697708e-05,1.9635295937816415e-07,1.9635295937816415e-07,4.6241286681008635e-17,0.0,20,0.015625,-1.87467041368736e-15,2.697862314770266,1.0813186334158955e-09
ablation,beta,12,4,line_trial,False,6.288362664943935,5.689308593848812e-07,0.00574935061737787,0.00017088739967435543,1.4148080286634643,0.0001603509589026201,1.8302486250602912,0.00012078486707188727,8.761157184168784e-05,1.9791028123620863e-07,1.9791028123620863e-07,4.818957507884096e-17,0.0,20,0.0078125,-1.87467041368736e-15,2.697862314770266,1.0813186334158955e-09
ablation,beta,13,4,line_trial,False,6.288362664943891,5.711707223780311e-07,0.00574935062534701,0.0001708873996868196,1.414808028663266,0.00016035095889779731,1.8302486250604084,0.000120784867080714,8.761157183904718e-05,1.9868897655756368e-07,1.9868897655756368e-07,4.650973003176085e-17,0.0,20,0.00390625,-1.87467041368736e-15,2.697862314770266,1.0813186334158955e-09
ablation,beta,14,4,line_trial,False,6.288362664943716,5.722906536176297e-07,0.00574935062933158,0.0001708873996930512,1.4148080286631344,0.00016035095889539177,1.8302486250603627,0.0001207848670851298,8.761157183773505e-05,1.9907830126648566e-07,1.9907830126648566e-07,8.681818145007034e-17,0.0,20,0.001953125,-1.87467041368736e-15,2.697862314770266,1.0813186334158955e-09
ablation,beta,15,4,line_trial,False,6.2883626649438344,5.728506186340216e-07,0.005749350631323866,0.00017088739969616396,1.4148080286631686,0.00016035095889419204,1.830248625060435,0.00012078486708732702,8.761157183707609e-05,1.9927296510397697e-07,1.9927296510397697e-07,4.6291365135464776e-17,0.0,20,0.0009765625,-1.87467041368736e-15,2.697862314770266,1.0813186334158955e-09
ablation,beta,16,4,line_trial,True,6.288362664943829,5.731306031917461e-07,0.005749350632320008,0.00017088739969772077,1.4148080286631666,0.00016035095889357627,1.830248625060445,0.00012078486708842755,8.761157183673917e-05,1.9937029497472142e-07,1.9937029497472142e-07,4.628565474447624e-17,0.0,20,0.00048828125,-1.87467041368736e-15,2.697862314770266,1.0813186334158955e-09
ablation,beta,17,5,line_trial,False,6.288362664943845,2.7247901362037547e-10,0.005749348593222031,0.00017088739650844822,1.4148080286922677,0.0001603509601281186,1.8302486250363517,0.00012078486483173444,8.761157251241414e-05,3.1662243018658786e-10,3.1662243018658786e-10,5.759632411673808e-17,0.0,27,1.0,-1.8728401332971994e-15,2.6978623147702514,1.0807906483158189e-09
ablation,beta,18,5,line_trial,False,6.288362664943921,2.8656809711006223e-07,0.005749349612769632,0.00017088739810308304,1.4148080286777132,0.00016035095951083788,1.8302486250484726,0.00012078486596008031,8.761157217456788e-05,9.974946439339216e-08,9.974946439339216e-08,4.650973003176085e-17,0.0,27,0.5,-1.8728401332971994e-15,2.6978623147702514,1.0807906483158189e-09
ablation,beta,19,5,line_trial,False,6.288362664943768,4.2984933914369897e-07,0.005749350122544474,0.0001708873989004001,1.4148080286703728,0.00016035095920220328,1.830248625054411,0.00012078486652425837,8.761157200565374e-05,1.4955988780545113e-07,1.4955988780545113e-07,4.5953790598057024e-17,0.0,27,0.25,-1.8728401332971994e-15,2.6978623147702514,1.0807906483158189e-09
ablation,beta,20,5,line_trial,False,6.288362664943916,5.014899715958196e-07,0.005749350377432154,0.00017088739929906345,1.414808028666816,0.00016035095904789196,1.8302486250574976,0.00012078486680634113,8.761157192119431e-05,1.7446509739285124e-07,1.7446509739285124e-07,6.942848211671436e-17,0.0,27,0.125,-1.8728401332971994e-15,2.6978623147702514,1.0807906483158189e-09
ablation,beta,21,5,line_trial,False,6.288362664943811,5.373102872650732e-07,0.00574935050487606,0.00017088739949839028,1.414808028664944,0.00016035095897074048,1.8302486250589658,0.00012078486694738709,8.761157187897049e-05,1.8691769618378806e-07,1.8691769618378806e-07,4.628565474447624e-17,0.0,27,0.0625,-1.8728401332971994e-15,2.6978623147702514,1.0807906483158189e-09
ablation,beta,22,5,line_trial,False,6.288362664943863,5.552204453293694e-07,0.005749350568598028,0.00017088739959805987,1.414808028664137,0.00016035095893216327,1.830248625059649,0.00012078486701790342,8.76115718578602e-05,1.9314400073457193e-07,1.9314400073457193e-07,4.5832538870096076e-17,0.0,27,0.03125,-1.8728401332971994e-15,2.6978623147702514,1.0807906483158189e-09
ablation,beta,23,5,line_trial,False,6.288362664943837,5.641755234935923e-07,0.005749350600459017,0.0001708873996478923,1.4148080286636275,0.00016035095891287382,1.830248625060052,0.00012078486705316896,8.761157184730166e-05,1.962571556229351e-07,1.962571556229351e-07,6.976459504764127e-17,0.0,27,0.015625,-1.8728401332971994e-15,2.6978623147702514,1.0807906483158189e-09
ablation,beta,24,5,line_trial,False,6.288362664943785,5.68653065177676e-07,0.005749350616389512,0.00017088739967280626,1.414808028663379,0.00016035095890322738,1.8302486250602235,0.0001207848670707996,8.761157184202288e-05,1.9781372819428264e-07,1.9781372819428264e-07,4.587359980014806e-17,0.0,27,0.0078125,-1.8728401332971994e-15,2.6978623147702514,1.0807906483158189e-09
ablation,beta,25,5,line_trial,False,6.288362664943805,5.708918330295167e-07,0.00574935062435476,0.00017088739968526624,1.4148080286632463,0.00016035095889840715,1.8302486250603611,0.00012078486707961776,8.761157183938265e-05,1.985920064291836e-07,1.985920064291836e-07,7.220164899796575e-17,0.0,27,0.00390625,-1.8728401332971994e-15,2.6978623147702514,1.0807906483158189e-09
ablation,beta,26,5,line_trial,False,6.28836266494398,5.720112167834217e-07,0.005749350628337384,0.00017088739969149227,1.414808028663302,0.00016035095889599637,1.8302486250604553,0.00012078486708401363,8.761157183806096e-05,1.9898116108320513e-07,1.9898116108320513e-07,4.6736047459125165e-17,0.0,27,0.001953125,-1.8728401332971994e-15,2.6978623147702514,1.0807906483158189e-09
ablation,beta,27,5,line_trial,False,6.288362664943774,5.725709084060262e-07,0.005749350630328696,0.00017088739969460705,1.414808028663192,0.00016035095889477976,1.8302486250603611,0.00012078486708622456,8.761157183740074e-05,1.9917572591034338e-07,1.9917572591034338e-07,4.6805796504910795e-17,0.0,27,0.0009765625,-1.8728401332971994e-15,2.6978623147702514,1.0807906483158189e-09
ablation,beta,28,5,line_trial,False,6.288362664943731,5.728507552726193e-07,0.0057493506313243525,0.0001708873996961629,1.4148080286631828,0.00016035095889418906,1.8302486250603314,0.00012078486708732505,8.761157183707942e-05,1.992730139735747e-07,1.992730139735747e-07,5.552713052323859e-17,0.0,27,0.00048828125,-1.8728401332971994e-15,2.6978623147702514,1.0807906483158189e-09
ablation,beta,29,5,line_trial,False,6.288362664943975,5.729906810321874e-07,0.005749350631822181,0.00017088739969695112,1.4148080286632652,0.00016035095889388665,1.8302486250604864,0.00012078486708787513,8.761157183690678e-05,1.993216556040747e-07,1.993216556040747e-07,4.818957507884096e-17,0.0,27,0.000244140625,-1.8728401332971994e-15,2.6978623147702514,1.0807906483158189e-09
ablation,beta,30,5,line_trial,False,6.288362664943788,5.730606451320136e-07,0.0057493506320710945,0.00017088739969733617,1.4148080286631313,0.0001603509588937219,1.8302486250604428,0.00012078486708815873,8.761157183681885e-05,1.9934598390513942e-07,1.9934598390513942e-07,4.6469529196745827e-17,0.0,27,0.0001220703125,-1.8728401332971994e-15,2.6978623147702514,1.0807906483158189e-09
ablation,beta,31,5,line_trial,False,6.288362664943779,5.730956214811758e-07,0.005749350632195551,0.00017088739969752572,1.4148080286631608,0.00016035095889365474,1.8302486250603884,0.00012078486708829018,8.761157183678475e-05,1.993581476319443e-07,1.993581476319443e-07,4.628565474447624e-17,0.0,27,6.103515625e-05,-1.8728401332971994e-15,2.6978623147702514,1.0807906483158189e-09
ablation,beta,32,5,line_trial,False,6.288362664943978,5.731131142019204e-07,0.005749350632257779,0.0001708873996976279,1.414808028663208,0.00016035095889361164,1.830248625060536,0.00012078486708835836,8.761157183675414e-05,1.9936421805477048e-07,1.9936421805477048e-07,8.87199185932087e-17,0.0,27,3.0517578125e-05,-1.8728401332971994e-15,2.6978623147702514,1.0807906483158189e-09
ablation,beta,33,5,line_trial,False,6.28836266494388,5.731218574536393e-07,0.005749350632288894,0.00017088739969767396,1.4148080286632065,0.0001603509588935974,1.8302486250604453,0.00012078486708839105,8.76115718367507e-05,1.9936725715033394e-07,1.9936725715033394e-07,6.511363608755276e-17,0.0,27,1.52587890625e-05,-1.8728401332971994e-15,2.6978623147702514,1.0807906483158189e-09
ablation,beta,34,5,line_trial,False,6.288362664943779,5.73126232118142e-07,0.005749350632304452,0.00017088739969769865,1.4148080286631046,0.0001603509588935885,1.8302486250604448,0.00012078486708841721,8.761157183674585e-05,1.9936877945232852e-07,1.9936877945232852e-07,4.730370422778106e-17,0.0,27,7.62939453125e-06,-1.8728401332971994e-15,2.6978623147702514,1.0807906483158189e-09
ablation,beta,35,5,line_trial,False,6.288362664943796,5.731284185772878e-07,0.00574935063231223,0.0001708873996977104,1.414808028663172,0.0001603509588935827,1.830248625060394,0.00012078486708841976,8.761157183674512e-05,1.993695417332565e-07,1.993695417332565e-07,4.628565474447624e-17,0.0,27,3.814697265625e-06,-1.8728401332971994e-15,2.6978623147702514,1.0807906483158189e-09
ablation,beta,36,5,line_trial,False,6.288362664943849,5.731295096744299e-07,0.005749350632316119,0.00017088739969771906,1.414808028663189,0.0001603509588935782,1.8302486250604382,0.00012078486708842443,8.761157183674054e-05,1.993699229443399e-07,1.993699229443399e-07,4.6099550541040524e-17,0.0,27,1.9073486328125e-06,-1.8728401332971994e-15,2.6978623147702514,1.0807906483158189e-09
ablation,beta,37,5,line_trial,False,6.288362664943817,5.731300571571867e-07,0.005749350632318064,0.0001708873996977202,1.4148080286631564,0.00016035095889357402,1.830248625060433,0.00012078486708842802,8.761157183673851e-05,1.9937010147372643e-07,1.9937010147372643e-07,4.523370040595184e-17,0.0,27,9.5367431640625e-07,-1.8728401332971994e-15,2.6978623147702514,1.0807906483158189e-09
ablation,beta,38,5,line_trial,False,6.288362664943909,5.731303302929369e-07,0.005749350632319036,0.0001708873996977244,1.4148080286631983,0.0001603509588935738,1.8302486250604941,0.0001207848670884274,8.761157183673547e-05,1.9937021220713984e-07,1.9937021220713984e-07,4.628565474447624e-17,0.0,27,4.76837158203125e-07,-1.8728401332971994e-15,2.6978623147702514,1.0807906483158189e-09
ablation,beta,39,5,line_trial,False,6.288362664943907,5.731304658950785e-07,0.005749350632319522,0.00017088739969772497,1.4148080286631888,0.00016035095889357418,1.8302486250604981,0.00012078486708842862,8.761157183673549e-05,1.993702526022382e-07,1.993702526022382e-07,4.560190462161693e-17,0.0,27,2.384185791015625e-07,-1.8728401332971994e-15,2.6978623147702514,1.0807906483158189e-09
ablation,beta,40,5,line_trial,False,6.288362664943851,5.731305331882858e-07,0.005749350632319765,0.0001708873996977226,1.41480802866323,0.00016035095889357272,1.8302486250603944,0.00012078486708842343,8.761157183673965e-05,1.9937028268670132e-07,1.9937028268670132e-07,4.5724502795301405e-17,0.0,27,1.1920928955078125e-07,-1.8728401332971994e-15,2.6978623147702514,1.0807906483158189e-09
ablation,zero,0,0,initial,,6.2895485772825745,0.4348381919460558,5.906498686945388e-21,0.00016839357235166162,1.4148492241304653,0.00016054066825319286,1.830211733866971,0.0001190187402867274,8.771699212855214e-05,0.0671938296731573,0.0671938296731573,6.558310654941316e-17,0.0,0,,,,
ablation,zero,1,0,line_trial,True,6.288374041078097,0.03815538037554684,0.005615801009922619,0.00017078236277333182,1.4148119652338789,0.00016036411298101384,1.8302454958256678,0.00012071029010918792,8.76189086910823e-05,0.016209848488913332,0.016209848488913332,4.6469529196745827e-17,0.0,2,1.0,-0.0010112643722156283,2.698370999217669,0.0007387963007078046
ablation,zero,2,1,line_trial,True,6.28836268492179,0.0016524374110647119,0.00573634711946304,0.00017088729451364897,1.414808038188863,0.00016035959209488937,1.8302486152349127,0.00012078479193008175,8.761628926259681e-05,0.0008844353827921099,0.0008844353827921099,5.023965889695702e-17,0.0,5,1.0,-9.731857423879973e-06,2.697867194438687,8.738680574249228e-05
ablation,zero,3,2,line_trial,True,6.288362665013047,9.914602777822491e-05,0.005738711224654436,0.0001708871063321398,1.4148080327988835,0.00016035086083187244,1.8302486215546316,0.00012078465938172377,8.761151842620638e-05,4.5025813978977106e-05,4.5025813978977106e-05,4.650973003176085e-17,0.0,8,1.0,-1.7081316239113957e-08,2.697862323339654,3.6172949603947093e-06
ablation,zero,4,3,line_trial,True,6.288362664943817,5.796218075886584e-07,0.005738988706267091,0.000170887399906593,1.4148080286631672,0.00016035095894896876,1.8302486250602032,0.0001207848672360604,8.761157186701575e-05,1.9189168545608434e-07,1.9189168545608434e-07,4.5832538870096076e-17,0.0,13,1.0,-5.933254324522973e-11,2.6978623147999277,2.072584646165031e-07
ablation,zero,5,4,line_trial,True,6.288362664943839,2.674956753310356e-10,0.0057389868089736005,0.00017088739650866294,1.4148080286921976,0.00016035096012800327,1.8302486250364103,0.0001207848648318922,8.761157251234832e-05,3.2722049382781654e-10,3.2722049382781654e-10,4.6469529196745827e-17,0.0,20,1.0,-1.8981441652769554e-15,2.6978623147703167,1.0849351429045269e-09
ablation,zero,6,5,line_trial,True,6.288362664943875,6.96476198039507e-14,0.0057389868097167665,0.00017088739651060524,1.414808028692244,0.00016035096012883486,1.8302486250364007,0.00012078486483326106,8.761157251280313e-05,1.9929105363352062e-10,1.9929105363352062e-10,6.819772931063447e-17,0.0,30,1.0,-4.44470198377757e-22,2.6978623147703127,5.538085160065014e-13
ablation,zero,7,6,line_trial,False,6.288362664943822,7.930140222388786e-14,0.005738986809716814,0.00017088739651060445,1.414808028692271,0.0001603509601288347,1.8302486250363186,0.0001207848648332582,8.761157251280698e-05,1.9929416094877662e-10,1.9929416094877662e-10,4.5513478951912494e-17,0.0,43,1.0,-7.70323004871222e-30,2.697862314770275,5.846139750113983e-17
ablation,zero,8,6,line_trial,False,6.288362664943826,7.563098029143835e-14,0.00573898680971679,0.0001708873965106036,1.414808028692215,0.00016035096012883825,1.8302486250363896,0.0001207848648332624,8.761157251280551e-05,1.9929627957281353e-10,1.9929627957281353e-10,4.6291365135464776e-17,0.0,43,0.5,-7.70323004871222e-30,2.697862314770275,5.846139750113983e-17
ablation,zero,9,6,line_trial,False,6.288362664943746,7.23813085987944e-14,0.005738986809716779,0.00017088739651060738,1.414808028692253,0.0001603509601288307,1.830248625036262,0.00012078486483326181,8.76115725128075e-05,1.9931788953799375e-10,1.9931788953799375e-10,4.6805796504910795e-17,0.0,43,0.25,-7.70323004871222e-30,2.697862314770275,5.846139750113983e-17
ablation,zero,10,6,line_trial,False,6.288362664944,7.058708553638722e-14,0.0057389868097167725,0.0001708873965106078,1.4148080286923048,0.00016035096012883846,1.8302486250364676,0.00012078486483325768,8.761157251280191e-05,1.9929105363351667e-10,1.9929105363351667e-10,4.493977181345518e-17,0.0,43,0.125,-7.70323004871222e-30,2.697862314770275,5.846139750113983e-17
ablation,zero,11,6,line_trial,False,6.288362664943847,6.903169486846523e-14,0.005738986809716769,0.00017088739651060359,1.4148080286922489,0.00016035096012883036,1.8302486250363648,0.00012078486483325948,8.76115725128024e-05,1.9931351104831402e-10,1.9931351104831402e-10,4.81344326653105e-17,0.0,43,0.0625,-7.70323004871222e-30,2.697862314770275,5.846139750113983e-17
ablation,zero,12,6,line_trial,False,6.288362664943841,6.950881685763333e-14,0.005738986809716767,0.0001708873965106046,1.414808028692248,0.00016035096012882995,1.8302486250363645,0.00012078486483326026,8.761157251280219e-05,1.9928879376788222e-10,1.9928879376788222e-10,6.942848211671436e-17,0.0,43,0.03125,-7.70323004871222e-30,2.697862314770275,5.846139750113983e-17
ablation,zero,13,6,line_trial,False,6.288362664943805,6.842548833247604e-14,0.0057389868097167665,0.00017088739651060602,1.4148080286922151,0.00016035096012883385,1.8302486250363648,0.00012078486483326409,8.761157251280431e-05,1.9932650527574246e-10,1.9932650527574246e-10,4.523370040595184e-17,0.0,43,0.015625,-7.70323004871222e-30,2.697862314770275,5.846139750113983e-17
ablation,zero,14,6,line_trial,False,6.28836266494385,6.871867341793013e-14,0.0057389868097167665,0.00017088739651060602,1.41480802869227,0.0001603509601288301,1.830248625036351,0.00012078486483325941,8.761157251280291e-05,1.9931478222273613e-10,1.9931478222273613e-10,8.851403541884142e-17,0.0,43,0.0078125,-7.70323004871222e-30,2.697862314770275,5.846139750113983e-17
ablation,zero,15,6,line_trial,False,6.288362664943904,6.743405509100677e-14,0.0057389868097167665,0.00017088739651060456,1.4148080286922666,0.00016035096012883624,1.83024862503641,0.00012078486483325865,8.761157251280344e-05,1.99301081787295e-10,1.99301081787295e-10,4.628565474447624e-17,0.0,43,0.00390625,-7.70323004871222e-30,2.697862314770275,5.846139750113983e-17
ablation,zero,16,6,line_trial,True,6.288362664943748,7.018934425543228e-14,0.0057389868097167665,0.00017088739651060494,1.414808028692154,0.00016035096012883434,1.8302486250363645,0.00012078486483326853,8.761157251280459e-05,1.9930221172011965e-10,1.9930221172011965e-10,4.5563239030210515e-17,0.0,43,0.001953125,-7.70323004871222e-30,2.697862314770275,5.846139750113983e-17
ablation,zero,17,7,line_trial,False,6.288362664943842,8.034734222568422e-14,0.005738986809716832,0.00017088739651060738,1.4148080286922518,0.00016035096012883784,1.830248625036364,0.00012078486483326192,8.761157251280652e-05,1.99282720378976e-10,1.99282720378976e-10,4.5724502795301405e-17,0.0,56,1.0,-7.606629873186085e-30,2.6978623147702727,5.821939567318122e-17
ablation,zero,18,7,line_trial,False,6.288362664943913,7.699382237707088e-14,0.005738986809716799,0.000170887396510606,1.4148080286923232,0.00016035096012883518,1.8302486250363623,0.00012078486483325484,8.761157251280515e-05,1.992825791373713e-10,1.992825791373713e-10,4.6291365135464776e-17,0.0,56,0.5,-7.606629873186085e-30,2.6978623147702727,5.821939567318122e-17
ablation,zero,19,7,line_trial,False,6.288362664943879,7.241079352345373e-14,0.005738986809716783,0.00017088739651060342,1.4148080286922435,0.00016035096012883497,1.8302486250364043,0.00012078486483325983,8.761157251280302e-05,1.9930517779376736e-10,1.9930517779376736e-10,4.650973003176085e-17,0.0,56,0.25,-7.606629873186085e-30,2.6978623147702727,5.821939567318122e-17
ablation,zero,20,7,line_trial,False,6.288362664943862,7.114883664734402e-14,0.005738986809716773,0.0001708873965106043,1.4148080286922093,0.00016035096012883426,1.8302486250364245,0.00012078486483326335,8.761157251280168e-05,1.9930122302889878e-10,1.9930122302889878e-10,4.6951224666513513e-17,0.0,56,0.125,-7.606629873186085e-30,2.6978623147702727,5.821939567318122e-17
ablation,zero,21,7,line_trial,False,6.288362664943829,6.954179025386455e-14,0.00573898680971677,0.00017088739651060223,1.4148080286922808,0.00016035096012883272,1.830248625036313,0.00012078486483325579,8.761157251280616e-05,1.993228329940775e-10,1.993228329940775e-10,4.818957507884096e-17,0.0,56,0.0625,-7.606629873186085e-30,2.6978623147702727,5.821939567318122e-17
ablation,zero,22,7,line_trial,False,6.28836266494387,7.095697202994143e-14,0.005738986809716769,0.00017088739651060348,1.4148080286922948,0.00016035096012883185,1.8302486250363523,0.00012078486483325548,8.76115725128038e-05,1.9929839819684915e-10,1.9929839819684915e-10,6.785055060892777e-17,0.0,56,0.03125,-7.606629873186085e-30,2.6978623147702727,5.821939567318122e-17
ablation,zero,23,7,line_trial,False,6.288362664943747,6.71673302802077e-14,0.005738986809716767,0.00017088739651060323,1.4148080286922153,0.00016035096012883472,1.83024862503631,0.0001207848648332621,8.761157251280741e-05,1.9929472591518885e-10,1.9929472591518885e-10,6.806171343667336e-17,0.0,56,0.015625,-7.606629873186085e-30,2.6978623147702727,5.821939567318122e-17
ablation,zero,24,7,line_trial,False,6.288362664943727,7.057156943632882e-14,0.0057389868097167665,0.0001708873965106043,1.4148080286921765,0.00016035096012883638,1.8302486250363126,0.00012078486483326616,8.761157251280818e-05,1.992979744720463e-10,1.992979744720463e-10,4.818957507884096e-17,0.0,56,0.0078125,-7.606629873186085e-30,2.6978623147702727,5.821939567318122e-17
ablation,zero,25,7,line_trial,True,6.288362664943733,6.96423108509319e-14,0.0057389868097167665,0.00017088739651060565,1.4148080286922387,0.0001603509601288382,1.8302486250362615,0.00012078486483326181,8.761157251281163e-05,1.993212793364534e-10,1.993212793364534e-10,6.526187939923304e-17,0.0,56,0.00390625,-7.606629873186085e-30,2.6978623147702727,5.821939567318122e-17
ablation,zero,26,8,line_trial,False,6.2883626649438655,8.268375958019175e-14,0.005738986809716814,0.00017088739651060743,1.4148080286922713,0.00016035096012883716,1.8302486250363648,0.00012078486483326029,8.761157251280611e-05,1.9931153366587888e-10,1.9931153366587888e-10,4.8087062003554876e-17,0.0,69,1.0,-7.39650027859126e-30,2.697862314770263,5.697812390215842e-17
ablation,zero,27,8,line_trial,False,6.288362664943879,8.029642079131402e-14,0.005738986809716791,0.00017088739651060562,1.4148080286922389,0.00016035096012883773,1.8302486250364018,0.00012078486483326177,8.761157251280465e-05,1.99306872692997e-10,1.99306872692997e-10,4.477225884190199e-17,0.0,69,0.5,-7.39650027859126e-30,2.697862314770263,5.697812390215842e-17
ablation,zero,28,8,line_trial,True,6.28836266494387,7.440236137587032e-14,0.005738986809716779,0.00017088739651060668,1.4148080286923275,0.0001603509601288345,1.8302486250363124,0.00012078486483325495,8.761157251280717e-05,1.9929387846557015e-10,1.9929387846557015e-10,6.976459504764127e-17,0.0,69,0.25,-7.39650027859126e-30,2.697862314770263,5.697812390215842e-17
ablation,zero,29,9,line_trial,False,6.288362664943836,7.995184366599348e-14,0.005738986809716805,0.0001708873965106016,1.414808028692244,0.00016035096012883537,1.8302486250363645,0.0001207848648332585,8.761157251280515e-05,1.9929599708960825e-10,1.9929599708960825e-10,6.58331298162781e-17,0.0,83,1.0,-4.315417449945736e-30,2.697862314770255,4.365420744983015e-17
ablation,zero,30,9,line_trial,False,6.288362664943849,7.658887019002126e-14,0.005738986809716792,0.00017088739651060638,1.4148080286923088,0.00016035096012883478,1.830248625036313,0.00012078486483325633,8.761157251280729e-05,1.99290912391919e-10,1.99290912391919e-10,4.558939389570859e-17,0.0,83,0.5,-4.315417449945736e-30,2.697862314770255,4.365420744983015e-17
ablation,zero,31,9,line_trial,False,6.288362664943822,7.304514405791883e-14,0.0057389868097167855,0.0001708873965106067,1.4148080286922293,0.00016035096012883396,1.8302486250363643,0.00012078486483326335,8.761157251280439e-05,1.9930715517620371e-10,1.9930715517620371e-10,4.628565474447624e-17,0.0,83,0.25,-4.315417449945736e-30,2.697862314770255,4.365420744983015e-17
ablation,zero,32,9,line_trial,False,6.28836266494376,7.510835751524086e-14,0.005738986809716782,0.00017088739651060215,1.4148080286921825,0.00016035096012883244,1.8302486250363557,0.00012078486483326414,8.761157251280397e-05,1.9929331349916378e-10,1.9929331349916378e-10,4.6469529196745827e-17,0.0,83,0.125,-4.315417449945736e-30,2.697862314770255,4.365420744983015e-17
ablation,zero,33,9,line_trial,False,6.288362664943867,7.377238579965182e-14,0.00573898680971678,0.00017088739651060177,1.4148080286923181,0.00016035096012883432,1.830248625036307,0.00012078486483325228,8.761157251280733e-05,1.9929797447204184e-10,1.9929797447204184e-10,4.6726815502387e-17,0.0,83,0.0625,-4.315417449945736e-30,2.697862314770255,4.365420744983015e-17
ablation,zero,34,9,line_trial,False,6.288362664943837,7.245943053856356e-14,0.0057389868097167795,0.000170887396510606,1.4148080286922946,0.00016035096012883236,1.8302486250363128,0.00012078486483325728,8.761157251280599e-05,1.9928865252627988e-10,1.9928865252627988e-10,4.818957507884096e-17,0.0,83,0.03125,-4.315417449945736e-30,2.697862314770255,4.365420744983015e-17
ablation,zero,35,9,line_trial,False,6.288362664943874,7.157276553512013e-14,0.005738986809716779,0.00017088739651060394,1.414808028692293,0.00016035096012883535,1.8302486250363597,0.00012078486483325597,8.761157251280536e-05,1.9929119487512312e-10,1.9929119487512312e-10,4.649111952689344e-17,0.0,83,0.015625,-4.315417449945736e-30,2.697862314770255,4.365420744983015e-17
ablation,zero,36,9,line_trial,False,6.288362664943717,7.45455654331694e-14,0.005738986809716779,0.00017088739651060199,1.4148080286922229,0.00016035096012883754,1.8302486250362666,0.00012078486483326058,8.761157251281102e-05,1.99289358734296e-10,1.99289358734296e-10,4.904499859553124e-17,0.0,83,0.0078125,-4.315417449945736e-30,2.697862314770255,4.365420744983015e-17
ablation,zero,37,9,line_trial,False,6.288362664943865,7.148833255961469e-14,0.005738986809716779,0.00017088739651060584,1.414808028692271,0.00016035096012883301,1.8302486250363648,0.00012078486483325918,8.761157251280385e-05,1.9931548843074802e-10,1.9931548843074802e-10,4.5832538870096076e-17,0.0,83,0.00390625,-4.315417449945736e-30,2.697862314770255,4.365420744983015e-17
ablation,zero,38,9,line_trial,False,6.2883626649439766,7.373438996178915e-14,0.005738986809716779,0.00017088739651060491,1.4148080286922666,0.00016035096012883543,1.8302486250364676,0.00012078486483325891,8.761157251280024e-05,1.9931817202119138e-10,1.9931817202119138e-10,4.481877632573502e-17,0.0,83,0.001953125,-4.315417449945736e-30,2.697862314770255,4.365420744983015e-17
ablation,zero,39,9,line_trial,False,6.2883626649437785,7.353308222478973e-14,0.005738986809716779,0.00017088739651060565,1.4148080286922107,0.00016035096012883646,1.8302486250363463,0.00012078486483326421,8.761157251280661e-05,1.992842740366052e-10,1.992842740366052e-10,4.81344326653105e-17,0.0,83,0.0009765625,-4.315417449945736e-30,2.697862314770255,4.365420744983015e-17
ablation,zero,40,9,line_trial,False,6.288362664943876,7.428409341705788e-14,0.005738986809716779,0.00017088739651060426,1.4148080286922808,0.00016035096012883342,1.8302486250363577,0.00012078486483325723,8.761157251280442e-05,1.9928074299654037e-10,1.9928074299654037e-10,4.649111952689344e-17,0.0,83,0.00048828125,-4.315417449945736e-30,2.697862314770255,4.365420744983015e-17
ablation,zero,41,9,line_trial,False,6.288362664943845,7.511967859227053e-14,0.005738986809716779,0.00017088739651060632,1.414808028692261,0.00016035096012883502,1.8302486250363523,0.00012078486483326037,8.761157251280554e-05,1.9929995185447709e-10,1.9929995185447709e-10,4.650973003176085e-17,0.0,83,0.000244140625,-4.315417449945736e-30,2.697862314770255,4.365420744983015e-17
ablation,zero,42,9,line_trial,False,6.288362664943819,7.525339143596183e-14,0.005738986809716779,0.000170887396510605,1.4148080286922424,0.00016035096012883301,1.8302486250363525,0.00012078486483326104,8.761157251280443e-05,1.993081438674211e-10,1.993081438674211e-10,4.414178512352862e-17,0.0,83,0.0001220703125,-4.315417449945736e-30,2.697862314770255,4.365420744983015e-17
ablation,zero,43,9,line_trial,False,6.288362664943863,7.460017522744125e-14,0.005738986809716779,0.00017088739651060494,1.4148080286922242,0.0001603509601288343,1.8302486250364156,0.00012078486483326254,8.761157251280211e-05,1.9928286162057783e-10,1.9928286162057783e-10,4.6291365135464776e-17,0.0,83,6.103515625e-05,-4.315417449945736e-30,2.697862314770255,4.365420744983015e-17
ablation,zero,44,9,line_trial,False,6.288362664943868,7.444139307032627e-14,0.005738986809716779,0.00017088739651060494,1.4148080286922242,0.00016035096012883545,1.8302486250364163,0.00012078486483326254,8.761157251280272e-05,1.9931266359869854e-10,1.9931266359869854e-10,4.576174816172213e-17,0.0,83,3.0517578125e-05,-4.315417449945736e-30,2.697862314770255,4.365420744983015e-17
ablation,zero,45,9,line_trial,False,6.288362664943769,7.448401023382059e-14,0.005738986809716779,0.00017088739651060494,1.4148080286922242,0.0001603509601288345,1.8302486250363124,0.00012078486483326254,8.761157251280717e-05,1.9929359598236844e-10,1.9929359598236844e-10,6.747742399011395e-17,0.0,83,1.52587890625e-05,-4.315417449945736e-30,2.697862314770255,4.365420744983015e-17
ablation,zero,46,9,line_trial,False,6.28836266494387,7.440236137587032e-14,0.005738986809716779,0.00017088739651060668,1.4148080286923275,0.0001603509601288345,1.8302486250363124,0.00012078486483325495,8.761157251280717e-05,1.9929387846557015e-10,1.9929387846557015e-10,6.976459504764127e-17,0.0,83,7.62939453125e-06,-4.315417449945736e-30,2.697862314770255,4.365420744983015e-17
ablation,zero,47,9,line_trial,False,6.28836266494387,7.440236137587032e-14,0.005738986809716779,0.00017088739651060668,1.4148080286923275,0.0001603509601288345,1.8302486250363124,0.00012078486483325495,8.761157251280717e-05,1.9929387846557015e-10,1.9929387846557015e-10,6.976459504764127e-17,0.0,83,3.814697265625e-06,-4.315417449945736e-30,2.697862314770255,4.365420744983015e-17
ablation,zero,48,9,line_trial,False,6.28836266494387,7.440236137587032e-14,0.005738986809716779,0.00017088739651060668,1.4148080286923275,0.0001603509601288345,1.8302486250363124,0.00012078486483325495,8.761157251280717e-05,1.9929387846557015e-10,1.9929387846557015e-10,6.976459504764127e-17,0.0,83,1.9073486328125e-06,-4.315417449945736e-30,2.697862314770255,4.365420744983015e-17
ablation,zero,49,9,line_trial,False,6.28836266494387,7.440236137587032e-14,0.005738986809716779,0.00017088739651060668,1.4148080286923275,0.0001603509601288345,1.8302486250363124,0.00012078486483325495,8.761157251280717e-05,1.9929387846557015e-10,1.9929387846557015e-10,6.976459504764127e-17,0.0,83,9.5367431640625e-07,-4.315417449945736e-30,2.697862314770255,4.365420744983015e-17
ablation,zero,50,9,line_trial,False,6.28836266494387,7.440236137587032e-14,0.005738986809716779,0.00017088739651060668,1.4148080286923275,0.0001603509601288345,1.8302486250363124,0.00012078486483325495,8.761157251280717e-05,1.9929387846557015e-10,1.9929387846557015e-10,6.976459504764127e-17,0.0,83,4.76837158203125e-07,-4.315417449945736e-30,2.697862314770255,4.365420744983015e-17
ablation,zero,51,9,line_trial,False,6.28836266494387,7.440236137587032e-14,0.005738986809716779,0.00017088739651060668,1.4148080286923275,0.0001603509601288345,1.8302486250363124,0.00012078486483325495,8.761157251280717e-05,1.9929387846557015e-10,1.9929387846557015e-10,6.976459504764127e-17,0.0,83,2.384185791015625e-07,-4.315417449945736e-30,2.697862314770255,4.365420744983015e-17
ablation,zero,52,9,line_trial,False,6.28836266494387,7.440236137587032e-14,0.005738986809716779,0.00017088739651060668,1.4148080286923275,0.0001603509601288345,1.8302486250363124,0.00012078486483325495,8.761157251280717e-05,1.9929387846557015e-10,1.9929387846557015e-10,6.976459504764127e-17,0.0,83,1.1920928955078125e-07,-4.315417449945736e-30,2.697862314770255,4.365420744983015e-17
