run_id,step,pair,residual_rcond,minimum_smooth_rcond,normalized_gap,newton_iterations,cg_iterations,line_search_count,intrinsic_magnitude,final_gradient_norm,objective_rms
confirmation-qso-a0.0003-q0.00122474487139,50,blocks.0.mlp,0.010916561665037842,0.010916129825440083,1.6874566147655634e-07,3,6,3,0.014761058046598552,1.4734020581430473e-06,1.6645664089171025e-05
confirmation-qso-a0.0003-q0.00122474487139,50,blocks.1.mlp,0.00619332681407185,0.00619332681407185,6.213232791067214e-06,2,5,2,0.012163886839443886,3.332297233906226e-05,1.371709696895213e-05
confirmation-qso-a0.0003-q0.00122474487139,50,blocks.2.mlp,0.0038494756569854437,0.0038483017072581623,1.6702632604047722e-05,2,5,2,0.011844503729714295,7.79577603690444e-05,1.3357126968461458e-05
confirmation-qso-a0.0003-q0.00122474487139,50,blocks.3.mlp,0.0026044251833271474,0.0026043845110888275,1.2207621437564556e-05,2,5,2,0.011956223434727386,6.267582005957974e-05,1.3483119980168729e-05
confirmation-qso-a0.0003-q0.00122474487139,50,blocks.4.mlp,0.00187253282301558,0.00187253282301558,5.188984228611164e-06,2,5,2,0.012092362043732317,2.977926441369878e-05,1.3636493591842345e-05
confirmation-qso-a0.0003-q0.00122474487139,50,blocks.5.mlp,0.0010226032975638576,0.0010225915802308844,6.744335767769461e-06,2,5,2,0.013593448995729404,6.172399949786111e-05,1.5329007635167904e-05
confirmation-qso-a0.0003-q0.00122474487139,51,blocks.0.mlp,0.01110272629644367,0.011102724338340968,1.8616775248602322e-07,3,6,3,0.014312396809188117,1.735652528485115e-06,1.6139745627694847e-05
confirmation-qso-a0.0003-q0.00122474487139,51,blocks.1.mlp,0.006173744635864877,0.006173556815341272,6.419396343322214e-06,2,5,2,0.0117323154605988,3.33483428314735e-05,1.3230459561531938e-05
confirmation-qso-a0.0003-q0.00122474487139,51,blocks.2.mlp,0.0037652956424285267,0.003763573019939211,1.0034574418168417e-05,2,5,2,0.01145190247147121,4.701210071191966e-05,1.2914431944507487e-05
confirmation-qso-a0.0003-q0.00122474487139,51,blocks.3.mlp,0.0025900571199579435,0.0025895304358763242,1.5041401810834258e-05,2,5,2,0.01150989374967132,6.728534315992329e-05,1.2979837166303947e-05
confirmation-qso-a0.0003-q0.00122474487139,51,blocks.4.mlp,0.0018583938002758515,0.0018581582027513467,4.75405893358981e-06,2,5,2,0.011590359355910301,3.1039097086520435e-05,1.3070434195424695e-05
confirmation-qso-a0.0003-q0.00122474487139,51,blocks.5.mlp,0.0010186870118568795,0.0010186856599098298,3.8988960898267894e-06,2,5,2,0.013028380284812345,3.404812160138942e-05,1.4691829660553707e-05
confirmation-qso-a0.0003-q0.00122474487139,52,blocks.0.mlp,0.011240179909578289,0.01123997145639926,2.416621687346255e-07,3,6,3,0.013913723107515737,2.8006377634472798e-06,1.5690192169945176e-05
confirmation-qso-a0.0003-q0.00122474487139,52,blocks.1.mlp,0.006197107387530568,0.006197026446636717,6.310401813175938e-06,2,5,2,0.01134024205257288,2.8900726250662064e-05,1.278835965510938e-05
confirmation-qso-a0.0003-q0.00122474487139,52,blocks.2.mlp,0.0037137436382967755,0.0037137058712677536,1.197084548950052e-05,2,5,2,0.011081251288289282,8.405163623851206e-05,1.2496485511734623e-05
confirmation-qso-a0.0003-q0.00122474487139,52,blocks.3.mlp,0.0025454577006366738,0.002545205741024267,1.039158976094042e-05,2,5,2,0.01118654375175812,4.8402412589120524e-05,1.2615221176763028e-05
confirmation-qso-a0.0003-q0.00122474487139,52,blocks.4.mlp,0.0018296190204288851,0.00182961875359907,3.986721868555794e-06,2,5,2,0.011176422088180977,3.9535632936890074e-05,1.2603674296446309e-05
confirmation-qso-a0.0003-q0.00122474487139,52,blocks.5.mlp,0.0010214546101879089,0.0010214546101879089,7.260029239248297e-06,2,5,2,0.012561809027772649,5.35471125662801e-05,1.4165716913722288e-05
confirmation-qso-a0.0003-q0.00122474487139,53,blocks.0.mlp,0.011538584435279666,0.011531258868643588,2.5676655924291883e-07,3,6,3,0.013516125620420675,2.0804231267534136e-06,1.5241851425589151e-05
confirmation-qso-a0.0003-q0.00122474487139,53,blocks.1.mlp,0.006086757906394096,0.006080457831081024,3.9122865988238e-06,2,5,2,0.010962190967931825,2.4346240225255653e-05,1.2362070373452076e-05
confirmation-qso-a0.0003-q0.00122474487139,53,blocks.2.mlp,0.003610916635844101,0.003610916635844101,5.3232766501787554e-06,2,5,2,0.01069785870127477,3.295485155744296e-05,1.2064173286400325e-05
confirmation-qso-a0.0003-q0.00122474487139,53,blocks.3.mlp,0.0025207668342614197,0.0025207662384010322,4.387298429763014e-06,2,5,2,0.010717575294949462,3.891547833430562e-05,1.2086410016012837e-05
confirmation-qso-a0.0003-q0.00122474487139,53,blocks.4.mlp,0.0018268997225823146,0.0018268850968555309,5.056814941608032e-06,2,5,2,0.01072404984794057,3.055916615230432e-05,1.209357575890058e-05
confirmation-qso-a0.0003-q0.00122474487139,53,blocks.5.mlp,0.001007662468544703,0.001007629149008558,7.266572603793075e-06,2,5,2,0.011936831475651095,6.535305451460432e-05,1.346098646419161e-05
confirmation-qso-a0.0003-q0.00122474487139,54,blocks.0.mlp,0.011613414415624716,0.01160463815405688,1.819478034264004e-07,3,6,3,0.013106915535111813,1.7483955474591292e-06,1.4780415778431308e-05
confirmation-qso-a0.0003-q0.00122474487139,54,blocks.1.mlp,0.006090265349964451,0.006090265349964451,6.068278567650811e-06,2,5,2,0.010528014603736318,3.515517228262589e-05,1.1872495694411278e-05
confirmation-qso-a0.0003-q0.00122474487139,54,blocks.2.mlp,0.003650527246142076,0.003650527246142076,1.0075512022571763e-05,2,5,2,0.010171427522087032,4.720610815689914e-05,1.1470576593840241e-05
confirmation-qso-a0.0003-q0.00122474487139,54,blocks.3.mlp,0.002531326394366107,0.002531223515191168,1.4719446745880507e-05,2,5,2,0.01021833996724345,0.0001025243720426534,1.1523473343949224e-05
confirmation-qso-a0.0003-q0.00122474487139,54,blocks.4.mlp,0.0018261893681278559,0.0018261415329537396,4.576981460870894e-06,2,5,2,0.010235584455266086,2.842275811383836e-05,1.1542779599922364e-05
confirmation-qso-a0.0003-q0.00122474487139,54,blocks.5.mlp,0.0010104522039994003,0.0010102501871595301,7.317382658137992e-06,2,5,2,0.011346982799774117,6.533686844878016e-05,1.2795867899836243e-05
confirmation-qso-a0.0003-q0.00122474487139,55,blocks.0.mlp,0.011587090124158962,0.011586112203445008,3.225372385192134e-07,3,6,3,0.012780740859241597,1.6898709330183514e-06,1.4412609729411348e-05
confirmation-qso-a0.0003-q0.00122474487139,55,blocks.1.mlp,0.0059222066494802,0.0059221341105845805,8.314269209960934e-06,2,5,2,0.010334401636563361,3.877217095527505e-05,1.165417135737514e-05
confirmation-qso-a0.0003-q0.00122474487139,55,blocks.2.mlp,0.0035209712352410275,0.0035194551737278844,1.248026093708947e-05,2,5,2,0.009927349323602227,6.819640497011694e-05,1.1195345527891547e-05
confirmation-qso-a0.0003-q0.00122474487139,55,blocks.3.mlp,0.0025110774030019448,0.00251061243215696,1.6403569384114237e-05,2,5,2,0.00983676290524899,7.248547301234314e-05,1.1093202432468771e-05
confirmation-qso-a0.0003-q0.00122474487139,55,blocks.4.mlp,0.0018027937066664797,0.0018019656917154223,6.6849071412228795e-06,2,5,2,0.009901378859646221,5.008176637647065e-05,1.1165920988840351e-05
confirmation-qso-a0.0003-q0.00122474487139,55,blocks.5.mlp,0.0010007417145592916,0.0010007208610410992,9.163724680724642e-06,2,5,2,0.011044360218690825,5.840481233727139e-05,1.2454620535261282e-05
confirmation-qso-a0.0003-q0.00122474487139,56,blocks.0.mlp,0.011872155853105804,0.011871969589662702,2.1152634294652346e-07,3,6,3,0.012450777633577628,1.9644907353453327e-06,1.404053099470106e-05
confirmation-qso-a0.0003-q0.00122474487139,56,blocks.1.mlp,0.005900553796341919,0.005895827771830853,1.0531910477305348e-05,2,5,2,0.009964788178122443,6.62147968829406e-05,1.1237393814277893e-05
confirmation-qso-a0.0003-q0.00122474487139,56,blocks.2.mlp,0.003547742900764192,0.0035474146679527526,8.811164693413303e-06,2,5,2,0.009515155916934739,3.753837671106839e-05,1.0730556188296969e-05
confirmation-qso-a0.0003-q0.00122474487139,56,blocks.3.mlp,0.0024470389241738537,0.002447032288657375,4.321402666970996e-06,2,5,2,0.009468151649807235,3.929498346275921e-05,1.0677551859497523e-05
confirmation-qso-a0.0003-q0.00122474487139,56,blocks.4.mlp,0.001769515160418246,0.001769515160418246,5.848586241163098e-06,2,5,2,0.009570492864049948,3.0596766585348764e-05,1.0792805618293887e-05
confirmation-qso-a0.0003-q0.00122474487139,56,blocks.5.mlp,0.000990443022302512,0.0009904285494903356,8.02714259743338e-06,2,5,2,0.010694943386537332,6.431924984550592e-05,1.2060608728212088e-05
confirmation-qso-a0.0003-q0.00122474487139,57,blocks.0.mlp,0.011665809197393719,0.011665768214145429,1.6270145074521913e-05,2,4,2,0.012146004616020835,9.970077149469076e-05,1.3696855732320093e-05
confirmation-qso-a0.0003-q0.00122474487139,57,blocks.1.mlp,0.005835451811367369,0.005835451811367369,7.619383457811415e-06,2,5,2,0.009661544260519093,3.816032708423023e-05,1.0895451404331295e-05
confirmation-qso-a0.0003-q0.00122474487139,57,blocks.2.mlp,0.003520765274714175,0.00352008324761807,6.059655341754756e-06,2,5,2,0.009155109786809078,3.307846281586046e-05,1.0324564128430897e-05
confirmation-qso-a0.0003-q0.00122474487139,57,blocks.3.mlp,0.0024193857066196196,0.00241871236631378,1.863121764454772e-05,2,5,2,0.009126414341139503,9.663932631217882e-05,1.0292201667520444e-05
confirmation-qso-a0.0003-q0.00122474487139,57,blocks.4.mlp,0.0017596515577022527,0.0017596515577022527,5.433122798949138e-06,2,5,2,0.009169039133078854,3.874231167929966e-05,1.0340121171406614e-05
confirmation-qso-a0.0003-q0.00122474487139,57,blocks.5.mlp,0.0009778188888629937,0.0009776603836343424,1.81030308253404e-05,2,5,2,0.010310205281811176,9.755033495337627e-05,1.1626769497298778e-05
confirmation-qso-a0.0003-q0.00122474487139,58,blocks.0.mlp,0.011558503053911899,0.011557820568411972,4.2350889165177e-07,3,6,3,0.011895583131840536,2.5976372320780205e-06,1.3414466046386535e-05
confirmation-qso-a0.0003-q0.00122474487139,58,blocks.1.mlp,0.005615350803623855,0.005614832649535814,1.2200636423955038e-05,2,5,2,0.00945557103040953,5.4845008203004506e-05,1.066318661756551e-05
confirmation-qso-a0.0003-q0.00122474487139,58,blocks.2.mlp,0.003483943438358794,0.003480957544317555,1.4393899693105417e-05,2,5,2,0.008839121947248448,0.00010847097012662069,9.968249705946755e-06
confirmation-qso-a0.0003-q0.00122474487139,58,blocks.3.mlp,0.002413177368067118,0.0024116231325263817,1.0560249602046506e-05,2,5,2,0.008797340938911718,6.398063062988216e-05,9.92112847476807e-06
confirmation-qso-a0.0003-q0.00122474487139,58,blocks.4.mlp,0.0017412371420396577,0.001741175424485624,6.8969985507095004e-06,2,5,2,0.00894481817824283,4.15519888532258e-05,1.0087276134600415e-05
confirmation-qso-a0.0003-q0.00122474487139,58,blocks.5.mlp,0.0009563233233186095,0.0009563079453563657,1.2836463958437992e-05,2,5,2,0.009936028137335023,0.00011497170051330084,1.1204837830846852e-05
confirmation-qso-a0.0003-q0.00122474487139,59,blocks.0.mlp,0.01118975485074131,0.011180468580078736,5.799312194146192e-07,3,6,3,0.01165912055404169,4.551852046649183e-06,1.31478156237966e-05
confirmation-qso-a0.0003-q0.00122474487139,59,blocks.1.mlp,0.005535185841022784,0.005535185841022784,9.233033755956261e-06,2,5,2,0.009180180572809737,4.584162208937512e-05,1.0352648995692262e-05
confirmation-qso-a0.0003-q0.00122474487139,59,blocks.2.mlp,0.003500634696462591,0.003498302064637034,1.3505221713658162e-05,2,5,2,0.008429165768951509,5.8427093671537054e-05,9.505982244960757e-06
confirmation-qso-a0.0003-q0.00122474487139,59,blocks.3.mlp,0.0024196795665589574,0.002419632974988534,1.2049751665363557e-05,2,5,2,0.008492228084981063,6.196743245223889e-05,9.577070873837596e-06
confirmation-qso-a0.0003-q0.00122474487139,59,blocks.4.mlp,0.0017440268184680328,0.0017424862064269562,6.578938077441133e-06,2,5,2,0.008543812499037202,7.011942803854604e-05,9.635097517062852e-06
confirmation-qso-a0.0003-q0.00122474487139,59,blocks.5.mlp,0.0009529654684575512,0.0009529409173955104,1.3135211996637334e-05,2,5,2,0.009580065041604479,8.766158394244544e-05,1.0803443902935377e-05
confirmation-qso-a0.0003-q0.00122474487139,60,blocks.0.mlp,0.010956623428596995,0.010956526000725355,4.4987479902666363e-07,3,6,3,0.011470495727492086,3.826985715331194e-06,1.2935106161204926e-05
confirmation-qso-a0.0003-q0.00122474487139,60,blocks.1.mlp,0.005472550439138333,0.005472550439138333,1.6889320362512065e-05,2,5,2,0.008900792022659731,8.363758922953302e-05,1.0037602629392894e-05
confirmation-qso-a0.0003-q0.00122474487139,60,blocks.2.mlp,0.003549941104475715,0.003549912561154503,2.3186258564267986e-05,2,5,2,0.00806402062598963,0.00014944595251355713,9.094239311896552e-06
confirmation-qso-a0.0003-q0.00122474487139,60,blocks.3.mlp,0.00241045990168001,0.00241045990168001,8.864692925538925e-06,2,5,2,0.008200065955487893,6.306503031595144e-05,9.247616094436886e-06
confirmation-qso-a0.0003-q0.00122474487139,60,blocks.4.mlp,0.0017512252426193893,0.0017504919965698812,7.031029777065189e-06,2,5,2,0.008157665330833652,5.501818237426771e-05,9.199672827331638e-06
confirmation-qso-a0.0003-q0.00122474487139,60,blocks.5.mlp,0.0009493941643419417,0.0009493941643419417,1.924231931978723e-05,2,5,2,0.0092396414536725,0.00011058029835301428,1.0419572431363944e-05
confirmation-qso-a0.0003-q0.00122474487139,61,blocks.0.mlp,0.01047738408080212,0.01047331225024728,1.9759757375163404e-05,2,4,2,0.01137938278464176,0.0001402674901123406,1.2832349709246516e-05
confirmation-qso-a0.0003-q0.00122474487139,61,blocks.1.mlp,0.005355205375641819,0.005355205375641819,1.861038986552477e-05,2,5,2,0.008726670670641807,9.816385321247317e-05,9.841250572352682e-06
confirmation-qso-a0.0003-q0.00122474487139,61,blocks.2.mlp,0.003522234148793268,0.0035204927004290247,2.861591973815875e-05,2,5,2,0.007772668330876733,0.00013467793539191313,8.765699664920254e-06
confirmation-qso-a0.0003-q0.00122474487139,61,blocks.3.mlp,0.0023940975813945015,0.0023940609732729257,2.5330392598063274e-05,2,5,2,0.007876918777329801,0.00011582602753508616,8.883226425100294e-06
confirmation-qso-a0.0003-q0.00122474487139,61,blocks.4.mlp,0.0017227370220986777,0.0017227292063228953,1.41387374359058e-05,2,5,2,0.007850598894409951,7.263517146983852e-05,8.853415518801538e-06
confirmation-qso-a0.0003-q0.00122474487139,61,blocks.5.mlp,0.0009441762957328429,0.0009441762957328429,1.8472968174856203e-05,2,5,2,0.008776998575313756,9.874565333825282e-05,9.897890197963477e-06
confirmation-qso-a0.0003-q0.00122474487139,62,blocks.0.mlp,0.010208661021486067,0.010197250425663577,3.931577357352461e-06,2,5,2,0.011269096318154277,3.3218208447545865e-05,1.270797351120241e-05
confirmation-qso-a0.0003-q0.00122474487139,62,blocks.1.mlp,0.005221322137731778,0.005221322137731778,8.946270213966719e-07,3,7,3,0.008528059506294807,6.143061346430573e-06,9.617285130566594e-06
confirmation-qso-a0.0003-q0.00122474487139,62,blocks.2.mlp,0.0035065060327980103,0.003506494711779867,1.975797309176792e-05,2,5,2,0.007474671273176501,8.588198243259234e-05,8.429668856987394e-06
confirmation-qso-a0.0003-q0.00122474487139,62,blocks.3.mlp,0.0023711459697333525,0.002370820314920526,2.420784952190502e-05,2,5,2,0.0075866011777144405,0.00010500558614512423,8.555853298785868e-06
confirmation-qso-a0.0003-q0.00122474487139,62,blocks.4.mlp,0.0017105362356631612,0.0017105362356631612,1.0473783550796877e-05,2,5,2,0.007546776862049866,7.93244740812106e-05,8.510816795992375e-06
confirmation-qso-a0.0003-q0.00122474487139,62,blocks.5.mlp,0.0009433785114394753,0.0009433785114394753,2.2493788947706386e-05,2,5,2,0.008398620528531728,0.00010646577882228358,9.471222751894392e-06
confirmation-qso-a0.0003-q0.00122474487139,63,blocks.0.mlp,0.010208320330227966,0.010199191085974552,2.058384042019896e-05,2,4,2,0.011128118833524854,0.00014913310343103928,1.2548990417724978e-05
confirmation-qso-a0.0003-q0.00122474487139,63,blocks.1.mlp,0.004968825273377309,0.004968587617107453,8.56601955063415e-07,3,7,3,0.008447596540841932,5.465532186288577e-06,9.526537402492247e-06
confirmation-qso-a0.0003-q0.00122474487139,63,blocks.2.mlp,0.0034100154549703905,0.0034094989846080313,2.066649681958858e-05,2,5,2,0.007232680418473511,7.887899751767164e-05,8.156787081125715e-06
confirmation-qso-a0.0003-q0.00122474487139,63,blocks.3.mlp,0.002350984057452669,0.0023509789395582126,9.088032087891279e-08,3,9,3,0.007279232049055075,1.3319312976249083e-06,8.209254475351866e-06
confirmation-qso-a0.0003-q0.00122474487139,63,blocks.4.mlp,0.0016984457821156316,0.001697991249468934,1.4385684354132015e-05,2,5,2,0.0072701440321360595,9.726636653962377e-05,8.198874518712205e-06
confirmation-qso-a0.0003-q0.00122474487139,63,blocks.5.mlp,0.0009446711948175615,0.0009440583200388833,1.5374859544724437e-05,2,5,2,0.0079809581689261,0.00011421632899390276,9.000260735287089e-06
confirmation-qso-a0.0003-q0.00122474487139,64,blocks.0.mlp,0.010016496657409129,0.010016496657409129,2.0779800664001386e-05,2,4,2,0.01108068654179765,0.00015256297142924764,1.249548825939048e-05
confirmation-qso-a0.0003-q0.00122474487139,64,blocks.1.mlp,0.004913916470898497,0.004913905434291464,1.70596457853931e-05,2,5,2,0.008384963124860109,0.00011510806978504106,9.455893769320057e-06
confirmation-qso-a0.0003-q0.00122474487139,64,blocks.2.mlp,0.0033787670475953252,0.0033786867289821243,1.8049184668311577e-05,2,5,2,0.007024414928239034,6.998263097138851e-05,7.921931045543197e-06
confirmation-qso-a0.0003-q0.00122474487139,64,blocks.3.mlp,0.0022346265001748997,0.0022343585958460714,3.238987282558125e-07,3,9,3,0.007166038077739396,3.149283186764968e-06,8.081586437998781e-06
confirmation-qso-a0.0003-q0.00122474487139,64,blocks.4.mlp,0.0016548620434548049,0.0016548155019407934,7.128393878225643e-06,2,5,2,0.007089605162238524,4.8946061811059636e-05,7.995280316550634e-06
confirmation-qso-a0.0003-q0.00122474487139,64,blocks.5.mlp,0.0009371884482586944,0.0009369309444471326,2.154734869525975e-05,2,5,2,0.007698110664079265,9.443071095985757e-05,8.681309847620179e-06
confirmation-qso-a0.0003-q0.00122474487139,65,blocks.0.mlp,0.009455909039416273,0.009455679999878971,2.2291655146000607e-07,3,7,3,0.01115515952484064,2.284528724525341e-06,1.2579446203934942e-05
confirmation-qso-a0.0003-q0.00122474487139,65,blocks.1.mlp,0.004924458451682954,0.004924395893524899,6.002068566226475e-07,3,7,3,0.008353652291204727,8.961385598234027e-06,9.420568125144793e-06
confirmation-qso-a0.0003-q0.00122474487139,65,blocks.2.mlp,0.0032381473945498358,0.0032381473945498358,1.5053061636491656e-05,2,5,2,0.006951783428805268,0.00011797575469504754,7.840003154560561e-06
confirmation-qso-a0.0003-q0.00122474487139,65,blocks.3.mlp,0.0021649990942171344,0.002163405392436554,5.358622066733629e-07,3,9,3,0.007062341813932878,3.5556898266339875e-06,7.96462462160472e-06
confirmation-qso-a0.0003-q0.00122474487139,65,blocks.4.mlp,0.0016046182470206094,0.0016046182470206094,1.1717146839830022e-05,2,5,2,0.007037609133594902,5.838736706426052e-05,7.936621159568214e-06
confirmation-qso-a0.0003-q0.00122474487139,65,blocks.5.mlp,0.0009182191804963212,0.0009182191804963212,2.118576741281883e-05,2,5,2,0.007578718830438907,0.0001011996400914648,8.546664392706889e-06
confirmation-qso-a0.0003-q0.00122474487139,66,blocks.0.mlp,0.00936147550122272,0.00936134985831846,2.749138282996824e-07,3,7,3,0.011175017738129758,2.5605827378252194e-06,1.2601821860419367e-05
confirmation-qso-a0.0003-q0.00122474487139,66,blocks.1.mlp,0.004929468188138421,0.004929468188138421,1.177686718661489e-06,3,7,3,0.008270481845551772,1.227230669104024e-05,9.326768850434507e-06
confirmation-qso-a0.0003-q0.00122474487139,66,blocks.2.mlp,0.0033577497185623604,0.0033541775526168397,2.7218340371709047e-07,3,9,3,0.006702421093968429,3.171382397411967e-06,7.558811609161874e-06
confirmation-qso-a0.0003-q0.00122474487139,66,blocks.3.mlp,0.0021201375790893,0.0021201375790893,2.2982760671305168e-05,2,5,2,0.006804320617682061,9.167765755615895e-05,7.673665614387696e-06
confirmation-qso-a0.0003-q0.00122474487139,66,blocks.4.mlp,0.0016135633748850257,0.0016121806409932183,1.5014028723180876e-05,2,5,2,0.006674838579692717,0.00012442864956249192,7.527556000826403e-06
confirmation-qso-a0.0003-q0.00122474487139,66,blocks.5.mlp,0.0009242685931362814,0.0009242499537310201,2.383625296825675e-05,2,5,2,0.00728240876088355,0.0001342429520370122,8.212534106423873e-06
confirmation-qso-a0.0003-q0.00122474487139,67,blocks.0.mlp,0.009513935666040876,0.009513935666040876,9.888728548511144e-06,2,5,2,0.011249915656308448,6.575970360139249e-05,1.2686260982650328e-05
confirmation-qso-a0.0003-q0.00122474487139,67,blocks.1.mlp,0.004704134980313288,0.004703721290466109,1.1306604955023257e-06,3,7,3,0.008516018024926287,1.5702451070897908e-05,9.603606281016715e-06
confirmation-qso-a0.0003-q0.00122474487139,67,blocks.2.mlp,0.0031674333283641795,0.00316682768786776,2.7478556371903096e-07,3,9,3,0.006729154605934342,1.910141063830037e-06,7.5889188858288405e-06
confirmation-qso-a0.0003-q0.00122474487139,67,blocks.3.mlp,0.002162303629762415,0.002161638957551457,1.1175966703184962e-05,2,5,2,0.0066162428559172985,0.00010976413583902354,7.46156920749545e-06
confirmation-qso-a0.0003-q0.00122474487139,67,blocks.4.mlp,0.0015831286711785859,0.0015831134475857113,5.662181535412289e-06,2,5,2,0.006591806952799912,6.060557166681388e-05,7.433904593459829e-06
confirmation-qso-a0.0003-q0.00122474487139,67,blocks.5.mlp,0.0009173613448321122,0.0009170041297625139,2.4342615518296778e-05,2,5,2,0.007113929372456969,0.00012521937372180893,8.022539853155816e-06
confirmation-qso-a0.0003-q0.00122474487139,68,blocks.0.mlp,0.008788025144976421,0.008788025144976421,2.6448883491972903e-07,3,7,3,0.011595809680921759,3.0545907517572224e-06,1.3076276286491454e-05
confirmation-qso-a0.0003-q0.00122474487139,68,blocks.1.mlp,0.0045985916332220945,0.0045985916332220945,1.4316037269365588e-06,3,7,3,0.00874122559273333,1.6132305300506366e-05,9.85752410269273e-06
confirmation-qso-a0.0003-q0.00122474487139,68,blocks.2.mlp,0.0030232811941439896,0.0030232767420489714,4.197280885378723e-07,3,9,3,0.006800292412204196,4.402011349193095e-06,7.669094563478252e-06
confirmation-qso-a0.0003-q0.00122474487139,68,blocks.3.mlp,0.0020654840547003274,0.0020654442105582545,2.3814724225775463e-05,2,5,2,0.0065274484740010874,0.00016940542600471387,7.361417062219793e-06
confirmation-qso-a0.0003-q0.00122474487139,68,blocks.4.mlp,0.0015365731548887735,0.0015360988878199246,1.4068787224939713e-07,3,9,3,0.006411954116788802,1.4392320280482026e-06,7.231086455690715e-06
confirmation-qso-a0.0003-q0.00122474487139,68,blocks.5.mlp,0.0009007955296160893,0.0009007811306462198,2.410096656565278e-05,2,5,2,0.006893374793277859,0.00013864123126232773,7.773828037584453e-06
confirmation-qso-a0.0003-q0.00122474487139,69,blocks.0.mlp,0.008752718047158508,0.00875269724185296,4.5856238853721215e-07,3,7,3,0.011632650893293822,3.920192486178865e-06,1.3117805134063715e-05
confirmation-qso-a0.0003-q0.00122474487139,69,blocks.1.mlp,0.004453285879029744,0.004453285879029744,2.414955802374014e-06,3,7,3,0.008820161290353427,2.093583837281655e-05,9.946512201623242e-06
confirmation-qso-a0.0003-q0.00122474487139,69,blocks.2.mlp,0.002838765132417505,0.002838765132417505,2.649687707371947e-07,3,9,3,0.006770734626303767,2.6368828062992925e-06,7.63573627443617e-06
confirmation-qso-a0.0003-q0.00122474487139,69,blocks.3.mlp,0.002030075586455432,0.002029776724417477,1.5628699431438555e-05,2,5,2,0.006375423465618944,0.00013851633264086555,7.189971795854033e-06
confirmation-qso-a0.0003-q0.00122474487139,69,blocks.4.mlp,0.001537624816038538,0.0015376087568854504,2.4495046294338577e-05,2,5,2,0.006165885936558818,0.00014331150452220873,6.9536105066429704e-06
confirmation-qso-a0.0003-q0.00122474487139,69,blocks.5.mlp,0.0008994366626825072,0.0008994366626825072,1.4019723140630597e-07,3,9,3,0.006680647136886479,1.5896187708439852e-06,7.533940968231287e-06
confirmation-qso-a0.0003-q0.00122474487139,70,blocks.0.mlp,0.008649978270118614,0.008649907273778137,7.290925530303093e-07,3,7,3,0.011672233278903295,5.735830504616975e-06,1.3162426094871001e-05
confirmation-qso-a0.0003-q0.00122474487139,70,blocks.1.mlp,0.004336196249515987,0.004335718572958226,3.3246697908200053e-07,3,9,3,0.009001386747493123,3.128615622268992e-06,1.0150840763043722e-05
confirmation-qso-a0.0003-q0.00122474487139,70,blocks.2.mlp,0.0027790899400184687,0.0027789041016401538,3.454883683485842e-07,3,9,3,0.006812562263738888,2.941571732244439e-06,7.682865687185451e-06
confirmation-qso-a0.0003-q0.00122474487139,70,blocks.3.mlp,0.0019682278710388868,0.001968165212950382,7.758578333107684e-07,3,9,3,0.0063268040644588585,8.980650464656583e-06,7.135119926625028e-06
confirmation-qso-a0.0003-q0.00122474487139,70,blocks.4.mlp,0.0014831336575596586,0.0014831014719804809,1.943719412959166e-05,2,5,2,0.006164741493263587,0.00013188084239703293,6.952290901837874e-06
confirmation-qso-a0.0003-q0.00122474487139,70,blocks.5.mlp,0.0008711877674966199,0.0008711388146091679,3.265973689250981e-07,3,9,3,0.006709209925460161,2.889807835953473e-06,7.566121032807554e-06
confirmation-qso-a0.0003-q0.00122474487139,71,blocks.0.mlp,0.00893607660413377,0.00893607660413377,7.106085025906662e-07,3,7,3,0.011715747694796259,5.861442688865735e-06,1.3211480967776285e-05
confirmation-qso-a0.0003-q0.00122474487139,71,blocks.1.mlp,0.004388207247642218,0.004386129657347576,2.6909284919624975e-07,3,9,3,0.009280892506339157,2.3624258491326527e-06,1.0465990513334679e-05
confirmation-qso-a0.0003-q0.00122474487139,71,blocks.2.mlp,0.0024832944796828516,0.0024826007139835383,4.716961236941305e-07,3,9,3,0.007182270368936748,4.557143052748301e-06,8.099694100713295e-06
confirmation-qso-a0.0003-q0.00122474487139,71,blocks.3.mlp,0.001789564485197503,0.001789345937312434,4.988539230164231e-07,3,9,3,0.006486961464231164,6.00760740739167e-06,7.315669680764166e-06
confirmation-qso-a0.0003-q0.00122474487139,71,blocks.4.mlp,0.0013164938668478404,0.0013163282410489539,1.4007246850222871e-05,2,5,2,0.006431124004782325,0.00014182466897837845,7.252617796045978e-06
confirmation-qso-a0.0003-q0.00122474487139,71,blocks.5.mlp,0.000780950150671908,0.000780950150671908,1.3585687944670503e-05,2,5,2,0.006870655399828191,0.00014707270844035208,7.748135945661762e-06
confirmation-qso-a0.0003-q0.00122474487139,72,blocks.0.mlp,0.008060519944146896,0.008060333578308605,7.568578951924133e-07,3,7,3,0.012296304396201326,5.816951932421803e-06,1.3866110242131244e-05
confirmation-qso-a0.0003-q0.00122474487139,72,blocks.1.mlp,0.004438219572043132,0.00443821762738227,3.2342697946580976e-07,3,9,3,0.00957282790401839,3.1280004283745074e-06,1.0795158262668376e-05
confirmation-qso-a0.0003-q0.00122474487139,72,blocks.2.mlp,0.0025201623218862284,0.002520008065495798,3.6376376345648883e-07,3,9,3,0.007186940448034968,4.392633029138134e-06,8.10493119142337e-06
confirmation-qso-a0.0003-q0.00122474487139,72,blocks.3.mlp,0.0018331709060547792,0.0018331709060547792,1.6010931195988643e-06,3,9,3,0.006365950057280326,1.3202396660898294e-05,7.179193665959928e-06
confirmation-qso-a0.0003-q0.00122474487139,72,blocks.4.mlp,0.001289041791373398,0.0012887386312114332,3.0280209928000916e-07,3,9,3,0.006247381413426139,2.332146757772336e-06,7.045417889071632e-06
confirmation-qso-a0.0003-q0.00122474487139,72,blocks.5.mlp,0.0007826131317040484,0.0007822558521834207,2.671929530893387e-07,3,9,3,0.006623337773529904,2.7206850950485425e-06,7.469247798515355e-06
confirmation-qso-a0.0003-q0.00122474487139,73,blocks.0.mlp,0.0072360732684159535,0.007235897495131851,8.142434584986885e-07,3,7,3,0.01305927746273243,6.825853193762186e-06,1.4726438521266458e-05
confirmation-qso-a0.0003-q0.00122474487139,73,blocks.1.mlp,0.004661129065715126,0.004660176491605003,4.4895247462560676e-07,3,9,3,0.009942994463746607,3.4279768216401703e-06,1.1212540705553413e-05
confirmation-qso-a0.0003-q0.00122474487139,73,blocks.2.mlp,0.0025658710475058247,0.0025654727804296173,1.482972141715468e-06,3,9,3,0.0071259732495356195,1.4841402553189927e-05,8.036162744695574e-06
confirmation-qso-a0.0003-q0.00122474487139,73,blocks.3.mlp,0.001890427424477427,0.001889335750002359,2.6415063124291146e-06,3,9,3,0.006131536766728122,2.2507720918062497e-05,6.914852908623233e-06
confirmation-qso-a0.0003-q0.00122474487139,73,blocks.4.mlp,0.0012763088057076866,0.0012763084852408311,1.4718957155022915e-07,3,10,3,0.00617925093882614,9.1844519315324e-07,6.968575831291744e-06
confirmation-qso-a0.0003-q0.00122474487139,73,blocks.5.mlp,0.0007657240450570809,0.0007643470104935294,3.480842093543856e-07,3,9,3,0.006405647916002632,3.158155735404034e-06,7.223767797847045e-06
confirmation-qso-a0.0003-q0.00122474487139,74,blocks.0.mlp,0.007318082129207908,0.007317964047430586,1.132729483672344e-06,3,7,3,0.013451069191856678,8.734842565054464e-06,1.5168221685576144e-05
confirmation-qso-a0.0003-q0.00122474487139,74,blocks.1.mlp,0.004649011145258972,0.004648725572272095,2.393419793777827e-07,3,9,3,0.010387428266754761,3.1560738449372205e-06,1.1713669903529092e-05
confirmation-qso-a0.0003-q0.00122474487139,74,blocks.2.mlp,0.0026927579605918153,0.002692471478612483,1.5331572979821838e-06,3,9,3,0.00735119665871853,1.0778463110423663e-05,8.290090260726514e-06
confirmation-qso-a0.0003-q0.00122474487139,74,blocks.3.mlp,0.0018686847878597466,0.001868558822181477,2.5081208869041208e-06,3,9,3,0.0061724895993936855,2.8345490371345618e-05,6.9609965755321034e-06
confirmation-qso-a0.0003-q0.00122474487139,74,blocks.4.mlp,0.001249148791591555,0.001249148791591555,3.62295608349398e-07,3,9,3,0.006160885200633178,2.81060697195906e-06,6.947845304081689e-06
confirmation-qso-a0.0003-q0.00122474487139,74,blocks.5.mlp,0.000737678064217997,0.0007372201862843849,3.7348362378780956e-07,3,9,3,0.006300248689520204,4.28516015276483e-06,7.104901248874495e-06
confirmation-qso-a0.0003-q0.00122474487139,75,blocks.0.mlp,0.001075839943092279,0.0010758230101063635,2.10635140740089e-06,3,7,3,0.05852564867757215,1.8603677256946082e-05,6.599576847534681e-05
confirmation-qso-a0.0003-q0.00122474487139,75,blocks.1.mlp,0.0016501809107013024,0.0016501763048939729,2.12020776214848e-06,3,7,3,0.024937787809383275,3.30642626846568e-05,2.812094759164038e-05
confirmation-qso-a0.0003-q0.00122474487139,75,blocks.2.mlp,0.002162249332832277,0.0021561405219964872,1.3820838818832986e-06,3,9,3,0.011502105711178384,1.1955000956118275e-05,1.2970578545085231e-05
confirmation-qso-a0.0003-q0.00122474487139,75,blocks.3.mlp,0.001962153273990539,0.001960047875768373,1.7139523011850588e-06,3,9,3,0.0080370215605725,1.7845306100645122e-05,9.063335081721223e-06
confirmation-qso-a0.0003-q0.00122474487139,75,blocks.4.mlp,0.0012384422114394204,0.001237107993672077,5.51163124930327e-07,3,9,3,0.007108524265998163,4.208289508628193e-06,8.016340891059064e-06
confirmation-qso-a0.0003-q0.00122474487139,75,blocks.5.mlp,0.000780647964442376,0.0007799910842997032,9.513978212664478e-07,3,9,3,0.006820202702996071,8.395607749245869e-06,7.691160129547942e-06
confirmation-qso-a0.0003-q0.00122474487139,76,blocks.0.mlp,0.0011565897052043701,0.0011565897052043701,1.0251109081836915e-06,3,7,3,0.054875751291566244,8.52497737844196e-06,6.18800381114639e-05
confirmation-qso-a0.0003-q0.00122474487139,76,blocks.1.mlp,0.0017235195121167804,0.0017231225242073985,1.4856508794138713e-06,3,7,3,0.023864337244290452,1.5679796178458598e-05,2.691049059606729e-05
confirmation-qso-a0.0003-q0.00122474487139,76,blocks.2.mlp,0.0023052898052265784,0.0023049877111060188,5.767519872030496e-07,3,9,3,0.011331140395397517,6.650038410075269e-06,1.2777788549241166e-05
confirmation-qso-a0.0003-q0.00122474487139,76,blocks.3.mlp,0.0019211492321774702,0.0019211492321774702,8.6634385667605e-07,3,9,3,0.007963294113022669,7.6236332899098355e-06,8.980182000513161e-06
confirmation-qso-a0.0003-q0.00122474487139,76,blocks.4.mlp,0.001113365707053025,0.0011132628309370313,3.0036853613907965e-07,3,9,3,0.007312219311956005,2.5116791755426465e-06,8.246007976280064e-06
confirmation-qso-a0.0003-q0.00122474487139,76,blocks.5.mlp,0.0007047111418965257,0.0007047100352623499,4.647562456917302e-07,3,9,3,0.007189350295058794,5.829293662590426e-06,8.10738354456732e-06
confirmation-qso-a0.0003-q0.00122474487139,77,blocks.0.mlp,0.0011986008203861418,0.0011986008203861418,7.304867400645942e-07,3,7,3,0.05142802114025101,6.222031005211669e-06,5.799230371286338e-05
confirmation-qso-a0.0003-q0.00122474487139,77,blocks.1.mlp,0.0018239167576822191,0.0018239167576822191,2.4359255630617265e-05,2,5,2,0.02312264328994092,0.00023499876831977563,2.6074134928954895e-05
confirmation-qso-a0.0003-q0.00122474487139,77,blocks.2.mlp,0.002396846980483517,0.002395198928564431,5.341881633874701e-07,3,9,3,0.01140637537242253,4.3304763804658145e-06,1.2862618343948381e-05
confirmation-qso-a0.0003-q0.00122474487139,77,blocks.3.mlp,0.0018303221427380938,0.0018303194712286593,8.871866538739305e-07,3,9,3,0.007966429669622677,5.521969775445879e-06,8.98369804251135e-06
confirmation-qso-a0.0003-q0.00122474487139,77,blocks.4.mlp,0.0010575331685928862,0.0010575331685928862,3.5336881688696895e-07,3,9,3,0.007611094214577705,3.2959510094918605e-06,8.58299960043767e-06
confirmation-qso-a0.0003-q0.00122474487139,77,blocks.5.mlp,0.0006473898519542832,0.0006473898519542832,4.085566949207332e-07,3,9,3,0.0074848074387910465,4.2899260697592115e-06,8.440519351728677e-06
confirmation-qso-a0.0003-q0.00122474487139,78,blocks.0.mlp,0.0013269880260525478,0.0013269880260525478,1.8235175632889136e-05,2,5,2,0.04851888802838528,0.00014815473696543798,5.471193001854432e-05
confirmation-qso-a0.0003-q0.00122474487139,78,blocks.1.mlp,0.0018566470435638768,0.0018566386801980364,3.0103800712862537e-07,3,9,3,0.022649888063353756,2.903059106990926e-06,2.5541045139000327e-05
confirmation-qso-a0.0003-q0.00122474487139,78,blocks.2.mlp,0.002431060248651957,0.0024307905307723123,8.133836060752896e-07,3,9,3,0.011174997855643767,6.280080730567551e-06,1.2601711044960734e-05
confirmation-qso-a0.0003-q0.00122474487139,78,blocks.3.mlp,0.0018638229352096422,0.0018637993211037384,1.0293248193394306e-06,3,9,3,0.007678784611022334,1.3522465208291169e-05,8.659335402164607e-06
confirmation-qso-a0.0003-q0.00122474487139,78,blocks.4.mlp,0.0010611419880800685,0.0010611419880800685,6.526891732466497e-07,3,9,3,0.007362666976937213,7.590842605426118e-06,8.302869580470637e-06
confirmation-qso-a0.0003-q0.00122474487139,78,blocks.5.mlp,0.0006452299711630332,0.0006451392883328183,5.745137538677608e-07,3,9,3,0.007300833679510797,5.416293894854796e-06,8.233057833438502e-06
confirmation-qso-a0.0003-q0.00122474487139,79,blocks.0.mlp,0.0014050477641764218,0.0014050477641764218,2.1900292324937684e-05,2,5,2,0.0458588464997519,0.00011588559775464139,5.171245588626138e-05
confirmation-qso-a0.0003-q0.00122474487139,79,blocks.1.mlp,0.0019701833068094463,0.0019701833068094463,3.9976777473330116e-07,3,9,3,0.022204568837866312,3.4286187869189793e-06,2.503889419857059e-05
confirmation-qso-a0.0003-q0.00122474487139,79,blocks.2.mlp,0.0025030998098585187,0.0025028595030353166,8.304387786619953e-07,3,9,3,0.01097143044030926,8.509752034273031e-06,1.2372164543558979e-05
confirmation-qso-a0.0003-q0.00122474487139,79,blocks.3.mlp,0.0017861954210289606,0.00178614454124215,1.2069902431345555e-06,3,9,3,0.007527315344861654,1.0740851368039205e-05,8.488522074264574e-06
confirmation-qso-a0.0003-q0.00122474487139,79,blocks.4.mlp,0.0010579534362637859,0.0010575485568729867,4.2662630315929374e-07,3,9,3,0.007067637470258629,3.92856866604969e-06,7.97019244982257e-06
confirmation-qso-a0.0003-q0.00122474487139,79,blocks.5.mlp,0.0006428235850705232,0.0006428028661375367,6.87495807712576e-07,3,9,3,0.0069663702010518596,7.759435898030839e-06,7.855905801810064e-06
confirmation-qso-a0.0003-q0.00122474487139,80,blocks.0.mlp,0.0014703509771983678,0.0014691974145717823,8.577867641659371e-07,3,7,3,0.04365780333163597,6.462019281278774e-06,4.923057358823532e-05
confirmation-qso-a0.0003-q0.00122474487139,80,blocks.1.mlp,0.0019803219926190904,0.0019800201509473795,3.7212925701108146e-07,3,9,3,0.022202867750697828,4.474804262818184e-06,2.5036980687640953e-05
confirmation-qso-a0.0003-q0.00122474487139,80,blocks.2.mlp,0.0023951727625028856,0.002394915251384896,5.717393098582594e-07,3,9,3,0.010997551322970605,6.020980835643736e-06,1.2401616688926726e-05
confirmation-qso-a0.0003-q0.00122474487139,80,blocks.3.mlp,0.0017765131531597372,0.0017765071388902757,1.04836673765179e-06,3,9,3,0.007475368619986921,1.1937458201150454e-05,8.429928278461389e-06
confirmation-qso-a0.0003-q0.00122474487139,80,blocks.4.mlp,0.0010711732358954114,0.0010710865203552898,2.9797403032610615e-05,2,5,2,0.006955192165019811,0.0002409783606806461,7.843390285121118e-06
confirmation-qso-a0.0003-q0.00122474487139,80,blocks.5.mlp,0.0006440959388087218,0.000644090708586464,4.879008601367675e-07,3,9,3,0.006807846529915898,6.406292432076976e-06,7.677142644389193e-06
confirmation-qso-a0.0003-q0.00122474487139,81,blocks.0.mlp,0.001652039139230793,0.001652039139230793,1.3619482903247921e-06,3,7,3,0.041915627708578096,1.2913396283344178e-05,4.726613019817053e-05
confirmation-qso-a0.0003-q0.00122474487139,81,blocks.1.mlp,0.001930635872296871,0.0019284661216674526,4.993435582246261e-07,3,9,3,0.022941024641226694,4.058677143697073e-06,2.5869351985669723e-05
confirmation-qso-a0.0003-q0.00122474487139,81,blocks.2.mlp,0.002135807820979168,0.0021356217612248595,1.7177473022823321e-06,3,9,3,0.011343061141132163,1.4319083034822892e-05,1.2791216035438746e-05
confirmation-qso-a0.0003-q0.00122474487139,81,blocks.3.mlp,0.001685669497521896,0.0016854382082545046,1.6347510593148282e-06,3,9,3,0.00765094208219355,1.829227330000308e-05,8.627883706243757e-06
confirmation-qso-a0.0003-q0.00122474487139,81,blocks.4.mlp,0.0010627153571626789,0.0010626452063011143,1.2459815424974696e-06,3,9,3,0.006976063111477433,1.2408568912971187e-05,7.866912009312772e-06
confirmation-qso-a0.0003-q0.00122474487139,81,blocks.5.mlp,0.000647072486226774,0.0006452917037325156,1.5600906165520914e-06,3,9,3,0.006842116897756927,1.2547134444449546e-05,7.715771835629999e-06
confirmation-qso-a0.0003-q0.00122474487139,82,blocks.0.mlp,0.0017629573522195297,0.0017567613143401248,1.914390408174449e-07,3,9,3,0.04038800644548323,1.7099862464054815e-06,4.554362598230941e-05
confirmation-qso-a0.0003-q0.00122474487139,82,blocks.1.mlp,0.0023379286977273095,0.0023379286977273095,9.547025984193131e-07,3,9,3,0.022908597634235396,1.111071704861297e-05,2.5832792310615648e-05
confirmation-qso-a0.0003-q0.00122474487139,82,blocks.2.mlp,0.0022698380967601053,0.0022698219622289397,1.4509719768669007e-06,3,9,3,0.011985807245638847,1.6558405717365397e-05,1.3515983214289223e-05
confirmation-qso-a0.0003-q0.00122474487139,82,blocks.3.mlp,0.001487156284248114,0.00148706724402732,2.684176339944831e-06,3,9,3,0.008428777539237218,1.786316322061748e-05,9.504948494131084e-06
confirmation-qso-a0.0003-q0.00122474487139,82,blocks.4.mlp,0.0009659345087578126,0.0009659090250902468,2.129512660201818e-06,3,9,3,0.0077316078902094024,2.127100357134965e-05,8.718839834094448e-06
confirmation-qso-a0.0003-q0.00122474487139,82,blocks.5.mlp,0.0005849390092477953,0.000584871302223085,1.3304481813591248e-06,3,9,3,0.007570320076626971,1.946082518362657e-05,8.536876131610508e-06
confirmation-qso-a0.0003-q0.00122474487139,83,blocks.0.mlp,0.0018006061884033315,0.0017912859125604032,5.105355382328457e-06,3,7,3,0.04474975623636959,2.6566330565440644e-05,5.046210669899865e-05
confirmation-qso-a0.0003-q0.00122474487139,83,blocks.1.mlp,0.0025230529243820228,0.0025226566793176623,1.1358880939424507e-06,3,9,3,0.024752227983967562,1.0154745386870007e-05,2.791173090295761e-05
confirmation-qso-a0.0003-q0.00122474487139,83,blocks.2.mlp,0.0018593635599357243,0.001859064700125123,2.434518335944646e-06,3,9,3,0.013872541649059298,2.5871937489339424e-05,1.5643492089648295e-05
confirmation-qso-a0.0003-q0.00122474487139,83,blocks.3.mlp,0.001372323838103689,0.0013717505545913587,1.980784976157624e-06,3,9,3,0.009789519483020984,2.794944022466406e-05,1.1039313738504711e-05
confirmation-qso-a0.0003-q0.00122474487139,83,blocks.4.mlp,0.0009390833294167535,0.0009390376576564713,1.4278998517414934e-06,3,9,3,0.008944210881840954,1.5127666127672523e-05,1.0086156532259263e-05
confirmation-qso-a0.0003-q0.00122474487139,83,blocks.5.mlp,0.0005668085188077041,0.0005667797483975264,3.7847320021553333e-06,3,9,3,0.00899608211687419,3.204935947348809e-05,1.014456259283188e-05
confirmation-qso-a0.0003-q0.00122474487139,84,blocks.0.mlp,0.0020367296202659754,0.002036714710553573,2.6872026898221894e-07,3,9,3,0.03922781343933072,2.7229793833228338e-06,4.423552362170172e-05
confirmation-qso-a0.0003-q0.00122474487139,84,blocks.1.mlp,0.0027905608817739764,0.0027870763441723524,1.1292217198587547e-06,3,9,3,0.024430686047973174,1.3241307242140323e-05,2.7549161591737075e-05
confirmation-qso-a0.0003-q0.00122474487139,84,blocks.2.mlp,0.001808041112060379,0.001807487465518517,2.1351043701671637e-06,3,9,3,0.013867338774213782,2.5190098109865675e-05,1.5637630295495615e-05
confirmation-qso-a0.0003-q0.00122474487139,84,blocks.3.mlp,0.001375006586062777,0.0013725770830647,2.5748487856729005e-06,3,9,3,0.009715629000760043,3.003461540577741e-05,1.0955985191059895e-05
confirmation-qso-a0.0003-q0.00122474487139,84,blocks.4.mlp,0.0009229951967329713,0.0009229688621422755,1.3023283952931513e-06,3,9,3,0.008900959084404254,1.4738150108605013e-05,1.0037383724117985e-05
confirmation-qso-a0.0003-q0.00122474487139,84,blocks.5.mlp,0.0005784654906983922,0.000578101763063493,5.497608188492518e-07,3,10,3,0.009124815400753803,5.701426533268217e-06,1.0289713876594915e-05
confirmation-qso-a0.0003-q0.00122474487139,85,blocks.0.mlp,0.0022594088108597995,0.0022594044742040736,2.1239296577051476e-07,3,9,3,0.03780068765983953,2.232564837945265e-06,4.262634015518051e-05
confirmation-qso-a0.0003-q0.00122474487139,85,blocks.1.mlp,0.002340139825846579,0.0023379521970446435,2.978669078395174e-06,3,9,3,0.026373090018099135,3.1072801244560266e-05,2.973948449066382e-05
confirmation-qso-a0.0003-q0.00122474487139,85,blocks.2.mlp,0.0015899310391723539,0.0015897057744732885,3.63203961100707e-06,3,9,3,0.01450198146388713,3.940225435068683e-05,1.635327319336852e-05
confirmation-qso-a0.0003-q0.00122474487139,85,blocks.3.mlp,0.001274150904364885,0.001274130182196244,3.1664493520172284e-06,3,9,3,0.009959556470094243,3.42567134875893e-05,1.1231029896766525e-05
confirmation-qso-a0.0003-q0.00122474487139,85,blocks.4.mlp,0.0008696374251670845,0.0008696359550158186,1.5974018773219723e-06,3,9,3,0.009146197586218563,1.9091400462415044e-05,1.0313912858507168e-05
confirmation-qso-a0.0003-q0.00122474487139,85,blocks.5.mlp,0.0005819504965882558,0.000581925113625258,2.1406082375073266e-06,3,9,3,0.009233657358091625,2.6888401499823284e-05,1.0412434681802596e-05
confirmation-qso-a0.0003-q0.00122474487139,86,blocks.0.mlp,0.0025714010568718896,0.0025713872312122326,6.768641468051267e-07,3,9,3,0.041966773414410005,6.384917744043298e-06,4.732413705843278e-05
confirmation-qso-a0.0003-q0.00122474487139,86,blocks.1.mlp,0.0015553827732891522,0.0015553464637187197,2.7948437246275185e-06,3,9,3,0.03290099764796503,2.8573954037062047e-05,3.710056624105728e-05
confirmation-qso-a0.0003-q0.00122474487139,86,blocks.2.mlp,0.0012910257987607348,0.0012910257987607348,3.5165544597364227e-06,3,9,3,0.01660218001258831,5.0513862207451474e-05,1.872150649202133e-05
confirmation-qso-a0.0003-q0.00122474487139,86,blocks.3.mlp,0.0011604448803879174,0.0011601654406879526,1.1212676391122242e-05,3,9,3,0.011018205711074605,9.921500461516206e-05,1.2424765721255972e-05
confirmation-qso-a0.0003-q0.00122474487139,86,blocks.4.mlp,0.0008668443028112321,0.000866633007966332,2.2665245360753515e-06,3,9,3,0.009543614311144085,2.5376842957692454e-05,1.0762041020128086e-05
confirmation-qso-a0.0003-q0.00122474487139,86,blocks.5.mlp,0.0005675443756034672,0.0005662556475066742,4.645591324540606e-06,3,9,3,0.009360427105296545,3.443114688264268e-05,1.0555372391422467e-05
confirmation-qso-a0.0003-q0.00122474487139,87,blocks.0.mlp,0.000142929752523933,0.00014288828796710245,3.814455497401062e-06,3,9,3,0.823240830166354,3.567150078392145e-05,0.0009283170724081694
ablation-qso-a0.0002-q0.00122474487139,50,blocks.0.mlp,0.011341011356497628,0.011339670660762047,2.5732013720018607e-07,3,6,3,0.013124037281209774,2.0618245844253034e-06,1.4800101967151042e-05
ablation-qso-a0.0002-q0.00122474487139,50,blocks.1.mlp,0.006247629430828069,0.006247625100402821,6.100746028465192e-06,2,5,2,0.010697439333395306,2.8146080295853013e-05,1.2063949778122149e-05
ablation-qso-a0.0002-q0.00122474487139,50,blocks.2.mlp,0.003968923726342707,0.0039671783527707285,1.753957607778587e-05,2,5,2,0.010273268072024075,8.561528298973238e-05,1.1585992591333033e-05
ablation-qso-a0.0002-q0.00122474487139,50,blocks.3.mlp,0.0027688391600700873,0.002768833910401019,1.0375542948736516e-05,2,5,2,0.01027691716963266,4.790490194523505e-05,1.1590138517712448e-05
ablation-qso-a0.0002-q0.00122474487139,50,blocks.4.mlp,0.0020101653730956576,0.0020101594317825312,2.9001541005397384e-06,2,5,2,0.010424292986436384,2.371820054060662e-05,1.1756100107068636e-05
ablation-qso-a0.0002-q0.00122474487139,50,blocks.5.mlp,0.0010903398277461566,0.001090321154027238,9.583476748324756e-06,2,5,2,0.011605972093635453,6.959053445845529e-05,1.308829915522884e-05
ablation-qso-a0.0002-q0.00122474487139,51,blocks.0.mlp,0.011665666359137026,0.011665599874172419,3.341445269695941e-07,3,6,3,0.012775896094230058,2.7763459703480684e-06,1.440750835567899e-05
ablation-qso-a0.0002-q0.00122474487139,51,blocks.1.mlp,0.006199056623168519,0.006198788161398217,7.3737314523929085e-06,2,5,2,0.010353265816570858,3.485817252958532e-05,1.1675839327136534e-05
ablation-qso-a0.0002-q0.00122474487139,51,blocks.2.mlp,0.003847829561375177,0.0038450913284144104,5.2552998300044265e-06,2,5,2,0.00995647690635797,2.7051286076485986e-05,1.122874717780287e-05
ablation-qso-a0.0002-q0.00122474487139,51,blocks.3.mlp,0.002754978654404716,0.0027548053654356777,1.4967213892236284e-05,2,5,2,0.00990013830758466,6.66072315679765e-05,1.1165251806971786e-05
ablation-qso-a0.0002-q0.00122474487139,51,blocks.4.mlp,0.0019909730371161453,0.0019903495097110817,4.473411452914972e-06,2,5,2,0.010003893938120232,2.6905607168387837e-05,1.1282035825523886e-05
ablation-qso-a0.0002-q0.00122474487139,51,blocks.5.mlp,0.0010788752364912953,0.0010788519433138743,7.778768770800634e-06,2,5,2,0.011143781604592326,4.601171839730689e-05,1.2567111575827962e-05
ablation-qso-a0.0002-q0.00122474487139,52,blocks.0.mlp,0.011846345795650859,0.011846345795650859,1.3385471216285179e-05,2,4,2,0.012484812893128926,0.00010857859996352559,1.4079251292971685e-05
ablation-qso-a0.0002-q0.00122474487139,52,blocks.1.mlp,0.006258332391325063,0.006258291911186166,6.963200736803039e-06,2,5,2,0.010023594333479418,3.178021417878957e-05,1.130408168436115e-05
ablation-qso-a0.0002-q0.00122474487139,52,blocks.2.mlp,0.003793487466834506,0.0037920403681088784,1.4307405128624667e-05,2,5,2,0.009666716866132337,9.305720012866108e-05,1.090197997183187e-05
ablation-qso-a0.0002-q0.00122474487139,52,blocks.3.mlp,0.0026675846474923637,0.0026675846474923637,1.3140031980998617e-05,2,5,2,0.009672611130070745,7.081000006681275e-05,1.0908645517407014e-05
ablation-qso-a0.0002-q0.00122474487139,52,blocks.4.mlp,0.0019461863702648912,0.0019461532244992017,3.7405157867644933e-06,2,5,2,0.009679522988386797,3.892695276028245e-05,1.0916243763634474e-05
ablation-qso-a0.0002-q0.00122474487139,52,blocks.5.mlp,0.0010597097077671986,0.0010596884687560722,1.1724049977082138e-05,2,5,2,0.010801769765491217,7.184723561614032e-05,1.2181433391333804e-05
ablation-qso-a0.0002-q0.00122474487139,53,blocks.0.mlp,0.011667319877073364,0.011667296887560913,4.3058747385792943e-07,3,6,3,0.01219100837914742,3.605128061032886e-06,1.3747925969422951e-05
ablation-qso-a0.0002-q0.00122474487139,53,blocks.1.mlp,0.006114431802766896,0.006106898691172005,1.2745989579606424e-05,2,4,2,0.009723153415738052,0.00011420620857288268,1.096528234001775e-05
ablation-qso-a0.0002-q0.00122474487139,53,blocks.2.mlp,0.00366369737328468,0.0036633751663120713,3.3436621531271605e-06,2,5,2,0.009374033135609049,3.0305481828491495e-05,1.0571918675246553e-05
ablation-qso-a0.0002-q0.00122474487139,53,blocks.3.mlp,0.0026351168365476825,0.0026351168365476825,4.343949704678784e-06,2,5,2,0.009304709884684672,3.898407371832514e-05,1.0493768653644407e-05
ablation-qso-a0.0002-q0.00122474487139,53,blocks.4.mlp,0.0019330329687837215,0.0019330317477415737,2.7177902456679635e-06,2,5,2,0.009327796788510746,2.4210139925301523e-05,1.0519608995571816e-05
ablation-qso-a0.0002-q0.00122474487139,53,blocks.5.mlp,0.00105041640806406,0.0010502741322169183,7.947169841256099e-06,2,5,2,0.010316919289267633,7.103014369514616e-05,1.1634697683068135e-05
ablation-qso-a0.0002-q0.00122474487139,54,blocks.0.mlp,0.01151007617150103,0.01151006841805887,3.1828911706748317e-07,3,6,3,0.011881684728112013,2.689268106266609e-06,1.339910211045524e-05
ablation-qso-a0.0002-q0.00122474487139,54,blocks.1.mlp,0.006113440100326818,0.006113440100326818,9.381675234234705e-06,2,5,2,0.00935938471713249,4.4048613023574376e-05,1.055507986260987e-05
ablation-qso-a0.0002-q0.00122474487139,54,blocks.2.mlp,0.0037108222369216233,0.003710806940736098,5.8911101425606595e-06,2,5,2,0.008917797331345798,3.5543746656419007e-05,1.0057456110546471e-05
ablation-qso-a0.0002-q0.00122474487139,54,blocks.3.mlp,0.002642524465401572,0.002642524465401572,1.6559186904833023e-05,2,5,2,0.008891819555225607,0.00010651480678052268,1.0028169195915151e-05
ablation-qso-a0.0002-q0.00122474487139,54,blocks.4.mlp,0.0019320755313901865,0.0019320669706341226,3.7133717150896033e-06,2,5,2,0.00891556072822252,3.111404890941366e-05,1.0054750084484525e-05
ablation-qso-a0.0002-q0.00122474487139,54,blocks.5.mlp,0.001049264246580037,0.0010486463673914474,1.2628858185348292e-05,2,5,2,0.009828308555487613,7.385159624750771e-05,1.108372485741163e-05
ablation-qso-a0.0002-q0.00122474487139,55,blocks.0.mlp,0.011301598368985954,0.01129877865477666,4.543891693516425e-07,3,6,3,0.011661797141874845,2.413595697258957e-06,1.315112375140914e-05
ablation-qso-a0.0002-q0.00122474487139,55,blocks.1.mlp,0.0059044071949160256,0.00590430854491725,1.1263719487480265e-05,2,4,2,0.00921537148564286,0.00015264745923806463,1.0392656523203494e-05
ablation-qso-a0.0002-q0.00122474487139,55,blocks.2.mlp,0.0035511309001710033,0.00354901982293986,1.3485693970511651e-05,2,5,2,0.008753512382003488,5.5997616247703846e-05,9.872161196248352e-06
ablation-qso-a0.0002-q0.00122474487139,55,blocks.3.mlp,0.0025916299059489966,0.0025903884906229866,1.4268432426311797e-05,2,5,2,0.008600478349692865,6.734581498261415e-05,9.699615765585736e-06
ablation-qso-a0.0002-q0.00122474487139,55,blocks.4.mlp,0.0018872157228529216,0.0018865773792187915,6.7760620025013014e-06,2,5,2,0.008632885639505655,5.411646093457045e-05,9.735971309814213e-06
ablation-qso-a0.0002-q0.00122474487139,55,blocks.5.mlp,0.001028421745202928,0.0010284163758961505,1.1230838679958004e-05,2,5,2,0.009641612303329283,7.172578371118543e-05,1.0873172344210767e-05
ablation-qso-a0.0002-q0.00122474487139,56,blocks.0.mlp,0.011217938790834622,0.011217938790834622,1.865976144761126e-05,2,4,2,0.011443362082714676,9.078620097718758e-05,1.2904783536798149e-05
ablation-qso-a0.0002-q0.00122474487139,56,blocks.1.mlp,0.00591398335027898,0.005909739128334529,1.1799710127184195e-05,2,5,2,0.008891318541888066,6.979904997998559e-05,1.0027234559445322e-05
ablation-qso-a0.0002-q0.00122474487139,56,blocks.2.mlp,0.0035816150154993026,0.0035811969508558424,1.1866866395198168e-05,2,5,2,0.008379567856795802,4.8575370064921166e-05,9.450480413715666e-06
ablation-qso-a0.0002-q0.00122474487139,56,blocks.3.mlp,0.002519907505809024,0.002519907505809024,1.754531311213291e-05,2,5,2,0.008282222080797772,7.77619889557385e-05,9.340716738246197e-06
ablation-qso-a0.0002-q0.00122474487139,56,blocks.4.mlp,0.0018479486840674837,0.0018479486840674837,4.993557983110682e-06,2,5,2,0.008350103665545767,3.3063441745482545e-05,9.41707377308687e-06
ablation-qso-a0.0002-q0.00122474487139,56,blocks.5.mlp,0.0010091324197701508,0.0010090794678426689,1.1001798398865738e-05,2,5,2,0.00932165808531353,6.90420987297009e-05,1.0512366816372186e-05
ablation-qso-a0.0002-q0.00122474487139,57,blocks.0.mlp,0.010854799893885943,0.010854688539093127,2.3918381023612998e-05,2,4,2,0.011265425167080881,0.00014913723236169882,1.2704108188055457e-05
ablation-qso-a0.0002-q0.00122474487139,57,blocks.1.mlp,0.005759678021628413,0.0057558633079406556,1.0039363465120773e-05,2,5,2,0.008695052391088446,4.8826811478387134e-05,9.805894863022889e-06
ablation-qso-a0.0002-q0.00122474487139,57,blocks.2.mlp,0.003498886931783134,0.003498886931783134,1.1199107749139171e-05,2,5,2,0.008140511179285886,4.166999554180949e-05,9.180882367567054e-06
ablation-qso-a0.0002-q0.00122474487139,57,blocks.3.mlp,0.0024753767936467677,0.002475277196723428,2.0078977405382016e-05,2,5,2,0.0080357821072545,0.0001032027470404776,9.06278899471898e-06
ablation-qso-a0.0002-q0.00122474487139,57,blocks.4.mlp,0.001818896911128291,0.0018188748771369853,6.829505931121978e-06,2,5,2,0.008075372598961732,3.701168863363345e-05,9.107254766777357e-06
ablation-qso-a0.0002-q0.00122474487139,57,blocks.5.mlp,0.0009868415669378274,0.0009868415669378274,2.0508071596337438e-05,2,5,2,0.009073871141699979,0.00012291411447004836,1.0232933988016789e-05
ablation-qso-a0.0002-q0.00122474487139,58,blocks.0.mlp,0.010615457064318413,0.01061540338885189,2.379492550967038e-05,2,4,2,0.011124135806651258,0.00012894356081620455,1.2544755901471832e-05
ablation-qso-a0.0002-q0.00122474487139,58,blocks.1.mlp,0.005477417496319314,0.005477398766424509,2.9120436755005333e-05,2,4,2,0.008569607221698673,0.0002516880053852442,9.664407720099467e-06
ablation-qso-a0.0002-q0.00122474487139,58,blocks.2.mlp,0.0034322614616800317,0.0034288846874128798,1.750524266969357e-05,2,5,2,0.007909352847140496,0.00012571192885036024,8.920190238699987e-06
ablation-qso-a0.0002-q0.00122474487139,58,blocks.3.mlp,0.002463548139247651,0.002461878185391668,1.0240305108428016e-05,2,5,2,0.007766506615228165,7.031854841452653e-05,8.759116270785137e-06
ablation-qso-a0.0002-q0.00122474487139,58,blocks.4.mlp,0.001783344807409623,0.001783317106333892,8.976137512470207e-06,2,5,2,0.007936094043329152,4.652948024872037e-05,8.950159240365801e-06
ablation-qso-a0.0002-q0.00122474487139,58,blocks.5.mlp,0.0009663992043935268,0.0009663923488279167,1.671286858801741e-05,2,5,2,0.008774142136945835,0.00014185722091834352,9.894934620591623e-06
ablation-qso-a0.0002-q0.00122474487139,59,blocks.0.mlp,0.01022055791668771,0.010213207442717856,3.233722960289194e-06,2,5,2,0.011001261949776539,2.7215012184928938e-05,1.2406168986186953e-05
ablation-qso-a0.0002-q0.00122474487139,59,blocks.1.mlp,0.005356317260203061,0.0053540358534804695,8.666563662436758e-06,2,5,2,0.00837750736492198,4.79922023771062e-05,9.447765798841242e-06
ablation-qso-a0.0002-q0.00122474487139,59,blocks.2.mlp,0.0034455147154368202,0.0034442516944259154,2.4498017434033223e-05,2,5,2,0.007592519766593293,9.767243833199189e-05,8.562902764156873e-06
ablation-qso-a0.0002-q0.00122474487139,59,blocks.3.mlp,0.0024546507325129865,0.0024545932267564198,6.668661411173627e-06,2,5,2,0.007571197117545314,5.934236532020029e-05,8.538839409499083e-06
ablation-qso-a0.0002-q0.00122474487139,59,blocks.4.mlp,0.0017678850853017575,0.0017669149118545488,6.279674817048414e-06,2,5,2,0.007619709001702437,7.634525336689592e-05,8.593378730611822e-06
ablation-qso-a0.0002-q0.00122474487139,59,blocks.5.mlp,0.0009617710099163884,0.0009617693209383805,1.9702587862701686e-05,2,5,2,0.008535588910506247,0.0001161144793254642,9.625914652982353e-06
ablation-qso-a0.0002-q0.00122474487139,60,blocks.0.mlp,0.009844104809827609,0.009844095432517004,6.589982097906822e-07,3,6,3,0.010937301882850543,6.304058615585735e-06,1.2334012679248259e-05
ablation-qso-a0.0002-q0.00122474487139,60,blocks.1.mlp,0.005271159413228143,0.005271159413228143,1.8948538796594785e-05,2,5,2,0.008171718726844608,8.871287122001022e-05,9.21569067832866e-06
ablation-qso-a0.0002-q0.00122474487139,60,blocks.2.mlp,0.003477491190958209,0.0034774620986515324,2.469447573282436e-05,2,5,2,0.007303826034224107,0.00018834499944038292,8.237341407886727e-06
ablation-qso-a0.0002-q0.00122474487139,60,blocks.3.mlp,0.0024322343023891048,0.0024322343023891048,1.757597655795835e-05,2,5,2,0.007333729224843188,7.837079898170547e-05,8.271031953044539e-06
ablation-qso-a0.0002-q0.00122474487139,60,blocks.4.mlp,0.0017506208136564064,0.0017506208136564064,7.796058180449293e-06,2,5,2,0.007322712399055944,5.798865144730107e-05,8.258460811270069e-06
ablation-qso-a0.0002-q0.00122474487139,60,blocks.5.mlp,0.0009540978222456403,0.0009539346109575883,2.0734810701259947e-05,2,5,2,0.008272972014462391,0.00012524068884220727,9.329760976140881e-06
ablation-qso-a0.0002-q0.00122474487139,61,blocks.0.mlp,0.009308159961767306,0.009305946608169614,2.7823894466433332e-05,2,4,2,0.0109665897647834,0.0001931505690779343,1.2367001866564056e-05
ablation-qso-a0.0002-q0.00122474487139,61,blocks.1.mlp,0.005001218114267868,0.005001218114267868,2.155144133766006e-05,2,5,2,0.008079231309305985,0.00011233489091458086,9.111365240739427e-06
ablation-qso-a0.0002-q0.00122474487139,61,blocks.2.mlp,0.0034659829065482894,0.0034659148394158845,3.7789025737962866e-07,3,9,3,0.007035739314146749,2.245897835520902e-06,7.935014204150886e-06
ablation-qso-a0.0002-q0.00122474487139,61,blocks.3.mlp,0.0024223152327763633,0.002422246872434947,2.835643843117823e-05,2,5,2,0.0070417307047722505,0.00012667201577759243,7.941745530939281e-06
ablation-qso-a0.0002-q0.00122474487139,61,blocks.4.mlp,0.001738820713120165,0.0017388121867589425,5.399069003257248e-06,2,5,2,0.007038337109775867,3.753453459876563e-05,7.937775062660994e-06
ablation-qso-a0.0002-q0.00122474487139,61,blocks.5.mlp,0.0009510937585108238,0.0009510937585108238,2.778096207333521e-05,2,5,2,0.007848433641409741,0.00014278548144762817,8.851037913782591e-06
ablation-qso-a0.0002-q0.00122474487139,62,blocks.0.mlp,0.008994844688097673,0.00898692868443927,6.731816015254479e-06,2,5,2,0.010964343063787073,4.796121009822082e-05,1.2364435274494615e-05
ablation-qso-a0.0002-q0.00122474487139,62,blocks.1.mlp,0.004859314542928989,0.004859314542928989,1.0995981723776759e-06,3,7,3,0.007933998824473336,6.463953862570774e-06,8.947570525866065e-06
ablation-qso-a0.0002-q0.00122474487139,62,blocks.2.mlp,0.0034560600314315496,0.0034560600314315496,2.3706069924919658e-05,2,5,2,0.006771747992123749,9.290841456431296e-05,7.637307793252731e-06
ablation-qso-a0.0002-q0.00122474487139,62,blocks.3.mlp,0.0023999740124554247,0.002399442698566358,2.895872945649581e-05,2,5,2,0.006788415916648456,0.0001138716235090031,7.656075473490812e-06
ablation-qso-a0.0002-q0.00122474487139,62,blocks.4.mlp,0.001715154873086865,0.001715145406234157,1.4678244023405712e-05,2,5,2,0.00675650898139726,9.474844466149306e-05,7.619962234124498e-06
ablation-qso-a0.0002-q0.00122474487139,62,blocks.5.mlp,0.0009524417793063596,0.000952435384533443,2.960336886168109e-05,2,5,2,0.0075110792833659595,0.00016364208553463447,8.470619006278095e-06
ablation-qso-a0.0002-q0.00122474487139,63,blocks.0.mlp,0.00904140356834692,0.009036245946895121,2.5360326545355627e-07,3,7,3,0.010887557308511037,2.6039576378851972e-06,1.2277821873255095e-05
ablation-qso-a0.0002-q0.00122474487139,63,blocks.1.mlp,0.004747965974221613,0.004747682919602739,4.77924456170928e-07,3,7,3,0.007846403560316774,5.813183998897427e-06,8.848764162484688e-06
ablation-qso-a0.0002-q0.00122474487139,63,blocks.2.mlp,0.003450526880153493,0.0034475687432486035,1.72835022945787e-07,3,9,3,0.0064862814141775655,1.5321557046781614e-06,7.315391239131046e-06
ablation-qso-a0.0002-q0.00122474487139,63,blocks.3.mlp,0.002442718498198164,0.002441506328726323,2.673827904559197e-07,3,9,3,0.0064339926017510166,2.4840582054789492e-06,7.2564083727643185e-06
ablation-qso-a0.0002-q0.00122474487139,63,blocks.4.mlp,0.0017416838530972373,0.0017406703501902088,2.0396030022180813e-05,2,5,2,0.0064288122290790985,0.00010788162197669655,7.250435274471191e-06
ablation-qso-a0.0002-q0.00122474487139,63,blocks.5.mlp,0.0009640504517738907,0.0009637716691018222,1.990586539319764e-05,2,5,2,0.007067208143270672,0.00011959331208443762,7.970102158233934e-06
ablation-qso-a0.0002-q0.00122474487139,64,blocks.0.mlp,0.00868505303508257,0.00868504644433725,2.0815902000714946e-07,3,7,3,0.010954247116768172,2.220566606796066e-06,1.2352990161736374e-05
ablation-qso-a0.0002-q0.00122474487139,64,blocks.1.mlp,0.004780374458050624,0.004780331900892861,1.024851105796032e-06,3,7,3,0.007788832915932577,1.1300726222385417e-05,8.783812257458026e-06
ablation-qso-a0.0002-q0.00122474487139,64,blocks.2.mlp,0.0034968795065712876,0.0034968358028524007,1.1744786239546144e-07,3,9,3,0.006235044566622934,1.4407610139821256e-06,7.032068139755203e-06
ablation-qso-a0.0002-q0.00122474487139,64,blocks.3.mlp,0.0023262540934199005,0.0023262537935900456,3.944114643662052e-07,3,9,3,0.006281477911406254,3.7112012337889526e-06,7.084383853381657e-06
ablation-qso-a0.0002-q0.00122474487139,64,blocks.4.mlp,0.0017042466047341954,0.0017037150472096931,1.033624425843418e-05,2,5,2,0.006217092797735454,6.561783518155334e-05,7.011669613966387e-06
ablation-qso-a0.0002-q0.00122474487139,64,blocks.5.mlp,0.0009709440573825617,0.0009709291555928253,1.6048352158214574e-07,3,9,3,0.006741202441336656,1.8076411701531807e-06,7.60248192398345e-06
ablation-qso-a0.0002-q0.00122474487139,65,blocks.0.mlp,0.008048989280278421,0.008048694700957123,3.9739749349677313e-07,3,7,3,0.011157364867990115,3.956643878274699e-06,1.2581995392775712e-05
ablation-qso-a0.0002-q0.00122474487139,65,blocks.1.mlp,0.004670749685775717,0.004670603291184303,1.1162457721146995e-06,3,7,3,0.007854726544933723,1.210272030386382e-05,8.8580724282443e-06
ablation-qso-a0.0002-q0.00122474487139,65,blocks.2.mlp,0.0034030669188101813,0.0034030669188101813,1.9219263813786965e-05,2,5,2,0.0061614411614323685,0.0001557955186838472,6.949019514639113e-06
ablation-qso-a0.0002-q0.00122474487139,65,blocks.3.mlp,0.0022630280294405145,0.002261933529800157,5.313869961503637e-07,3,9,3,0.006189337588010965,3.5689216635957396e-06,6.980430900457601e-06
ablation-qso-a0.0002-q0.00122474487139,65,blocks.4.mlp,0.0016519323393860738,0.0016519323393860738,8.107852205747765e-06,2,5,2,0.006165250125810829,6.637451540379883e-05,6.953160765864679e-06
ablation-qso-a0.0002-q0.00122474487139,65,blocks.5.mlp,0.0009381282915943382,0.0009379518264779108,1.6147177987314067e-07,3,9,3,0.006620456553587172,1.8499233932533708e-06,7.466293536154795e-06
ablation-qso-a0.0002-q0.00122474487139,66,blocks.0.mlp,0.00798818320182512,0.007988054398114517,5.053744684113356e-07,3,7,3,0.011254375521341111,4.343448824847078e-06,1.2691358332908977e-05
ablation-qso-a0.0002-q0.00122474487139,66,blocks.1.mlp,0.0046578932037428765,0.00465788723930378,1.8441135436700475e-07,3,9,3,0.007840083356983349,1.6672378612712673e-06,8.841526951022224e-06
ablation-qso-a0.0002-q0.00122474487139,66,blocks.2.mlp,0.0034037533930537456,0.0034037222733010537,5.043985136922619e-07,3,9,3,0.0059735776442128175,3.838016691288654e-06,6.737152486396582e-06
ablation-qso-a0.0002-q0.00122474487139,66,blocks.3.mlp,0.002210518264355881,0.0022105010557828555,1.8466284913214226e-05,2,5,2,0.005971150027246335,0.00010445848399375223,6.7343688241163695e-06
ablation-qso-a0.0002-q0.00122474487139,66,blocks.4.mlp,0.0016404761206804698,0.0016396037374755519,1.7607398838656894e-05,2,5,2,0.005879666383835125,0.00014422490340224497,6.631116061239087e-06
ablation-qso-a0.0002-q0.00122474487139,66,blocks.5.mlp,0.0009612881112498336,0.0009612752814632258,2.899848155599499e-07,3,9,3,0.006391761338893462,3.544711371784667e-06,7.208393157111889e-06
ablation-qso-a0.0002-q0.00122474487139,67,blocks.0.mlp,0.008094874906340511,0.008094874906340511,1.4038087974164535e-05,2,5,2,0.011372738813232383,9.645596154099548e-05,1.2824800457413624e-05
ablation-qso-a0.0002-q0.00122474487139,67,blocks.1.mlp,0.004374869730484555,0.004374561114529207,1.6871241359716318e-07,3,9,3,0.008163484165928893,1.8829123141389553e-06,9.206143997352873e-06
ablation-qso-a0.0002-q0.00122474487139,67,blocks.2.mlp,0.003092302520782308,0.003090715044546733,2.815844423649574e-07,3,9,3,0.006125613478920162,2.41810664747549e-06,6.9085075358287226e-06
ablation-qso-a0.0002-q0.00122474487139,67,blocks.3.mlp,0.002167467802408803,0.002167350606900542,2.8113073293892914e-05,2,5,2,0.005970009689034706,0.00016988908157487205,6.733022808792932e-06
ablation-qso-a0.0002-q0.00122474487139,67,blocks.4.mlp,0.0015562539428978907,0.0015544132585947142,2.20684766296504e-05,2,5,2,0.005945278566224764,0.00012580610070159816,6.705037049906308e-06
ablation-qso-a0.0002-q0.00122474487139,67,blocks.5.mlp,0.0009282570987543337,0.0009282520683080891,2.6225630601044222e-05,2,5,2,0.006327017151042054,0.00010528306945824006,7.135349339168757e-06
ablation-qso-a0.0002-q0.00122474487139,68,blocks.0.mlp,0.007487830328793388,0.007487830328793388,4.295556633644576e-07,3,7,3,0.011795298019767949,4.210517525986656e-06,1.3301255684863698e-05
ablation-qso-a0.0002-q0.00122474487139,68,blocks.1.mlp,0.004155727073004031,0.004155727073004031,2.5121569725032494e-06,3,7,3,0.008466485011456434,2.2623102528366023e-05,9.547765667775036e-06
ablation-qso-a0.0002-q0.00122474487139,68,blocks.2.mlp,0.0029360188277939687,0.0029360122495860467,3.3772208048841906e-07,3,9,3,0.006252400735509241,3.7797803321134093e-06,7.051403994495116e-06
ablation-qso-a0.0002-q0.00122474487139,68,blocks.3.mlp,0.002028265844168609,0.002028265844168609,1.9651258804437884e-05,2,5,2,0.005985925614288219,0.00018882394779171064,6.750912369016484e-06
ablation-qso-a0.0002-q0.00122474487139,68,blocks.4.mlp,0.001483737791431517,0.001483652304242674,1.769483030598064e-07,3,9,3,0.005862590315537356,1.8256796636066932e-06,6.6117578910172945e-06
ablation-qso-a0.0002-q0.00122474487139,68,blocks.5.mlp,0.000904224572714385,0.0009041765153999564,1.7159622375033533e-07,3,9,3,0.0061616167260345545,1.785884102303994e-06,6.948815401288157e-06
ablation-qso-a0.0002-q0.00122474487139,69,blocks.0.mlp,0.007504350354170343,0.007504309880158967,6.092506350441848e-07,3,7,3,0.011854439315116944,6.317619927099578e-06,1.3367924335697567e-05
ablation-qso-a0.0002-q0.00122474487139,69,blocks.1.mlp,0.0040676769197686554,0.004067669229962605,2.0777649270650066e-07,3,9,3,0.008565329732711723,2.123882022901773e-06,9.65919280433805e-06
ablation-qso-a0.0002-q0.00122474487139,69,blocks.2.mlp,0.002792366443285354,0.002792332546435772,4.459436638562407e-07,3,9,3,0.006244403783925936,5.1900752203000716e-06,7.042337963966911e-06
ablation-qso-a0.0002-q0.00122474487139,69,blocks.3.mlp,0.001966334362825901,0.001966334362825901,2.850049291204519e-05,2,5,2,0.005864902088300831,0.00017552215883384788,6.614409460741931e-06
ablation-qso-a0.0002-q0.00122474487139,69,blocks.4.mlp,0.0014938902608612433,0.0014938902608612433,2.1014099285271057e-05,2,5,2,0.005658415091707097,0.00016639876250709927,6.3815055808535535e-06
ablation-qso-a0.0002-q0.00122474487139,69,blocks.5.mlp,0.0009046111839591466,0.0009045730817593616,1.9589268836222816e-07,3,9,3,0.0059731348440464115,2.3710381681521206e-06,6.7362586730334626e-06
ablation-qso-a0.0002-q0.00122474487139,70,blocks.0.mlp,0.007392689376121368,0.007392564710902891,9.166308099559836e-07,3,7,3,0.0119231189135395,8.720217619798742e-06,1.3445349849286425e-05
ablation-qso-a0.0002-q0.00122474487139,70,blocks.1.mlp,0.003895283597034433,0.003895281266813975,4.5844160720508947e-07,3,9,3,0.008778849145224376,4.687460291218618e-06,9.899925992306189e-06
ablation-qso-a0.0002-q0.00122474487139,70,blocks.2.mlp,0.0026828338148618775,0.0026826439408229874,1.5197747762193195e-07,3,10,3,0.006275412926732121,1.0723159976789666e-06,7.077253257866045e-06
ablation-qso-a0.0002-q0.00122474487139,70,blocks.3.mlp,0.0019229078991098794,0.0019228594505837483,9.014040163785419e-07,3,9,3,0.0058182502382315236,9.71888074592774e-06,6.561761839717665e-06
ablation-qso-a0.0002-q0.00122474487139,70,blocks.4.mlp,0.001439868318114315,0.0014388462645893681,2.835248456402551e-05,2,5,2,0.005681620442469347,0.0001726163000788778,6.407623545601775e-06
ablation-qso-a0.0002-q0.00122474487139,70,blocks.5.mlp,0.0008791238176191912,0.0008790873085875432,3.8039976854263397e-07,3,9,3,0.005999529594130803,4.327459691843557e-06,6.765978538716828e-06
ablation-qso-a0.0002-q0.00122474487139,71,blocks.0.mlp,0.007807689861014888,0.007807268347183077,1.0344730845751421e-06,3,7,3,0.011956329890398913,9.435478370919173e-06,1.348278173238493e-05
ablation-qso-a0.0002-q0.00122474487139,71,blocks.1.mlp,0.003937853526455745,0.003936895789342664,2.9112602023581615e-07,3,9,3,0.009148519735915076,2.7855403841961455e-06,1.0316735329743743e-05
ablation-qso-a0.0002-q0.00122474487139,71,blocks.2.mlp,0.0023660758652752248,0.002363835515345525,4.1802623872226955e-07,3,10,3,0.006713407341415086,2.2759010069779996e-06,7.5710539573423885e-06
ablation-qso-a0.0002-q0.00122474487139,71,blocks.3.mlp,0.0017346998565755192,0.0017345078188553385,2.5683585372044595e-07,3,10,3,0.0060242283662103584,2.7001923001269393e-06,6.793955026901014e-06
ablation-qso-a0.0002-q0.00122474487139,71,blocks.4.mlp,0.0012560649636577262,0.0012558724318264098,2.286815252786991e-05,2,5,2,0.0060248600715674385,0.00018875893647157853,6.79458555870165e-06
ablation-qso-a0.0002-q0.00122474487139,71,blocks.5.mlp,0.0007630658534317325,0.0007630658534317325,2.0309705279034771e-07,3,9,3,0.006275008011973436,2.520000335882839e-06,7.076551970397471e-06
ablation-qso-a0.0002-q0.00122474487139,72,blocks.0.mlp,0.006919752411663756,0.006919731348179175,9.635894440127383e-07,3,7,3,0.012712894470600117,8.519155420103397e-06,1.4335874930475359e-05
ablation-qso-a0.0002-q0.00122474487139,72,blocks.1.mlp,0.00392778501000364,0.003927766036079777,6.671960934709614e-07,3,9,3,0.009606048168955484,6.681557379707846e-06,1.0832617444698733e-05
ablation-qso-a0.0002-q0.00122474487139,72,blocks.2.mlp,0.002319855255374771,0.002319553087005044,5.123179715737989e-07,3,10,3,0.006818296888677097,3.290992830557316e-06,7.689281892317677e-06
ablation-qso-a0.0002-q0.00122474487139,72,blocks.3.mlp,0.001702855398020086,0.0017028516803460135,1.6447046580593479e-06,3,9,3,0.006083254919526231,1.2003227604478962e-05,6.860464081923353e-06
ablation-qso-a0.0002-q0.00122474487139,72,blocks.4.mlp,0.001185037230746069,0.0011849024713458205,3.1190598816250364e-07,3,9,3,0.005968555339774542,2.724947335515489e-06,6.731063896203672e-06
ablation-qso-a0.0002-q0.00122474487139,72,blocks.5.mlp,0.0007382240823002462,0.0007372189035440221,5.213468838828291e-07,3,9,3,0.0061628067120698795,5.372261043674028e-06,6.950005481166538e-06
ablation-qso-a0.0002-q0.00122474487139,73,blocks.0.mlp,0.006210526284705667,0.006210457723406633,1.1061677929765156e-06,3,7,3,0.013627974071649807,9.922689440245212e-06,1.5367717827723112e-05
ablation-qso-a0.0002-q0.00122474487139,73,blocks.1.mlp,0.003948441400585085,0.003947547582071626,6.302166298805064e-07,3,9,3,0.010018467534942784,5.165769328066706e-06,1.1297639051314687e-05
ablation-qso-a0.0002-q0.00122474487139,73,blocks.2.mlp,0.002350106833541811,0.0023499478631005244,3.1402951045588845e-06,3,9,3,0.0067319168954055745,3.4738380986178e-05,7.591852063403199e-06
ablation-qso-a0.0002-q0.00122474487139,73,blocks.3.mlp,0.0017484578458697385,0.001746462578725915,3.0463934521434083e-06,3,9,3,0.005868578403002607,2.5022307382158113e-05,6.618371960274085e-06
ablation-qso-a0.0002-q0.00122474487139,73,blocks.4.mlp,0.0012075816555711584,0.0012075075560177213,3.205082992101491e-07,3,9,3,0.005902919924959973,3.568560830999871e-06,6.65702506224731e-06
ablation-qso-a0.0002-q0.00122474487139,73,blocks.5.mlp,0.000715557703518245,0.0007140970833679647,6.188815321788338e-07,3,9,3,0.00594216534338898,5.500466389055531e-06,6.70119010417709e-06
ablation-qso-a0.0002-q0.00122474487139,74,blocks.0.mlp,0.0061586777016325025,0.0061586777016325025,1.565239186247977e-06,3,7,3,0.01415661117958503,1.3399244582979082e-05,1.5963807779263525e-05
ablation-qso-a0.0002-q0.00122474487139,74,blocks.1.mlp,0.0040685983251629145,0.004068400598209303,5.675198507075849e-07,3,9,3,0.010574468742335094,6.9585657740441155e-06,1.192456852385165e-05
ablation-qso-a0.0002-q0.00122474487139,74,blocks.2.mlp,0.002252909308245007,0.002251574581335106,2.7363594320293797e-06,3,9,3,0.007035087493984782,2.721972406210268e-05,7.93365962949293e-06
ablation-qso-a0.0002-q0.00122474487139,74,blocks.3.mlp,0.0016162828684874123,0.0016162806077621168,4.308726245840732e-06,3,9,3,0.006005231824104094,3.31824014807869e-05,6.772412225762386e-06
ablation-qso-a0.0002-q0.00122474487139,74,blocks.4.mlp,0.0011130911949799585,0.0011130911949799585,6.078873108507066e-07,3,9,3,0.005993829849067296,5.798154376638341e-06,6.759496618698312e-06
ablation-qso-a0.0002-q0.00122474487139,74,blocks.5.mlp,0.0006671220423755871,0.0006671192388106209,5.771209545060175e-07,3,9,3,0.005984262867888827,6.163002164504614e-06,6.748623609162319e-06
ablation-qso-a0.0002-q0.00122474487139,75,blocks.0.mlp,0.005641744508112224,0.005641400509570059,2.3125653231266956e-06,3,7,3,0.015512220555391278,1.7017278518820352e-05,1.7492411453604855e-05
ablation-qso-a0.0002-q0.00122474487139,75,blocks.1.mlp,0.003977068472357314,0.003977059850880468,2.7069269760367253e-07,3,9,3,0.011496017510299918,3.4978526939005864e-06,1.2963695622870003e-05
ablation-qso-a0.0002-q0.00122474487139,75,blocks.2.mlp,0.0023934357848943094,0.0023932782634031495,5.718266569845267e-06,3,9,3,0.007674057965858704,5.68649964147592e-05,8.654110365766179e-06
ablation-qso-a0.0002-q0.00122474487139,75,blocks.3.mlp,0.0016867017769796365,0.0016866901796709695,3.683525746331904e-06,3,9,3,0.006274071380944277,2.9465339701161725e-05,7.075499968259917e-06
ablation-qso-a0.0002-q0.00122474487139,75,blocks.4.mlp,0.0010982771739131262,0.0010981530312431666,9.391453958129643e-07,3,9,3,0.006170282947543647,8.219082906485422e-06,6.958424805469891e-06
ablation-qso-a0.0002-q0.00122474487139,75,blocks.5.mlp,0.0006815027463953567,0.0006802734664836954,1.2524823694135454e-06,3,9,3,0.006263295067089634,9.686373914100188e-06,7.0632181716431804e-06
ablation-qso-a0.0002-q0.00122474487139,76,blocks.0.mlp,0.006733568116484924,0.006724204833680104,2.778123042141638e-06,3,7,3,0.016852492299995095,1.985039832466525e-05,1.900372669395788e-05
ablation-qso-a0.0002-q0.00122474487139,76,blocks.1.mlp,0.004737090021634697,0.0047307049712491354,3.5233464031738947e-07,3,9,3,0.01236217770136874,4.3621119615116644e-06,1.3940374148983727e-05
ablation-qso-a0.0002-q0.00122474487139,76,blocks.2.mlp,0.003054223284002379,0.003047976890310254,1.527930156806412e-06,3,9,3,0.008585424446754947,2.007698891355564e-05,9.681723547921936e-06
ablation-qso-a0.0002-q0.00122474487139,76,blocks.3.mlp,0.0019891036489459203,0.0019891036489459203,2.8995312849129494e-06,3,9,3,0.0069996359397023295,2.6361208902264733e-05,7.893580273188084e-06
ablation-qso-a0.0002-q0.00122474487139,76,blocks.4.mlp,0.00107712771621778,0.00107712771621778,1.3532210967338485e-06,3,9,3,0.007057757270146863,1.271052462237722e-05,7.959079650870038e-06
ablation-qso-a0.0002-q0.00122474487139,76,blocks.5.mlp,0.0006419240919415475,0.0006419190173999426,1.7830400873503857e-06,3,9,3,0.00735062746150675,1.7051587973838725e-05,8.28924007225171e-06
ablation-qso-a0.0002-q0.00122474487139,77,blocks.0.mlp,0.007709730491825061,0.007709710556832542,1.991919157370765e-06,3,7,3,0.017505132203448272,1.4460010907425576e-05,1.973965525864303e-05
ablation-qso-a0.0002-q0.00122474487139,77,blocks.1.mlp,0.004589738565040066,0.0045887793473421866,4.144340745715801e-07,3,9,3,0.013631908295347633,4.219628153541358e-06,1.537212900805769e-05
ablation-qso-a0.0002-q0.00122474487139,77,blocks.2.mlp,0.0029195651196439703,0.002919545856609077,8.733283505771909e-07,3,9,3,0.009715202000133092,9.188449174957346e-06,1.0955632613892251e-05
ablation-qso-a0.0002-q0.00122474487139,77,blocks.3.mlp,0.0017677649700070693,0.0017676463100966637,1.975899267401774e-06,3,9,3,0.007820374379451548,2.1758227301300158e-05,8.818993879196436e-06
ablation-qso-a0.0002-q0.00122474487139,77,blocks.4.mlp,0.0009389820000505473,0.0009386833140992974,1.4713189646572791e-06,3,9,3,0.008183356850237652,1.3618940682285124e-05,9.228264578209109e-06
ablation-qso-a0.0002-q0.00122474487139,77,blocks.5.mlp,0.0005326302305915502,0.0005325647783680994,1.6220729174979033e-06,3,9,3,0.008395445871757369,1.6994295946573695e-05,9.467349624825201e-06
ablation-qso-a0.0002-q0.00122474487139,78,blocks.0.mlp,0.007248877542829441,0.007234842854797625,1.7446354598998965e-06,3,7,3,0.019221161945642235,1.5277889517140745e-05,2.1674692513445046e-05
ablation-qso-a0.0002-q0.00122474487139,78,blocks.1.mlp,0.004251973125129953,0.004251609376134909,5.9028806642790245e-06,3,7,3,0.015431112774313032,3.652548207585583e-05,1.7400938536672915e-05
ablation-qso-a0.0002-q0.00122474487139,78,blocks.2.mlp,0.0027795153980273543,0.002774846009777925,2.0491368774833774e-06,3,9,3,0.010733309962326963,1.9237549177722624e-05,1.2103637312253399e-05
ablation-qso-a0.0002-q0.00122474487139,78,blocks.3.mlp,0.0018346432275008566,0.0018346308087114952,1.927139823300576e-06,3,9,3,0.008221732180648963,2.367355412835987e-05,9.271535093712713e-06
ablation-qso-a0.0002-q0.00122474487139,78,blocks.4.mlp,0.0009157111027037787,0.0009157030238585814,1.6466162981582523e-06,3,9,3,0.00844401925690027,1.7193754542475714e-05,9.522173183282839e-06
ablation-qso-a0.0002-q0.00122474487139,78,blocks.5.mlp,0.0004890311794446876,0.0004887711864296359,2.6851174059765687e-06,3,9,3,0.008825534239569097,2.702314726731934e-05,9.95230353554425e-06
ablation-qso-a0.0002-q0.00122474487139,79,blocks.0.mlp,0.005557123403975371,0.005557123403975371,2.2900554963658414e-06,3,7,3,0.022189227839131735,1.801102249302507e-05,2.502156794117305e-05
ablation-qso-a0.0002-q0.00122474487139,79,blocks.1.mlp,0.003705902157364155,0.0037053660678840732,3.99192904556835e-07,3,9,3,0.01752428344205986,4.44917892574259e-06,1.9761241266305687e-05
ablation-qso-a0.0002-q0.00122474487139,79,blocks.2.mlp,0.002839838795142022,0.002837379657886299,1.9597520165597616e-06,3,9,3,0.011564045639238445,2.1054947076453125e-05,1.304037186802597e-05
ablation-qso-a0.0002-q0.00122474487139,79,blocks.3.mlp,0.0018723076887122814,0.0018722065284081982,2.343879612495173e-06,3,9,3,0.008705791516577745,2.5455254840784447e-05,9.817335511055295e-06
ablation-qso-a0.0002-q0.00122474487139,79,blocks.4.mlp,0.0009501120621540453,0.0009492268422831202,1.8232178335166208e-06,3,9,3,0.008547946937570149,1.7970314179327813e-05,9.639352431564276e-06
ablation-qso-a0.0002-q0.00122474487139,79,blocks.5.mlp,0.0004966236307488659,0.0004966000198233035,4.516654489275725e-06,3,9,3,0.008919587382079954,5.081397716479379e-05,1.0058345389761912e-05
ablation-qso-a0.0002-q0.00122474487139,80,blocks.0.mlp,0.004024154153548834,0.004023796801377525,2.030915106204362e-06,3,7,3,0.028490040067733962,1.860174227416561e-05,3.2126563156532004e-05
ablation-qso-a0.0002-q0.00122474487139,80,blocks.1.mlp,0.003353279453957447,0.003353279453957447,1.1206343521894925e-06,3,9,3,0.02154861620939237,6.5327316909779865e-06,2.4299187436421143e-05
ablation-qso-a0.0002-q0.00122474487139,80,blocks.2.mlp,0.002914690667291324,0.002914345760204602,2.9752393232718624e-06,3,9,3,0.013488988231676402,2.823163260677637e-05,1.5210958481441014e-05
ablation-qso-a0.0002-q0.00122474487139,80,blocks.3.mlp,0.0020986802282172484,0.0020984717083642845,2.3028447662837863e-06,3,9,3,0.009945608816012017,2.649617610409021e-05,1.1215337737991603e-05
ablation-qso-a0.0002-q0.00122474487139,80,blocks.4.mlp,0.0011447522180682282,0.0011445936590948284,3.2751400688269132e-06,3,9,3,0.009344038893431142,3.0323720424182577e-05,1.0537013993107431e-05
ablation-qso-a0.0002-q0.00122474487139,80,blocks.5.mlp,0.00056468972927277,0.000562643489616109,4.603140102495579e-06,3,9,3,0.009865072227453484,5.972981452366698e-05,1.1124471607249274e-05
coarse-qso-a0.0003-q0.0003,50,blocks.0.mlp,0.01077914081695975,0.010779119458449607,1.20591765915753e-07,3,6,3,0.010361498737711378,1.4700562728090172e-06,1.1684060298891179e-05
coarse-qso-a0.0003-q0.0003,50,blocks.1.mlp,0.006658327227824976,0.006657510670616888,3.2343991604579435e-06,2,5,2,0.008153162597858204,1.794847458310906e-05,9.193866885562032e-06
coarse-qso-a0.0003-q0.0003,50,blocks.2.mlp,0.004217960679688601,0.004217960679688601,3.898152724906526e-06,2,5,2,0.008177327111482753,1.900578885951956e-05,9.22113170168402e-06
coarse-qso-a0.0003-q0.0003,50,blocks.3.mlp,0.0029298573266672784,0.0029293358959981597,6.953278833234027e-06,2,5,2,0.008259055395144413,3.908162126635734e-05,9.313292618407023e-06
coarse-qso-a0.0003-q0.0003,50,blocks.4.mlp,0.0021579927321521662,0.0021579927321521662,1.590001787434642e-06,2,5,2,0.008527746185015759,1.4833327509320706e-05,9.616267267237217e-06
coarse-qso-a0.0003-q0.0003,50,blocks.5.mlp,0.0011233378640025569,0.0011233378640025569,8.40917287815014e-06,2,5,2,0.009300056995644875,5.529521053426111e-05,1.0487138824523911e-05
coarse-qso-a0.0003-q0.0003,51,blocks.0.mlp,0.010608156566591875,0.010607510863951198,2.991911664041339e-07,3,6,3,0.010049404939639675,2.5883426687341968e-06,1.1332131176635639e-05
coarse-qso-a0.0003-q0.0003,51,blocks.1.mlp,0.006646823471414174,0.006644392089584084,3.0665467911161907e-06,2,5,2,0.00782018884680556,1.4143612138344293e-05,8.818393397235134e-06
coarse-qso-a0.0003-q0.0003,51,blocks.2.mlp,0.0040941842687343,0.0040938366430491755,3.9635215442131334e-06,2,5,2,0.007882713561783876,1.851739274172459e-05,8.888913928166584e-06
coarse-qso-a0.0003-q0.0003,51,blocks.3.mlp,0.0028742242707112827,0.0028735501148590796,6.881425495156228e-06,2,5,2,0.00791744471873069,4.358030190229414e-05,8.928079204046145e-06
coarse-qso-a0.0003-q0.0003,51,blocks.4.mlp,0.002122346401107232,0.0021221382216448526,1.796774469682287e-06,2,5,2,0.008164726526686749,1.653696044441222e-05,9.206912517078297e-06
coarse-qso-a0.0003-q0.0003,51,blocks.5.mlp,0.0011085791253123208,0.0011085776249282783,5.013719936544949e-06,2,5,2,0.008916606899516755,4.128859585119793e-05,1.0054746020191087e-05
coarse-qso-a0.0003-q0.0003,52,blocks.0.mlp,0.010490950094653501,0.010488146218858825,1.8903907022200016e-06,2,5,2,0.00975908504659202,1.6109472683554933e-05,1.1004755017717058e-05
coarse-qso-a0.0003-q0.0003,52,blocks.1.mlp,0.006634557100793744,0.006634168568920815,2.865380128238705e-06,2,5,2,0.0075253324549348615,1.2186981098857995e-05,8.485902225629973e-06
coarse-qso-a0.0003-q0.0003,52,blocks.2.mlp,0.004040333380311658,0.004039837831540251,2.138126688583303e-06,2,5,2,0.0076069675780427145,1.77014416459253e-05,8.577971644840396e-06
coarse-qso-a0.0003-q0.0003,52,blocks.3.mlp,0.002785744331631311,0.002785220319083065,4.752363940119945e-06,2,5,2,0.0077055774424867225,2.9560031935566792e-05,8.689168097031636e-06
coarse-qso-a0.0003-q0.0003,52,blocks.4.mlp,0.0020720793826786324,0.002072013701533544,1.5153654161466598e-06,2,5,2,0.007885976320190615,1.3874807937518974e-05,8.892582505923172e-06
coarse-qso-a0.0003-q0.0003,52,blocks.5.mlp,0.0010937530073606232,0.0010937365098231662,6.636399419281565e-06,2,5,2,0.00861559154453702,4.519530702138953e-05,9.715309314945305e-06
coarse-qso-a0.0003-q0.0003,53,blocks.0.mlp,0.010315555065627037,0.010315555065627037,1.0586462918821799e-05,2,4,2,0.009469431074764924,9.634066046523829e-05,1.0678129794456866e-05
coarse-qso-a0.0003-q0.0003,53,blocks.1.mlp,0.006638037372898993,0.006636978077622815,1.1798304000958164e-06,2,5,2,0.0072199244530074935,7.635529271189624e-06,8.141512733059925e-06
coarse-qso-a0.0003-q0.0003,53,blocks.2.mlp,0.003930942382132109,0.003930804204090378,2.1712989762885743e-06,2,5,2,0.007330552005521693,1.6026042759043683e-05,8.2662745111791e-06
coarse-qso-a0.0003-q0.0003,53,blocks.3.mlp,0.002751514027517617,0.002749958420306185,3.591684276498469e-06,2,5,2,0.00739587175249635,2.8495109768580555e-05,8.339931778941564e-06
coarse-qso-a0.0003-q0.0003,53,blocks.4.mlp,0.002054798891158064,0.002054798891158064,2.1974719347006447e-06,2,5,2,0.0075854759562570175,1.827196355709564e-05,8.553726485092874e-06
coarse-qso-a0.0003-q0.0003,53,blocks.5.mlp,0.0010851718190967282,0.0010847998366224892,7.506589903577945e-06,2,5,2,0.00820728199340935,4.901439277069282e-05,9.25488435484766e-06
coarse-qso-a0.0003-q0.0003,54,blocks.0.mlp,0.010207125068046224,0.010207032610822515,4.1158737553847235e-07,3,6,3,0.009181745076443747,2.463622093304464e-06,1.0353723739940214e-05
coarse-qso-a0.0003-q0.0003,54,blocks.1.mlp,0.006640477552047807,0.006637318829095842,3.833858254898934e-06,2,5,2,0.006895375854104703,1.7650868265876876e-05,7.775539795340214e-06
coarse-qso-a0.0003-q0.0003,54,blocks.2.mlp,0.003995956862084613,0.003995937122700059,3.5665380487453573e-06,2,5,2,0.006952137018005308,2.105282251489747e-05,7.839560113895293e-06
coarse-qso-a0.0003-q0.0003,54,blocks.3.mlp,0.0027366455344825266,0.0027366095348801164,7.572126581731293e-06,2,5,2,0.007072685088115321,4.67482806973521e-05,7.975493926351233e-06
coarse-qso-a0.0003-q0.0003,54,blocks.4.mlp,0.002033440650113687,0.002033440524661246,2.9946581806472228e-06,2,5,2,0.007250893413099736,1.9428696434137008e-05,8.1764383510023e-06
coarse-qso-a0.0003-q0.0003,54,blocks.5.mlp,0.0010693138987516286,0.0010692691017671664,1.0871293226219686e-05,2,5,2,0.007833207069321927,7.006694448737496e-05,8.833063574935157e-06
coarse-qso-a0.0003-q0.0003,55,blocks.0.mlp,0.009987831590843571,0.009987823376099724,3.4906435125955116e-07,3,6,3,0.008949618670899618,2.7770149855069173e-06,1.0091968465396735e-05
coarse-qso-a0.0003-q0.0003,55,blocks.1.mlp,0.006466162168644582,0.006466106325859705,1.9378413252655666e-06,2,5,2,0.006711451643687693,9.984814587689822e-06,7.568139008531922e-06
coarse-qso-a0.0003-q0.0003,55,blocks.2.mlp,0.0038794053463260068,0.0038756673215088974,5.916963990446601e-06,2,5,2,0.006765050083919231,2.801156196640494e-05,7.62859241909633e-06
coarse-qso-a0.0003-q0.0003,55,blocks.3.mlp,0.0027619403885759796,0.0027611444959196488,7.231059504999876e-06,2,5,2,0.0067765555963193,3.856495218784826e-05,7.641566718918352e-06
coarse-qso-a0.0003-q0.0003,55,blocks.4.mlp,0.001990444135592155,0.001990427278455954,3.2742153372328968e-06,2,5,2,0.0069950035900212554,2.0547479524928715e-05,7.88788645186615e-06
coarse-qso-a0.0003-q0.0003,55,blocks.5.mlp,0.0010573458922021953,0.0010573404696505727,5.5930992605635295e-06,2,5,2,0.007643964542171409,4.292226032819551e-05,8.619665505883932e-06
coarse-qso-a0.0003-q0.0003,56,blocks.0.mlp,0.009876864183664095,0.009876841743444461,2.2848394030635084e-06,2,5,2,0.008702107017969328,1.869955178819752e-05,9.81286428416394e-06
coarse-qso-a0.0003-q0.0003,56,blocks.1.mlp,0.006485799608292683,0.006483329908071398,3.15689510531876e-06,2,5,2,0.0064230935821772955,2.406133749524213e-05,7.242975587166252e-06
coarse-qso-a0.0003-q0.0003,56,blocks.2.mlp,0.003875694879479754,0.0038752257295191737,6.222947590765165e-06,2,5,2,0.006501270964405369,2.8618024885147917e-05,7.331144555591302e-06
coarse-qso-a0.0003-q0.0003,56,blocks.3.mlp,0.00271910659859666,0.00271910659859666,3.7249587543707603e-06,2,5,2,0.006523390415932201,2.432973014557168e-05,7.356087296906329e-06
coarse-qso-a0.0003-q0.0003,56,blocks.4.mlp,0.0019383914854278856,0.0019383914854278856,2.6652905494530864e-06,2,5,2,0.006770847136424285,1.685969228124684e-05,7.635118121248093e-06
coarse-qso-a0.0003-q0.0003,56,blocks.5.mlp,0.0010327292292459124,0.0010326862628143034,7.1331890478805445e-06,2,5,2,0.007443007829942479,4.986926602720538e-05,8.393058149391883e-06
coarse-qso-a0.0003-q0.0003,57,blocks.0.mlp,0.009892479257680378,0.009892479257680378,1.529964016379188e-05,2,4,2,0.008472802943545518,0.0001586167182388,9.554291609915328e-06
coarse-qso-a0.0003-q0.0003,57,blocks.1.mlp,0.0064039122293544064,0.006402709027079418,2.095672183043357e-06,2,5,2,0.006159238404749246,1.2255497861799857e-05,6.945442430114877e-06
coarse-qso-a0.0003-q0.0003,57,blocks.2.mlp,0.0038312742155678743,0.003829425909940849,3.4171357815664194e-06,2,5,2,0.006240924013158454,1.7637965319938917e-05,7.037567021746942e-06
coarse-qso-a0.0003-q0.0003,57,blocks.3.mlp,0.0026969216226606705,0.0026968529943574297,7.1163756642467e-06,2,5,2,0.006252143963156391,3.749348483482282e-05,7.050218985371841e-06
coarse-qso-a0.0003-q0.0003,57,blocks.4.mlp,0.0019259080005198418,0.0019258899996610211,1.5457173519667613e-06,2,5,2,0.006477392799839861,1.7371220876914486e-05,7.304207597643991e-06
coarse-qso-a0.0003-q0.0003,57,blocks.5.mlp,0.0010158573303384257,0.0010158465747272802,1.3677440198225605e-05,2,5,2,0.007198793719852459,9.311889672639173e-05,8.117672648940154e-06
coarse-qso-a0.0003-q0.0003,58,blocks.0.mlp,0.009784531855333034,0.009784531855333034,3.6201557311687414e-06,2,5,2,0.008256680373300077,2.4736929696753734e-05,9.310582823135858e-06
coarse-qso-a0.0003-q0.0003,58,blocks.1.mlp,0.0062236150924307445,0.0062236150924307445,2.896676936152836e-06,2,5,2,0.005969819959792196,1.3244795908287189e-05,6.731846222098292e-06
coarse-qso-a0.0003-q0.0003,58,blocks.2.mlp,0.003787208599443925,0.003786498539679396,8.234816542579472e-06,2,5,2,0.005989379482961009,4.6443965959516045e-05,6.75391539997283e-06
coarse-qso-a0.0003-q0.0003,58,blocks.3.mlp,0.002695966863918535,0.0026956566913654404,4.087097301943001e-06,2,5,2,0.006025666763281326,2.6623973370026456e-05,6.7948337569199385e-06
coarse-qso-a0.0003-q0.0003,58,blocks.4.mlp,0.0018932952943746756,0.0018932952943746756,5.482004664398361e-06,2,5,2,0.006324237794408413,3.1526244349050734e-05,7.131502605272852e-06
coarse-qso-a0.0003-q0.0003,58,blocks.5.mlp,0.0009997717506555533,0.0009997155885763775,1.0681222866217814e-05,2,5,2,0.00694185557935778,9.959513265606553e-05,7.827938969693913e-06
coarse-qso-a0.0003-q0.0003,59,blocks.0.mlp,0.009676733865462013,0.009676699375238204,2.7939850924470127e-06,2,5,2,0.008062827794886842,2.9211802803450716e-05,9.091986433391301e-06
coarse-qso-a0.0003-q0.0003,59,blocks.1.mlp,0.006112472930605674,0.006112143493075831,1.8896469097707908e-06,2,5,2,0.0057573425915426225,1.3871439730589708e-05,6.492248200927854e-06
coarse-qso-a0.0003-q0.0003,59,blocks.2.mlp,0.0038343436115137225,0.0038327391786739068,3.0846972318281218e-06,2,5,2,0.005735633474832588,1.959557952543397e-05,6.4677812391660815e-06
coarse-qso-a0.0003-q0.0003,59,blocks.3.mlp,0.0026742446057717913,0.002674140766840291,5.737162546226358e-06,2,5,2,0.005833697421068649,3.4852234668129897e-05,6.578360474044422e-06
coarse-qso-a0.0003-q0.0003,59,blocks.4.mlp,0.001867075243935493,0.001867075243935493,5.008214964009854e-06,2,5,2,0.006064332740220306,3.7575479547652366e-05,6.838423371557459e-06
coarse-qso-a0.0003-q0.0003,59,blocks.5.mlp,0.0009969131496661,0.0009969032897238464,1.4735929847613668e-05,2,5,2,0.006730919338269537,9.288729581291327e-05,7.590078541552355e-06
coarse-qso-a0.0003-q0.0003,60,blocks.0.mlp,0.009630689726992684,0.009630649341191294,4.868201447010263e-06,2,5,2,0.007903853253491473,3.3459527862809675e-05,8.91271968574767e-06
coarse-qso-a0.0003-q0.0003,60,blocks.1.mlp,0.006121908706435639,0.006121344081955526,7.8486057215807e-06,2,4,2,0.005505301845407606,9.274898740141652e-05,6.208037383072049e-06
coarse-qso-a0.0003-q0.0003,60,blocks.2.mlp,0.003871200732099819,0.0038711877319557338,5.687565800832704e-06,2,5,2,0.0054640101927449156,4.856668047431654e-05,6.161488317295276e-06
coarse-qso-a0.0003-q0.0003,60,blocks.3.mlp,0.002606913920471153,0.0026067595508902515,6.2334710388601525e-06,2,5,2,0.005623749328330655,4.603443916189465e-05,6.341613992868836e-06
coarse-qso-a0.0003-q0.0003,60,blocks.4.mlp,0.0018493890595361897,0.001849372520423361,3.140571023346659e-06,2,5,2,0.0057854166689591926,2.0969917376928734e-05,6.523906820487814e-06
coarse-qso-a0.0003-q0.0003,60,blocks.5.mlp,0.000986158070171468,0.0009861303603167766,1.911153957458467e-05,2,5,2,0.006511806572924055,0.0001063300691149711,7.342998153279926e-06
coarse-qso-a0.0003-q0.0003,61,blocks.0.mlp,0.009321764086237874,0.009321764086237874,4.661418311481828e-06,2,5,2,0.007791514616650792,4.312721167940817e-05,8.78604109689409e-06
coarse-qso-a0.0003-q0.0003,61,blocks.1.mlp,0.006085477838925798,0.006085380567640026,5.367893460031722e-06,2,5,2,0.005293890172301545,2.5906493486708412e-05,5.969641058524625e-06
coarse-qso-a0.0003-q0.0003,61,blocks.2.mlp,0.0038181616499980272,0.0038177308085602974,1.0902576692624137e-05,2,5,2,0.00526217229260387,5.081678237248726e-05,5.933887222771124e-06
coarse-qso-a0.0003-q0.0003,61,blocks.3.mlp,0.0025705900717779276,0.0025684170450786022,8.959823038718477e-06,2,5,2,0.00538167844492651,6.121512632731058e-05,6.068644967868787e-06
coarse-qso-a0.0003-q0.0003,61,blocks.4.mlp,0.0018385615878342603,0.0018385615878342603,5.927669620330305e-06,2,5,2,0.005558557382288956,2.8755017870172462e-05,6.268091138457554e-06
coarse-qso-a0.0003-q0.0003,61,blocks.5.mlp,0.0009769976305138682,0.0009769976305138682,1.909537366956801e-05,2,5,2,0.006177519386982412,0.00010805237998899622,6.9660435698674505e-06
coarse-qso-a0.0003-q0.0003,62,blocks.0.mlp,0.008983148513297148,0.008979540136187599,1.779455182938382e-05,2,4,2,0.007666352347549571,0.00014427897703162205,8.64490221141082e-06
coarse-qso-a0.0003-q0.0003,62,blocks.1.mlp,0.0059255219309062995,0.00592525896567024,5.10836587943719e-06,2,5,2,0.005117055573096062,2.3981498412043208e-05,5.770234854343716e-06
coarse-qso-a0.0003-q0.0003,62,blocks.2.mlp,0.003831621985015771,0.0038303929902353314,5.942978406617938e-06,2,5,2,0.005054150895905288,2.6499456249809412e-05,5.699313438293953e-06
coarse-qso-a0.0003-q0.0003,62,blocks.3.mlp,0.00253618110750677,0.002535825505026789,6.2632106384397e-06,2,5,2,0.005192281060459135,5.7912223830725144e-05,5.855072379843291e-06
coarse-qso-a0.0003-q0.0003,62,blocks.4.mlp,0.0017946896907434346,0.0017946896907434346,7.4600666228957155e-06,2,5,2,0.005364678675598086,3.9287039560844345e-05,6.04946523329102e-06
coarse-qso-a0.0003-q0.0003,62,blocks.5.mlp,0.0009751367558195088,0.0009751367558195088,1.0464978624248246e-05,2,5,2,0.005942420255268887,6.582812089151432e-05,6.700936487467059e-06
coarse-qso-a0.0003-q0.0003,63,blocks.0.mlp,0.00904837376380406,0.00904278820172708,2.811378139678093e-05,2,4,2,0.007513442973662356,0.00023868989508618428,8.472474853813703e-06
coarse-qso-a0.0003-q0.0003,63,blocks.1.mlp,0.005737329581679408,0.005737329581679408,6.262571849443283e-06,2,4,2,0.0049466006591521216,9.116673155307009e-05,5.5780225883944e-06
coarse-qso-a0.0003-q0.0003,63,blocks.2.mlp,0.003770650334117097,0.003767501678329594,7.3155357506916015e-06,2,5,2,0.004835091023449208,3.4554491647136775e-05,5.452292536958472e-06
coarse-qso-a0.0003-q0.0003,63,blocks.3.mlp,0.0025603522439374524,0.0025602984718494995,6.91398852890719e-06,2,5,2,0.004928976183771815,6.201230183264638e-05,5.558159560324254e-06
coarse-qso-a0.0003-q0.0003,63,blocks.4.mlp,0.001788153075673171,0.0017876320081994137,7.905420649283562e-06,2,5,2,0.005115808284670426,5.174210971159407e-05,5.768829252604031e-06
coarse-qso-a0.0003-q0.0003,63,blocks.5.mlp,0.0009793572226343532,0.000978817926474722,1.3372169810211045e-05,2,5,2,0.005628086122646786,8.01687608642513e-05,6.346481754209294e-06
coarse-qso-a0.0003-q0.0003,64,blocks.0.mlp,0.008699811934284069,0.008699763493609462,5.406684961713106e-06,2,5,2,0.007428062198734253,4.719753808610611e-05,8.376195002488982e-06
coarse-qso-a0.0003-q0.0003,64,blocks.1.mlp,0.0055035212849445184,0.0055035212849445184,2.877715887325432e-06,2,5,2,0.00483611280129997,2.3073675374273824e-05,5.453430903458431e-06
coarse-qso-a0.0003-q0.0003,64,blocks.2.mlp,0.0037337370379571834,0.0037337159037943474,7.353295036003206e-06,2,5,2,0.004676414301334041,3.421011656141783e-05,5.2733612288592266e-06
coarse-qso-a0.0003-q0.0003,64,blocks.3.mlp,0.002435982610388513,0.0024356826129592166,8.678661054198222e-06,2,5,2,0.004830692637167329,7.725350459496127e-05,5.447329104637811e-06
coarse-qso-a0.0003-q0.0003,64,blocks.4.mlp,0.001722047870579354,0.001721136717265924,7.94477732763507e-06,2,5,2,0.005008797021257771,4.8942742373829226e-05,5.648157571678358e-06
coarse-qso-a0.0003-q0.0003,64,blocks.5.mlp,0.0009604875456357885,0.0009604875456357885,1.4696892878540208e-05,2,5,2,0.005441866256007521,8.650321641411462e-05,6.136492433754638e-06
coarse-qso-a0.0003-q0.0003,65,blocks.0.mlp,0.008229586922435488,0.008229295735429252,5.603659429967949e-06,2,5,2,0.007361722480753224,6.0391215396120257e-05,8.30138649769233e-06
coarse-qso-a0.0003-q0.0003,65,blocks.1.mlp,0.005421665270896469,0.005421665270896469,4.817832123667674e-06,2,5,2,0.004745088832378077,3.18260561554458e-05,5.350787270247557e-06
coarse-qso-a0.0003-q0.0003,65,blocks.2.mlp,0.0035943610671654233,0.0035943610671654233,1.4896072410197646e-05,2,5,2,0.0045858223752747625,7.00944710973977e-05,5.171204177670851e-06
coarse-qso-a0.0003-q0.0003,65,blocks.3.mlp,0.0023546017434175437,0.0023545725869425307,3.0316921029398712e-06,2,5,2,0.004737406396156715,2.5497664104008514e-05,5.342133705295161e-06
coarse-qso-a0.0003-q0.0003,65,blocks.4.mlp,0.0016381515510978154,0.0016381515510978154,9.22616255192335e-06,2,5,2,0.004986695262510136,5.080064701777847e-05,5.623232039038135e-06
coarse-qso-a0.0003-q0.0003,65,blocks.5.mlp,0.0009273352013397573,0.0009273252193848358,1.6804187534438984e-05,2,5,2,0.00538083943579134,9.948649094459668e-05,6.067674471950629e-06
coarse-qso-a0.0003-q0.0003,66,blocks.0.mlp,0.008264083745132392,0.008260587341584398,3.9349047097750087e-07,3,7,3,0.007274827572811466,4.488117736302459e-06,8.203399340240164e-06
coarse-qso-a0.0003-q0.0003,66,blocks.1.mlp,0.0052617682761886995,0.0052617682761886995,1.6754110502075056e-05,2,4,2,0.004608948666643236,0.00018899278593473946,5.197269506647358e-06
coarse-qso-a0.0003-q0.0003,66,blocks.2.mlp,0.0035822798926915234,0.003582246572751397,1.143483345665771e-05,2,5,2,0.004389553756056072,7.164511931338977e-05,4.949883618401694e-06
coarse-qso-a0.0003-q0.0003,66,blocks.3.mlp,0.002316273246772003,0.002316241329251119,9.22220785936383e-06,2,5,2,0.004554320589505193,5.597078637552209e-05,5.135678193769393e-06
coarse-qso-a0.0003-q0.0003,66,blocks.4.mlp,0.0016198118245236961,0.0016197918951725658,4.719077473973578e-06,2,5,2,0.004736329198128421,2.4258756669949565e-05,5.340909510183198e-06
coarse-qso-a0.0003-q0.0003,66,blocks.5.mlp,0.0009332133097035948,0.0009332133097035948,2.097886230612964e-05,2,5,2,0.005220518303104548,0.00010199171488044514,5.88688936879079e-06
coarse-qso-a0.0003-q0.0003,67,blocks.0.mlp,0.008195891065325913,0.008195756877386067,1.1239635757827695e-05,2,5,2,0.007221346763938769,8.391148678241728e-05,8.14309112767517e-06
coarse-qso-a0.0003-q0.0003,67,blocks.1.mlp,0.004849789629941408,0.004844741015025445,5.770491339107561e-06,2,5,2,0.00464031599923162,4.0742385377562026e-05,5.232637697359609e-06
coarse-qso-a0.0003-q0.0003,67,blocks.2.mlp,0.0033235381332975705,0.0033228572174511944,8.671897118762643e-06,2,5,2,0.004350709207803164,4.5412902224331234e-05,4.906078199499121e-06
coarse-qso-a0.0003-q0.0003,67,blocks.3.mlp,0.002338946860629802,0.002338223100650339,7.698050943527007e-06,2,5,2,0.004408726806960505,5.4205047366023505e-05,4.971499704985441e-06
coarse-qso-a0.0003-q0.0003,67,blocks.4.mlp,0.0015697370512724293,0.0015685883525733742,2.194291166664445e-06,2,5,2,0.004673396319559795,2.228469888918462e-05,5.26994197293657e-06
coarse-qso-a0.0003-q0.0003,67,blocks.5.mlp,0.0009111563766515691,0.0009111521007639561,1.0382045243367946e-05,2,5,2,0.005142129153483581,7.870461477242483e-05,5.798493383206222e-06
coarse-qso-a0.0003-q0.0003,68,blocks.0.mlp,0.007815058657296158,0.007815058657296158,8.183824868298614e-06,2,5,2,0.007250878565274361,7.592779878806643e-05,8.176390644766756e-06
coarse-qso-a0.0003-q0.0003,68,blocks.1.mlp,0.00456290208721756,0.004561398688105708,6.582407688365752e-06,2,5,2,0.004611309210828473,4.411627231186629e-05,5.199926540165216e-06
coarse-qso-a0.0003-q0.0003,68,blocks.2.mlp,0.003210274286824985,0.003210258824939045,6.653191730422381e-06,2,5,2,0.0043244613029024695,4.0181239335139076e-05,4.876477233380699e-06
coarse-qso-a0.0003-q0.0003,68,blocks.3.mlp,0.002241646579075226,0.002241646579075226,9.157778355671202e-06,2,5,2,0.004317727236211859,5.558878609302586e-05,4.86888305219047e-06
coarse-qso-a0.0003-q0.0003,68,blocks.4.mlp,0.001501758821856124,0.0015012745178405557,9.695978034071646e-06,2,5,2,0.004558788650937918,7.186853178090762e-05,5.140704502346163e-06
coarse-qso-a0.0003-q0.0003,68,blocks.5.mlp,0.0008807498796107278,0.0008806288127676272,1.2811772405660643e-05,2,5,2,0.0049565955103136865,7.629555738854224e-05,5.589278106756377e-06
coarse-qso-a0.0003-q0.0003,69,blocks.0.mlp,0.007788688097561183,0.00778855770751529,8.472272042409783e-06,2,5,2,0.007136139936865082,6.973254467689812e-05,8.047006222427199e-06
coarse-qso-a0.0003-q0.0003,69,blocks.1.mlp,0.004525747026380615,0.004522848327085697,8.074933923068904e-06,2,5,2,0.004485974146510392,6.357012757529878e-05,5.058593021566869e-06
coarse-qso-a0.0003-q0.0003,69,blocks.2.mlp,0.003165095257307868,0.003163238812569238,1.420143046365038e-05,2,5,2,0.004191102869802055,6.534239591802865e-05,4.726095823290584e-06
coarse-qso-a0.0003-q0.0003,69,blocks.3.mlp,0.0021863876051621523,0.0021863051281283577,4.462581223440825e-06,2,5,2,0.004184946515987773,4.217418611252764e-05,4.719153187983e-06
coarse-qso-a0.0003-q0.0003,69,blocks.4.mlp,0.0014861597674212257,0.0014861597674212257,2.8271783887949347e-06,2,5,2,0.0043288754047884894,2.4344385486489818e-05,4.8814454231376374e-06
coarse-qso-a0.0003-q0.0003,69,blocks.5.mlp,0.0008713223577012309,0.0008708685986325059,1.486622524188138e-05,2,5,2,0.0047112836096078435,7.622611971805151e-05,5.312655114611608e-06
coarse-qso-a0.0003-q0.0003,70,blocks.0.mlp,0.007650698637545986,0.007649879416802847,1.1996587852749694e-05,2,5,2,0.007018216111739051,0.00010869515026512607,7.914030088084673e-06
coarse-qso-a0.0003-q0.0003,70,blocks.1.mlp,0.004263558014909938,0.004257851813765741,2.893413673988335e-05,2,4,2,0.004457124149765996,0.00028936952398673756,5.026058894250169e-06
coarse-qso-a0.0003-q0.0003,70,blocks.2.mlp,0.003051065299854491,0.003051065299854491,1.292786802622871e-05,2,5,2,0.00406480913180218,9.220050176376588e-05,4.583680654213825e-06
coarse-qso-a0.0003-q0.0003,70,blocks.3.mlp,0.00215177015922639,0.0021517016869896256,1.1317433363446254e-05,2,5,2,0.004065089025370673,7.201100797499419e-05,4.583995805198896e-06
coarse-qso-a0.0003-q0.0003,70,blocks.4.mlp,0.001464593802607795,0.001464593802607795,9.718279127351457e-06,2,5,2,0.004226276422507635,4.5076592614631006e-05,4.765749536829241e-06
coarse-qso-a0.0003-q0.0003,70,blocks.5.mlp,0.0008572787023269565,0.0008571189174569809,1.828227187952297e-05,2,5,2,0.0046281790054784715,9.704193952914476e-05,5.218941912459366e-06
coarse-qso-a0.0003-q0.0003,71,blocks.0.mlp,0.007732882986160806,0.007732148922147693,1.755984447508497e-05,2,5,2,0.0069348059015364606,0.00010674071017433551,7.819972667143978e-06
coarse-qso-a0.0003-q0.0003,71,blocks.1.mlp,0.0039306676000233146,0.003930383284821442,1.2689904011946772e-05,2,5,2,0.0044972813625220286,8.27272946215809e-05,5.07133939664384e-06
coarse-qso-a0.0003-q0.0003,71,blocks.2.mlp,0.0028335761676051455,0.0028335761676051455,8.389526797539178e-06,2,5,2,0.004106362983850646,8.215087813456916e-05,4.6305349037306625e-06
coarse-qso-a0.0003-q0.0003,71,blocks.3.mlp,0.002062962689972074,0.002062826723122994,7.495474478954698e-06,2,5,2,0.004018622813697124,5.573962566840679e-05,4.531596510443744e-06
coarse-qso-a0.0003-q0.0003,71,blocks.4.mlp,0.0013573616259177435,0.0013573616259177435,1.2470408982003512e-05,2,5,2,0.004262452340706832,5.672665279983815e-05,4.80654004751998e-06
coarse-qso-a0.0003-q0.0003,71,blocks.5.mlp,0.0008117047850734479,0.0008116925826456348,2.0166051936310155e-05,2,5,2,0.004592317023581965,0.00011310943550092981,5.178500902358189e-06
coarse-qso-a0.0003-q0.0003,72,blocks.0.mlp,0.007368225461348297,0.007368149149250383,1.4147689172490597e-05,2,5,2,0.006928510223785942,0.00010938081699075089,7.81287227164562e-06
coarse-qso-a0.0003-q0.0003,72,blocks.1.mlp,0.003751681647727225,0.003749823125207396,1.4061929744166736e-05,2,5,2,0.0044851974660078744,8.424046405482543e-05,5.057711424516165e-06
coarse-qso-a0.0003-q0.0003,72,blocks.2.mlp,0.002744819652500713,0.0027430669833989076,8.140641532014815e-06,2,5,2,0.004027483094318287,4.763094378866264e-05,4.5415851183712625e-06
coarse-qso-a0.0003-q0.0003,72,blocks.3.mlp,0.001990212528234042,0.0019898248531276396,1.630145142371588e-05,2,5,2,0.0039708146825443305,9.577563439730639e-05,4.477684023778917e-06
coarse-qso-a0.0003-q0.0003,72,blocks.4.mlp,0.001302422583900202,0.0013023624929362554,8.797758605103032e-06,2,5,2,0.004189677351516422,4.394021783821517e-05,4.724474776864579e-06
coarse-qso-a0.0003-q0.0003,72,blocks.5.mlp,0.0007770177728151459,0.000777005266797408,1.4504937011144101e-05,2,5,2,0.004531726681244202,7.753303643666039e-05,5.110175661029934e-06
coarse-qso-a0.0003-q0.0003,73,blocks.0.mlp,0.007234065004119788,0.007234003387458809,7.136522057835102e-07,3,7,3,0.006908284135567781,7.153200664634202e-06,7.790063483128605e-06
coarse-qso-a0.0003-q0.0003,73,blocks.1.mlp,0.003737819359067258,0.003737819359067258,7.964643345119098e-06,2,5,2,0.00436363255904214,7.061654789453955e-05,4.920629452702501e-06
coarse-qso-a0.0003-q0.0003,73,blocks.2.mlp,0.0026994452178664063,0.0026984144336767673,1.8408144036022903e-05,2,5,2,0.003856154928713788,9.986001790912283e-05,4.3483882899539394e-06
coarse-qso-a0.0003-q0.0003,73,blocks.3.mlp,0.0019773764711282053,0.0019773483253323985,1.2945487833982515e-05,2,5,2,0.0038410588317026677,0.00010526631059374085,4.33136511059587e-06
coarse-qso-a0.0003-q0.0003,73,blocks.4.mlp,0.001292011582522173,0.001292011582522173,1.1827587885792797e-05,2,5,2,0.004137809030519777,5.256275125926449e-05,4.66598449426056e-06
coarse-qso-a0.0003-q0.0003,73,blocks.5.mlp,0.0007513406458647019,0.0007513305192380573,1.9421713062945542e-05,2,5,2,0.004432570718096767,0.00011000005472548863,4.998362673044516e-06
coarse-qso-a0.0003-q0.0003,74,blocks.0.mlp,0.007384538724470131,0.007384127561279475,1.839255209695676e-05,2,5,2,0.006871509278218074,0.00014551559945075304,7.748593860619657e-06
coarse-qso-a0.0003-q0.0003,74,blocks.1.mlp,0.003437139256763539,0.00343360658082139,9.74051484588891e-06,2,5,2,0.004393947668004527,8.509210663872464e-05,4.954811932470776e-06
coarse-qso-a0.0003-q0.0003,74,blocks.2.mlp,0.0025761645196412746,0.0025761521188994454,1.612187742829736e-05,2,5,2,0.0038198021157401945,9.193477702059989e-05,4.307393332868923e-06
coarse-qso-a0.0003-q0.0003,74,blocks.3.mlp,0.0018860264084941231,0.0018858098729694097,1.4315694424362727e-05,2,5,2,0.0037755785212059906,0.00010302289797349223,4.257525311904078e-06
coarse-qso-a0.0003-q0.0003,74,blocks.4.mlp,0.0012405086882290959,0.0012397830685647057,1.6155610915435566e-05,2,5,2,0.004051526424680359,7.834672082496746e-05,4.568687702071925e-06
coarse-qso-a0.0003-q0.0003,74,blocks.5.mlp,0.0007259246221391171,0.0007259167520152615,1.6436343345985435e-05,2,5,2,0.0043007971769455375,8.68499398197959e-05,4.849769170801129e-06
coarse-qso-a0.0003-q0.0003,75,blocks.0.mlp,0.007069805986534854,0.007069630841783559,2.748558947567583e-05,2,5,2,0.006902774601474924,0.0001701404577538001,7.783848728664995e-06
coarse-qso-a0.0003-q0.0003,75,blocks.1.mlp,0.0033320270809964205,0.0033320270809964205,2.864806400406502e-05,2,5,2,0.00437638835878551,0.00017981899027422996,4.935009877644718e-06
coarse-qso-a0.0003-q0.0003,75,blocks.2.mlp,0.0024899640492787203,0.0024895999301338236,1.5770260077755125e-05,2,5,2,0.003792628392188641,0.00011114648962114836,4.276749029209438e-06
coarse-qso-a0.0003-q0.0003,75,blocks.3.mlp,0.001842239889879203,0.0018419389617418758,1.6103790381164934e-05,2,5,2,0.003704731578216749,8.08931100017612e-05,4.177634121732588e-06
coarse-qso-a0.0003-q0.0003,75,blocks.4.mlp,0.0011816776854138163,0.0011815694164953637,1.0163919787868199e-05,2,5,2,0.003966221286317178,5.3344586657355815e-05,4.472493251167135e-06
coarse-qso-a0.0003-q0.0003,75,blocks.5.mlp,0.0006980136410145452,0.0006980033474919103,9.040605636418347e-06,2,5,2,0.004198420173334031,7.976610399367406e-05,4.734324010510397e-06
coarse-qso-a0.0003-q0.0003,76,blocks.0.mlp,0.006973193716118835,0.006973193716118835,2.022707799076541e-05,2,5,2,0.006929520618339365,0.0001708746374663215,7.814007553725593e-06
coarse-qso-a0.0003-q0.0003,76,blocks.1.mlp,0.003175571411654886,0.0031754696918825046,2.725094283051377e-05,2,5,2,0.004374069273466634,0.0002128038463886248,4.9323934587024954e-06
coarse-qso-a0.0003-q0.0003,76,blocks.2.mlp,0.0023669112349753536,0.0023668506754863793,1.9963640693958873e-05,2,5,2,0.003742956712135267,9.325595051431388e-05,4.2207354637327865e-06
coarse-qso-a0.0003-q0.0003,76,blocks.3.mlp,0.0017995700414467465,0.0017985144633770476,1.2424365920562607e-05,2,5,2,0.003623382666779613,7.463453450627376e-05,4.08590045283304e-06
coarse-qso-a0.0003-q0.0003,76,blocks.4.mlp,0.0011465357563892622,0.0011465357563892622,7.340902888011573e-06,2,5,2,0.0039011979851067457,5.648626867815255e-05,4.399169355731196e-06
coarse-qso-a0.0003-q0.0003,76,blocks.5.mlp,0.0006761431119436847,0.0006761102202466643,1.6474869808367258e-05,2,5,2,0.0041687013001208625,9.262806749334161e-05,4.700810467453435e-06
coarse-qso-a0.0003-q0.0003,77,blocks.0.mlp,0.006622500766110546,0.006622460758692362,1.8728284503388104e-05,2,5,2,0.007026260815198622,0.00015225035252184094,7.923094289148494e-06
coarse-qso-a0.0003-q0.0003,77,blocks.1.mlp,0.0030349896082029087,0.0030307751464951904,2.648619681290496e-05,2,5,2,0.004481796810504109,0.000185794377667781,5.053869052139624e-06
coarse-qso-a0.0003-q0.0003,77,blocks.2.mlp,0.002152498704770312,0.0021524969310149134,2.886499565587278e-05,2,5,2,0.003930998418111037,0.0001941045401681929,4.432774464370136e-06
coarse-qso-a0.0003-q0.0003,77,blocks.3.mlp,0.0016550865040915643,0.0016543181290875565,1.5574183694027075e-05,2,5,2,0.003633744879968313,9.6582352975941e-05,4.097582787810475e-06
coarse-qso-a0.0003-q0.0003,77,blocks.4.mlp,0.0010581004718374027,0.0010581004718374027,1.673575613153014e-05,2,5,2,0.004077203671439082,8.233528601380261e-05,4.597636865134852e-06
coarse-qso-a0.0003-q0.0003,77,blocks.5.mlp,0.0006182139706609839,0.0006182095235883418,1.6970774313412303e-05,2,5,2,0.0042634586461170005,0.00012188753512187842,4.80766019693057e-06
coarse-qso-a0.0003-q0.0003,78,blocks.0.mlp,0.006460785295670821,0.006459385783504032,2.378201333070232e-05,2,5,2,0.007148995441619583,0.00016187315018511926,8.061493351251773e-06
coarse-qso-a0.0003-q0.0003,78,blocks.1.mlp,0.0031184962722693196,0.0031184962722693196,3.3994595281651997e-07,3,9,3,0.004295991338434407,3.7939119872206184e-06,4.84434789941616e-06
coarse-qso-a0.0003-q0.0003,78,blocks.2.mlp,0.002220943816708258,0.0022199930878263846,2.8327350355073785e-05,2,5,2,0.003677589773063296,0.0001950631280843351,4.147021479632831e-06
coarse-qso-a0.0003-q0.0003,78,blocks.3.mlp,0.0017268115259598273,0.0017267885887779927,2.6842757507658862e-05,2,5,2,0.0033797894461400136,0.0001745615880538711,3.811213711675358e-06
coarse-qso-a0.0003-q0.0003,78,blocks.4.mlp,0.0010909841869423404,0.0010909685709725753,1.5696268827778743e-05,2,5,2,0.0037903555178236473,8.64976975648032e-05,4.2741770475405366e-06
coarse-qso-a0.0003-q0.0003,78,blocks.5.mlp,0.0006439398670346423,0.0006438778251641822,1.9945868190523372e-05,2,5,2,0.003986065466196245,0.00012852196761138944,4.494861501218753e-06
coarse-qso-a0.0003-q0.0003,79,blocks.0.mlp,0.006398273461804268,0.006398235800708284,2.323458860503511e-07,3,9,3,0.007203692305725236,1.6383831995987735e-06,8.123170725644717e-06
coarse-qso-a0.0003-q0.0003,79,blocks.1.mlp,0.003156466029839921,0.0031543222826495125,2.671168631206436e-07,3,9,3,0.004222497336466655,2.8148124734748653e-06,4.761472653865277e-06
coarse-qso-a0.0003-q0.0003,79,blocks.2.mlp,0.002182421357898899,0.0021819419711208146,1.9979844362021652e-07,3,9,3,0.0035400374854509522,1.9703463633825236e-06,3.991911668429889e-06
coarse-qso-a0.0003-q0.0003,79,blocks.3.mlp,0.0016918142514021949,0.0016906492566967294,1.4515857113760259e-05,2,5,2,0.003282305471556474,9.897265190419873e-05,3.701285986421934e-06
coarse-qso-a0.0003-q0.0003,79,blocks.4.mlp,0.0010764984125669395,0.001076478116237385,2.7585636003899358e-05,2,5,2,0.0036360683657876117,0.00014302599220503986,4.100196754944205e-06
coarse-qso-a0.0003-q0.0003,79,blocks.5.mlp,0.0006226543123260962,0.0006226543123260962,1.799824408016559e-05,2,5,2,0.003833475442128553,0.0001183717560022687,4.3227945982681855e-06
coarse-qso-a0.0003-q0.0003,80,blocks.0.mlp,0.0064391319676271805,0.006435832953534826,2.154111094102812e-05,2,5,2,0.0072976300403249685,0.00021180373181222702,8.229097496930722e-06
coarse-qso-a0.0003-q0.0003,80,blocks.1.mlp,0.0030503577163745865,0.0030503577163745865,2.818939730482202e-05,2,5,2,0.004254781971209578,0.00023422226791855604,4.797876670924192e-06
coarse-qso-a0.0003-q0.0003,80,blocks.2.mlp,0.0021420877570437844,0.0021420789957043392,2.3390310801894825e-05,2,5,2,0.0034807062253140513,0.00011546353104039532,3.925006118937929e-06
coarse-qso-a0.0003-q0.0003,80,blocks.3.mlp,0.001642513724598313,0.0016424250280349972,2.5354438010972783e-05,2,5,2,0.0032396660613865547,0.00014180777082901185,3.6532024505982143e-06
coarse-qso-a0.0003-q0.0003,80,blocks.4.mlp,0.0010265872308363906,0.0010265872308363906,2.7057915090227777e-05,2,5,2,0.0035349464296843226,0.00014571455775674196,3.98616715586461e-06
coarse-qso-a0.0003-q0.0003,80,blocks.5.mlp,0.000601786953719003,0.0006017828471788956,2.6431552498378904e-05,2,5,2,0.0037859654455137705,0.00017077065755754142,4.269219426558688e-06
coarse-qso-a0.0003-q0.0003,81,blocks.0.mlp,0.006121552892578175,0.006116880413109069,2.69829451826065e-05,2,5,2,0.007416499945420793,0.00021514534190983665,8.363138765915274e-06
coarse-qso-a0.0003-q0.0003,81,blocks.1.mlp,0.0029519454779778306,0.002951076668890843,3.012438127791725e-07,3,9,3,0.004296428387342171,3.5836182115096965e-06,4.844837462197861e-06
coarse-qso-a0.0003-q0.0003,81,blocks.2.mlp,0.0020443140927084292,0.0020443089512265675,2.0690823516445324e-05,2,5,2,0.003495184001535663,0.00010304096955985889,3.941329826010256e-06
coarse-qso-a0.0003-q0.0003,81,blocks.3.mlp,0.0015873046610141255,0.0015873039130965799,1.4975427136231512e-07,3,9,3,0.003180543925093799,1.7486198098254078e-06,3.5865326341529008e-06
coarse-qso-a0.0003-q0.0003,81,blocks.4.mlp,0.0009651634758672406,0.0009644060199038075,1.740380152104626e-07,3,9,3,0.0034680711304892883,1.4926967434956818e-06,3.910755141390999e-06
coarse-qso-a0.0003-q0.0003,81,blocks.5.mlp,0.0005762468977935733,0.0005762426329952196,2.863196789821935e-05,2,5,2,0.0037873935472116974,0.00018363561340636138,4.27082841421706e-06
coarse-qso-a0.0003-q0.0003,82,blocks.0.mlp,0.005903507968455225,0.005901577584953897,1.4590002149224846e-07,3,9,3,0.007643236318014695,1.873458721488991e-06,8.618814169416782e-06
coarse-qso-a0.0003-q0.0003,82,blocks.1.mlp,0.0028281514287630005,0.0028281514287630005,5.77678843195569e-07,3,9,3,0.004459225885656725,6.660834312202725e-06,5.028412060408891e-06
coarse-qso-a0.0003-q0.0003,82,blocks.2.mlp,0.0019084413831963404,0.0019084163222441769,2.917379895335509e-07,3,9,3,0.0035826891939476505,2.7332872391200522e-06,4.040001453220984e-06
coarse-qso-a0.0003-q0.0003,82,blocks.3.mlp,0.0014427093021563866,0.0014407801193650998,1.6749082569078292e-07,3,9,3,0.003290367663723764,2.1211052539526865e-06,3.7103709153407352e-06
coarse-qso-a0.0003-q0.0003,82,blocks.4.mlp,0.0008781424949820351,0.0008777681273570974,2.8980352675173385e-07,3,9,3,0.003553920353694568,3.4768541652185343e-06,4.00755976810508e-06
coarse-qso-a0.0003-q0.0003,82,blocks.5.mlp,0.0005190920996314142,0.0005190609217623731,2.2971101064997202e-05,2,5,2,0.0038583529071434166,0.00016572123359826751,4.350843149384294e-06
coarse-qso-a0.0003-q0.0003,83,blocks.0.mlp,0.005687368938110393,0.005680117584187683,2.9784082566829792e-05,2,5,2,0.007809910071147568,0.0002176955544805358,8.806760869963014e-06
coarse-qso-a0.0003-q0.0003,83,blocks.1.mlp,0.0028466869693168934,0.0028463912388877006,9.80669227682825e-07,3,9,3,0.004476273333459404,1.1911165472236365e-05,5.0476343906835244e-06
coarse-qso-a0.0003-q0.0003,83,blocks.2.mlp,0.0017796430339700805,0.001779513199726339,2.8118434812165117e-07,3,9,3,0.0036301362666789285,3.3050678772141047e-06,4.093502690633636e-06
coarse-qso-a0.0003-q0.0003,83,blocks.3.mlp,0.00136522947225054,0.0013652263130641403,1.262105400882158e-07,3,9,3,0.003331594436631611,1.7695150165547702e-06,3.756857697269936e-06
coarse-qso-a0.0003-q0.0003,83,blocks.4.mlp,0.0008275707564388723,0.0008275090737817071,1.6933556524577722e-05,2,5,2,0.003589695272322032,0.00010776398200135334,4.047899264888966e-06
coarse-qso-a0.0003-q0.0003,83,blocks.5.mlp,0.0005029415907758071,0.000502616400374944,2.0961233577429918e-05,2,5,2,0.003855595294441145,0.00016690726775485742,4.3477325367562016e-06
coarse-qso-a0.0003-q0.0003,84,blocks.0.mlp,0.0054909485729163375,0.00549088818453327,1.785859475106688e-07,3,9,3,0.007925955820330878,2.298352574155249e-06,8.93761767419861e-06
coarse-qso-a0.0003-q0.0003,84,blocks.1.mlp,0.002888341542665311,0.0028883104951259054,1.3352348250127374e-06,3,9,3,0.00453251426251919,1.1463417325143503e-05,5.111052702901074e-06
coarse-qso-a0.0003-q0.0003,84,blocks.2.mlp,0.0016729025696965113,0.0016727283474174944,1.063314825820417e-06,3,9,3,0.003703842721221084,9.600108569752946e-06,4.176615104060316e-06
coarse-qso-a0.0003-q0.0003,84,blocks.3.mlp,0.0012295133487205507,0.0012276882722190765,3.2084929033494286e-07,3,9,3,0.0034406021592493143,3.4179665938219197e-06,3.879776516355845e-06
coarse-qso-a0.0003-q0.0003,84,blocks.4.mlp,0.000761661711287767,0.0007611145441286688,2.1995829685719544e-07,3,9,3,0.003709042253608253,2.2882707435663542e-06,4.1824773151955055e-06
coarse-qso-a0.0003-q0.0003,84,blocks.5.mlp,0.00047425914506305276,0.0004742374445045305,2.8609555385970452e-05,2,5,2,0.003962188971702857,0.00020968313462625795,4.4679298910128395e-06
coarse-qso-a0.0003-q0.0003,85,blocks.0.mlp,0.005227315894851364,0.005227189590512922,2.52397287309814e-07,3,9,3,0.008311118967012353,2.911687040274133e-06,9.371940970766728e-06
coarse-qso-a0.0003-q0.0003,85,blocks.1.mlp,0.0025138454490897287,0.0025137326237847785,1.3658065991354603e-06,3,9,3,0.0048326145708948815,1.5178961011001211e-05,5.449455008674612e-06
coarse-qso-a0.0003-q0.0003,85,blocks.2.mlp,0.001556731507566859,0.0015567238603739464,1.3210721876659023e-06,3,9,3,0.003771645079088981,1.510864157310468e-05,4.253070031360035e-06
coarse-qso-a0.0003-q0.0003,85,blocks.3.mlp,0.0011496303063652448,0.0011496303063652448,2.8101951565996728e-05,2,5,2,0.0033740607219464847,0.00022100576258510704,3.804741087710937e-06
coarse-qso-a0.0003-q0.0003,85,blocks.4.mlp,0.0007149026237017028,0.0007148826091123299,2.749773145492096e-05,2,5,2,0.0037907458403585973,0.00015953338560700263,4.274607761231436e-06
coarse-qso-a0.0003-q0.0003,85,blocks.5.mlp,0.0004580788871011924,0.00045768785804027243,2.8280328740293974e-07,3,9,3,0.004026500409604204,3.153199395699167e-06,4.540448550482294e-06
coarse-qso-a0.0003-q0.0003,86,blocks.0.mlp,0.005022502165764134,0.005022049326473109,3.298268718136078e-07,3,9,3,0.008684300769590632,2.5804831372291095e-06,9.79275381624753e-06
coarse-qso-a0.0003-q0.0003,86,blocks.1.mlp,0.002445266427289531,0.002445225238165807,2.6184389191870757e-06,3,9,3,0.005015944967274537,2.071086300509061e-05,5.6561839442154025e-06
coarse-qso-a0.0003-q0.0003,86,blocks.2.mlp,0.0015170754792802588,0.0015170723766308302,5.935988995747084e-07,3,10,3,0.0037586074762419285,3.0564708880213475e-06,4.238367336794863e-06
coarse-qso-a0.0003-q0.0003,86,blocks.3.mlp,0.00110887803598393,0.0011088772750203603,5.21011828916132e-07,3,9,3,0.0033248144147578805,6.7974479194784595e-06,3.7492081042411962e-06
coarse-qso-a0.0003-q0.0003,86,blocks.4.mlp,0.0006955150554388626,0.000695514703074939,2.585121062315602e-07,3,10,3,0.0037727113798403777,1.4954964899529095e-06,4.25427048506392e-06
coarse-qso-a0.0003-q0.0003,86,blocks.5.mlp,0.00043098411772009396,0.0004309775111487608,3.387446319951638e-07,3,9,3,0.004061186317807578,3.6403922907664294e-06,4.57956062585875e-06
coarse-qso-a0.0003-q0.0003,87,blocks.0.mlp,0.00480164204829741,0.004798606170234444,2.6287027928540395e-06,3,7,3,0.00905299833538725,1.961239096407129e-05,1.0208510181739153e-05
coarse-qso-a0.0003-q0.0003,87,blocks.1.mlp,0.0023216316111854193,0.002321589698599114,3.5754877697227833e-06,3,9,3,0.005255736657600042,3.054443323502084e-05,5.92658070881447e-06
coarse-qso-a0.0003-q0.0003,87,blocks.2.mlp,0.001417519445322818,0.001417397480193563,1.6004054291271223e-06,3,10,3,0.0037849334212386966,1.7054656990167442e-05,4.268052304808021e-06
coarse-qso-a0.0003-q0.0003,87,blocks.3.mlp,0.0010643352369609585,0.001064334865681823,6.380461978771891e-07,3,9,3,0.00340276438076835,9.199899618964805e-06,3.837105478008505e-06
coarse-qso-a0.0003-q0.0003,87,blocks.4.mlp,0.000650677670974283,0.000650677670974283,2.3690605059990284e-07,3,9,3,0.003898104574981585,2.9745153349579057e-06,4.395666954114677e-06
coarse-qso-a0.0003-q0.0003,87,blocks.5.mlp,0.00040074173330005477,0.00040073947788004944,5.773636712551515e-07,3,9,3,0.004124056279820583,4.963490438319764e-06,4.650454124141798e-06
coarse-qso-a0.0003-q0.0003,88,blocks.0.mlp,0.004181507184248302,0.004181177791747674,5.122339117298375e-07,3,9,3,0.009614672441228501,4.63392925484066e-06,1.0841873908141426e-05
coarse-qso-a0.0003-q0.0003,88,blocks.1.mlp,0.0022876541597462987,0.0022868563740244636,2.3338522607178293e-06,3,9,3,0.005590520841473742,2.233674059564563e-05,6.304094512198998e-06
coarse-qso-a0.0003-q0.0003,88,blocks.2.mlp,0.0012800362263652326,0.0012800354548271474,2.2990988400751193e-06,3,9,3,0.003983209852318057,2.853049879180822e-05,4.491634276303041e-06
coarse-qso-a0.0003-q0.0003,88,blocks.3.mlp,0.000965631016418973,0.0009656113257586311,8.792002105117185e-07,3,9,3,0.003606759129137251,1.1673399034719282e-05,4.067135074541074e-06
coarse-qso-a0.0003-q0.0003,88,blocks.4.mlp,0.0005841928214336531,0.0005841916025842227,7.581666615210579e-07,3,9,3,0.004070808177277731,6.375513493689638e-06,4.590412364455093e-06
coarse-qso-a0.0003-q0.0003,88,blocks.5.mlp,0.0003738490517750822,0.0003737160664318746,3.3356051238236384e-07,3,9,3,0.004373084262531232,4.0488068930097e-06,4.931265798504033e-06
coarse-qso-a0.0003-q0.0003,89,blocks.0.mlp,0.003790247983752896,0.0037897891859265203,6.448306153229361e-07,3,9,3,0.010257751856571315,5.074938553124903e-06,1.1567033420265598e-05
coarse-qso-a0.0003-q0.0003,89,blocks.1.mlp,0.002272038649893082,0.0022718391092353277,1.4855031491999011e-06,3,9,3,0.005950112106062096,1.6906959983699213e-05,6.709581746014946e-06
coarse-qso-a0.0003-q0.0003,89,blocks.2.mlp,0.0012618269171822932,0.0012613474255940742,1.8572716972006137e-06,3,10,3,0.004180976091065715,1.3130502143963644e-05,4.714641423895951e-06
coarse-qso-a0.0003-q0.0003,89,blocks.3.mlp,0.0009190780783927743,0.0009190010706977936,1.0794003893927504e-06,3,9,3,0.0036399265703246724,1.1548741820810027e-05,4.104534680348565e-06
coarse-qso-a0.0003-q0.0003,89,blocks.4.mlp,0.0005482516141736375,0.0005482503539484063,5.470845605658676e-07,3,9,3,0.004215461040718945,6.830457613793532e-06,4.753527162770268e-06
coarse-qso-a0.0003-q0.0003,89,blocks.5.mlp,0.00035156337229931534,0.00035156337229931534,1.264657428913843e-06,3,9,3,0.004490255565012563,1.061933653952977e-05,5.063391610598169e-06
coarse-qso-a0.0003-q0.0003,90,blocks.0.mlp,0.003915660667833259,0.003915638017775218,7.152633916092206e-07,3,9,3,0.010456046038412546,6.984928118561726e-06,1.1790637090778543e-05
coarse-qso-a0.0003-q0.0003,90,blocks.1.mlp,0.0025239826394502754,0.0025239732693906687,2.281585849543959e-06,3,9,3,0.006034040417316879,2.3563894345001886e-05,6.804222035115423e-06
coarse-qso-a0.0003-q0.0003,90,blocks.2.mlp,0.0013456968537641774,0.001345689695955248,2.74423372807422e-06,3,9,3,0.004157372139019161,3.461479350514371e-05,4.688024215112798e-06
coarse-qso-a0.0003-q0.0003,90,blocks.3.mlp,0.0009454173240417774,0.0009449512436240926,2.1083794235065486e-06,3,9,3,0.003530624779563467,2.312534456371082e-05,3.9812815556071155e-06
coarse-qso-a0.0003-q0.0003,90,blocks.4.mlp,0.0005549880149100254,0.000554985392308164,1.3112877916561593e-06,3,9,3,0.004057990279276899,1.0607266122885032e-05,4.575957331910999e-06
coarse-qso-a0.0003-q0.0003,90,blocks.5.mlp,0.00035690098494432234,0.0003568635940207411,6.193288179752104e-07,3,10,3,0.0042539772968072055,5.221026184962064e-06,4.796955521704721e-06
coarse-qso-a0.0003-q0.0003,91,blocks.0.mlp,0.004092327661694744,0.004092323154363502,8.544792921333253e-07,3,9,3,0.010833589692262956,4.875245519255303e-06,1.2216369020895668e-05
coarse-qso-a0.0003-q0.0003,91,blocks.1.mlp,0.002818397163965115,0.0028183967964575357,1.2920651098769875e-06,3,9,3,0.0062955808726395425,1.0977760537380769e-05,7.099143986737933e-06
coarse-qso-a0.0003-q0.0003,91,blocks.2.mlp,0.001380031023464409,0.0013745537704000783,6.628378037989165e-06,3,9,3,0.004331949581108383,6.685255931618854e-05,4.884882900938445e-06
coarse-qso-a0.0003-q0.0003,91,blocks.3.mlp,0.0008866044788736555,0.0008865147167116071,6.030321342517391e-06,3,9,3,0.0038146580836479265,5.957154286493809e-05,4.3015657814389425e-06
coarse-qso-a0.0003-q0.0003,91,blocks.4.mlp,0.0005074477435361105,0.0005074360497132477,3.0437164571784678e-06,3,9,3,0.004384999455569635,2.9390551977678576e-05,4.9447033364186355e-06
coarse-qso-a0.0003-q0.0003,91,blocks.5.mlp,0.0003220605801696453,0.00032204846917764315,1.9833450739878078e-06,3,9,3,0.004596262619516799,2.420316011362606e-05,5.182927867882199e-06
coarse-qso-a0.0003-q0.001,50,blocks.0.mlp,0.010999152006191885,0.010999131739838961,1.522958810024403e-07,3,6,3,0.010473715014524217,1.9118350205636433e-06,1.1811068419445606e-05
coarse-qso-a0.0003-q0.001,50,blocks.1.mlp,0.0066413372438684365,0.006640991079211964,3.6299277510039016e-06,2,5,2,0.00823728496159208,1.949310413460481e-05,9.289287892599519e-06
coarse-qso-a0.0003-q0.001,50,blocks.2.mlp,0.004215710146394949,0.004214701381679971,7.0541814640861295e-06,2,5,2,0.008199890709308677,4.453379452487903e-05,9.247301110156258e-06
coarse-qso-a0.0003-q0.001,50,blocks.3.mlp,0.002959088544697675,0.0029585980409832964,8.257189804053861e-06,2,5,2,0.008253198926836092,4.270804344708738e-05,9.307417051461063e-06
coarse-qso-a0.0003-q0.001,50,blocks.4.mlp,0.002158807320890222,0.002158807320890222,1.7096858837889418e-06,2,5,2,0.008510796179853137,1.646914883719575e-05,9.597777736068506e-06
coarse-qso-a0.0003-q0.001,50,blocks.5.mlp,0.0011196544565950134,0.0011196544565950134,1.0619409410011047e-05,2,5,2,0.009289775923511778,6.424543364564375e-05,1.0476029087527164e-05
coarse-qso-a0.0003-q0.001,51,blocks.0.mlp,0.010801024922635414,0.010798852731493678,8.74176624212435e-06,2,4,2,0.010185405471333156,0.00010420810308681795,1.1485952059307338e-05
coarse-qso-a0.0003-q0.001,51,blocks.1.mlp,0.00663280259533241,0.00662980804320163,3.6418671365262277e-06,2,5,2,0.007920599843853586,1.6385995837043242e-05,8.932180669295078e-06
coarse-qso-a0.0003-q0.001,51,blocks.2.mlp,0.004084293957120899,0.004083116399658906,3.995847073049213e-06,2,5,2,0.007912808138393908,1.8394453493176924e-05,8.923568154547307e-06
coarse-qso-a0.0003-q0.001,51,blocks.3.mlp,0.0029025555276975907,0.002901783045763546,9.287557705995246e-06,2,5,2,0.007921486960930868,5.115853967271402e-05,8.93336010004256e-06
coarse-qso-a0.0003-q0.001,51,blocks.4.mlp,0.0021194914551885087,0.002119241751010715,2.4573071510963813e-06,2,5,2,0.00815962774228594,2.078624888232785e-05,9.201783437755693e-06
coarse-qso-a0.0003-q0.001,51,blocks.5.mlp,0.0011011999250149693,0.0011011999250149693,6.031310679354709e-06,2,5,2,0.008920325384528843,4.581431492895119e-05,1.0059420764195294e-05
coarse-qso-a0.0003-q0.001,52,blocks.0.mlp,0.01061511095407402,0.010614921116813596,3.4563529892909983e-06,2,5,2,0.00993507157887537,2.064207446662356e-05,1.120365667118717e-05
coarse-qso-a0.0003-q0.001,52,blocks.1.mlp,0.006629607958527412,0.006629607958527412,3.565584175911347e-06,2,5,2,0.007644363184802701,1.5208710279039115e-05,8.620682031399307e-06
coarse-qso-a0.0003-q0.001,52,blocks.2.mlp,0.004037388004955188,0.004035856988211611,9.458427958145013e-06,2,5,2,0.007647984811820954,3.946436714013717e-05,8.624933072553068e-06
coarse-qso-a0.0003-q0.001,52,blocks.3.mlp,0.0028066153371597937,0.002806474035840182,7.714108313123042e-06,2,5,2,0.007730931844403733,3.977164825960049e-05,8.718462865449503e-06
coarse-qso-a0.0003-q0.001,52,blocks.4.mlp,0.0020595573322434455,0.0020595100220141046,2.563808558920886e-06,2,5,2,0.007901218447886183,1.784268158191846e-05,8.91038025335117e-06
coarse-qso-a0.0003-q0.001,52,blocks.5.mlp,0.0010835290103169,0.0010835155193209863,6.6024660220456785e-06,2,5,2,0.00864314396099841,4.341877940590016e-05,9.746853086309818e-06
coarse-qso-a0.0003-q0.001,53,blocks.0.mlp,0.010403545660264682,0.010403545660264682,1.2564469407924674e-05,2,4,2,0.00967643730610499,0.0001274985127932709,1.0912001970386541e-05
coarse-qso-a0.0003-q0.001,53,blocks.1.mlp,0.006607679185823043,0.00660741710579517,1.517375663453369e-06,2,5,2,0.007360233754454501,9.727283216381335e-06,8.300283921767932e-06
coarse-qso-a0.0003-q0.001,53,blocks.2.mlp,0.003930467810801518,0.003929214467071974,3.480978374977089e-06,2,5,2,0.0073748158803068845,2.2345708022099104e-05,8.316889290704096e-06
coarse-qso-a0.0003-q0.001,53,blocks.3.mlp,0.0027735012586646525,0.002772381206720179,4.450402693153287e-06,2,5,2,0.007422022351839863,2.9305514386078892e-05,8.370116938782514e-06
coarse-qso-a0.0003-q0.001,53,blocks.4.mlp,0.002044052738126328,0.002044052738126328,2.7540202054125014e-06,2,5,2,0.00760214779584365,2.0355031511123393e-05,8.573129630681719e-06
coarse-qso-a0.0003-q0.001,53,blocks.5.mlp,0.0010752006364269542,0.0010751654357506364,7.333814661727975e-06,2,5,2,0.008238440926632949,5.5451843033666166e-05,9.290496353733064e-06
coarse-qso-a0.0003-q0.001,54,blocks.0.mlp,0.010270425557193643,0.010270425557193643,2.4967465379052426e-06,2,5,2,0.009412325809694984,1.936136647544343e-05,1.0614171538932578e-05
coarse-qso-a0.0003-q0.001,54,blocks.1.mlp,0.006591865596858568,0.006591865596858568,4.281192970402282e-06,2,5,2,0.0070418874725545364,1.948435050119678e-05,7.941305088375354e-06
coarse-qso-a0.0003-q0.001,54,blocks.2.mlp,0.004009906251139767,0.004009876484346844,2.7124851250991596e-06,2,5,2,0.006991446692052752,1.9993251199260157e-05,7.884592111520736e-06
coarse-qso-a0.0003-q0.001,54,blocks.3.mlp,0.0027588168556670184,0.0027588168556670184,9.808402874861532e-06,2,5,2,0.007098105088736174,5.276102351802727e-05,8.004850349949182e-06
coarse-qso-a0.0003-q0.001,54,blocks.4.mlp,0.0020196776573918394,0.002019670637619598,3.998228480735682e-06,2,5,2,0.007258447230966642,2.3297449457999082e-05,8.185557074984256e-06
coarse-qso-a0.0003-q0.001,54,blocks.5.mlp,0.0010599238783425295,0.0010598771690732511,1.3323654810281687e-05,2,5,2,0.00786297762689369,8.364959086599781e-05,8.867110879817323e-06
coarse-qso-a0.0003-q0.001,55,blocks.0.mlp,0.010008427022009402,0.010008230879606407,1.1125087451494662e-05,2,4,2,0.009215002651820289,9.643030880308396e-05,1.039165099196348e-05
coarse-qso-a0.0003-q0.001,55,blocks.1.mlp,0.006370992623146723,0.006370277838035671,6.629636173735677e-06,2,4,2,0.00688457855026796,7.624263225687838e-05,7.763904922751822e-06
coarse-qso-a0.0003-q0.001,55,blocks.2.mlp,0.003899528068826497,0.003895392070102651,9.014374114671653e-06,2,5,2,0.006815182904707071,4.116425860546132e-05,7.685812006724306e-06
coarse-qso-a0.0003-q0.001,55,blocks.3.mlp,0.002777690129593016,0.002777690129593016,8.340831387991454e-06,2,5,2,0.006814722476991497,4.356357207672626e-05,7.685289178333237e-06
coarse-qso-a0.0003-q0.001,55,blocks.4.mlp,0.0019698983730098707,0.001969886904890673,5.6489142038550935e-06,2,5,2,0.007012194977277843,3.1607151791893925e-05,7.907862444567448e-06
coarse-qso-a0.0003-q0.001,55,blocks.5.mlp,0.0010469177157046915,0.0010469177157046915,1.3103375006241778e-05,2,5,2,0.007695832376159576,6.860002339949924e-05,8.678618045323972e-06
coarse-qso-a0.0003-q0.001,56,blocks.0.mlp,0.009875721617168702,0.009875721617168702,3.68399604747812e-06,2,5,2,0.009012200437135834,2.480445695695442e-05,1.0162952368833659e-05
coarse-qso-a0.0003-q0.001,56,blocks.1.mlp,0.006429624459531113,0.0064279429315783594,5.331166692243111e-06,2,5,2,0.006607183534818775,2.8948861646262693e-05,7.4511011536886886e-06
coarse-qso-a0.0003-q0.001,56,blocks.2.mlp,0.0038962798116649548,0.0038955096379814074,8.919207045743869e-06,2,5,2,0.00656040745357922,3.802028255281214e-05,7.398508211147725e-06
coarse-qso-a0.0003-q0.001,56,blocks.3.mlp,0.0026983557537578495,0.0026983557537578495,1.0436790096451232e-05,2,5,2,0.006571655475234413,4.829883297394993e-05,7.4111852700957465e-06
coarse-qso-a0.0003-q0.001,56,blocks.4.mlp,0.00190665559841204,0.00190665559841204,3.1584895277250294e-06,2,5,2,0.006804561047057658,1.9668358810824228e-05,7.673713055844231e-06
coarse-qso-a0.0003-q0.001,56,blocks.5.mlp,0.0010174640089617962,0.0010174213179723458,9.110134000863852e-06,2,5,2,0.007500325824837906,6.0209695914231236e-05,8.458146544681576e-06
coarse-qso-a0.0003-q0.001,57,blocks.0.mlp,0.009782433965271347,0.009782374912290896,1.7502184093148907e-05,2,4,2,0.008830259822393592,0.00021299260901272465,9.957777209501121e-06
coarse-qso-a0.0003-q0.001,57,blocks.1.mlp,0.006287866099401455,0.006287063738186332,4.398057988496126e-06,2,5,2,0.00635619198048525,1.9536668887787834e-05,7.168068919391759e-06
coarse-qso-a0.0003-q0.001,57,blocks.2.mlp,0.0038641249356584344,0.003862073521119438,3.546250087863995e-06,2,5,2,0.006296824713263807,2.056952505852603e-05,7.1012739402190825e-06
coarse-qso-a0.0003-q0.001,57,blocks.3.mlp,0.00267266395774346,0.0026725796569923555,9.822998655262533e-06,2,5,2,0.006300208048940573,5.715224346008882e-05,7.105082742684499e-06
coarse-qso-a0.0003-q0.001,57,blocks.4.mlp,0.0018902725146488653,0.0018902414060022689,5.943410531914095e-06,2,5,2,0.006510734967127139,3.433352670439948e-05,7.342379095726781e-06
coarse-qso-a0.0003-q0.001,57,blocks.5.mlp,0.001002050037937914,0.0010020407797067328,2.828455991226899e-05,2,5,2,0.007243253262931759,0.0001260317633419484,8.168255752395463e-06
coarse-qso-a0.0003-q0.001,58,blocks.0.mlp,0.009603395244397761,0.009603395244397761,1.724905354974539e-05,2,4,2,0.008660148983439949,0.00017675582917108147,9.76594130761311e-06
coarse-qso-a0.0003-q0.001,58,blocks.1.mlp,0.006094286006236078,0.006094286006236078,3.511548888809629e-06,2,5,2,0.006188649214976071,1.7243665687157155e-05,6.979129323058432e-06
coarse-qso-a0.0003-q0.001,58,blocks.2.mlp,0.0038207090470533914,0.0038196545532272284,1.0726189228674471e-05,2,5,2,0.006059465046192255,7.408110435465859e-05,6.833607349928184e-06
coarse-qso-a0.0003-q0.001,58,blocks.3.mlp,0.0026697660723214744,0.0026695517182732404,6.216452841088101e-06,2,5,2,0.0060695996739189755,3.717028553804134e-05,6.845027242949339e-06
coarse-qso-a0.0003-q0.001,58,blocks.4.mlp,0.0018512080280959715,0.0018512062356264123,7.494307903098909e-06,2,5,2,0.006361151118993301,4.103499878679113e-05,7.17368501456856e-06
coarse-qso-a0.0003-q0.001,58,blocks.5.mlp,0.0009847556771012973,0.0009847001690454122,1.4991730584682011e-05,2,5,2,0.006989324876617705,0.00011820474698438087,7.881909959119063e-06
coarse-qso-a0.0003-q0.001,59,blocks.0.mlp,0.009435544714612557,0.009435544714612557,4.604488211890487e-06,2,5,2,0.008518852134777925,3.895793596311591e-05,9.606595880185053e-06
coarse-qso-a0.0003-q0.001,59,blocks.1.mlp,0.0059974153490919575,0.0059953019508689,2.9232130390177993e-06,2,5,2,0.00598590639604688,1.9487918327341527e-05,6.75050016651027e-06
coarse-qso-a0.0003-q0.001,59,blocks.2.mlp,0.003841434223980294,0.003840074542853705,2.9877698167946514e-06,2,5,2,0.0058068740304009926,2.2995460559992144e-05,6.548767860913977e-06
coarse-qso-a0.0003-q0.001,59,blocks.3.mlp,0.002658026224267458,0.002658026224267458,5.8175426125058e-06,2,5,2,0.005885566335303791,3.47212208876756e-05,6.63748640598538e-06
coarse-qso-a0.0003-q0.001,59,blocks.4.mlp,0.0018224982817887534,0.0018224982817887534,5.84806492712408e-06,2,5,2,0.006098680023815135,5.234222454984074e-05,6.877706604895176e-06
coarse-qso-a0.0003-q0.001,59,blocks.5.mlp,0.0009839578406492253,0.000983948402495273,1.8300469897656878e-05,2,5,2,0.006782870819867252,9.406173142020745e-05,7.649095700613503e-06
coarse-qso-a0.0003-q0.001,60,blocks.0.mlp,0.009259512200828532,0.009259378060624176,7.391074322233004e-06,2,5,2,0.008426511120058936,4.76790565955074e-05,9.502452886931934e-06
coarse-qso-a0.0003-q0.001,60,blocks.1.mlp,0.006000712150485384,0.006000712150485384,6.043899817869368e-06,2,5,2,0.005749110884648421,3.0038669460443223e-05,6.483475255370586e-06
coarse-qso-a0.0003-q0.001,60,blocks.2.mlp,0.0038430334595575123,0.0038430334595575123,9.903624089921557e-06,2,5,2,0.005544225997046942,7.245722636051089e-05,6.252588407051678e-06
coarse-qso-a0.0003-q0.001,60,blocks.3.mlp,0.002640245783505935,0.002640245783505935,9.22351656759495e-06,2,5,2,0.005669949455767636,5.428241508839639e-05,6.394335363984111e-06
coarse-qso-a0.0003-q0.001,60,blocks.4.mlp,0.0018034655394494614,0.0018034596480517222,6.687157189687158e-06,2,5,2,0.005820079411249933,4.019764412456381e-05,6.563542976490398e-06
coarse-qso-a0.0003-q0.001,60,blocks.5.mlp,0.0009741453752530244,0.0009741289978908219,2.0132213767602452e-05,2,5,2,0.006543921661665067,0.0001122910517684454,7.379641304999599e-06
coarse-qso-a0.0003-q0.001,61,blocks.0.mlp,0.008919968768124478,0.008917238205015552,5.410011470659882e-06,2,5,2,0.008388718701436081,5.1014565838442355e-05,9.45981885135593e-06
coarse-qso-a0.0003-q0.001,61,blocks.1.mlp,0.005842351731990783,0.005842262094371333,7.353536387740453e-06,2,5,2,0.005585674616890968,3.6697933967739205e-05,6.299166425053553e-06
coarse-qso-a0.0003-q0.001,61,blocks.2.mlp,0.0037879694491619086,0.003787749649126908,1.7565242541115235e-05,2,5,2,0.005368188040356598,8.622802306441275e-05,6.054064062282176e-06
coarse-qso-a0.0003-q0.001,61,blocks.3.mlp,0.0026050653120035976,0.0026032898056807213,1.1505755484940395e-05,2,5,2,0.005432514213728693,7.936051958135179e-05,6.126584967404929e-06
coarse-qso-a0.0003-q0.001,61,blocks.4.mlp,0.0017928621142889603,0.0017928558444424718,2.6939926582702003e-06,2,5,2,0.005598506876526583,2.472197614491485e-05,6.313681115111332e-06
coarse-qso-a0.0003-q0.001,61,blocks.5.mlp,0.000965281275696885,0.000965281275696885,2.539638014353506e-05,2,5,2,0.006204725096223118,0.00013083612618647948,6.9971522004803184e-06
coarse-qso-a0.0003-q0.001,62,blocks.0.mlp,0.008527618347790684,0.008524688379845932,8.072743795453134e-06,2,5,2,0.008328516643696883,5.505567159979165e-05,9.391916700038754e-06
coarse-qso-a0.0003-q0.001,62,blocks.1.mlp,0.005658981137086876,0.005658914532495104,1.821265426727488e-05,2,4,2,0.0054398631091839445,0.00021049710543615013,6.134730934787003e-06
coarse-qso-a0.0003-q0.001,62,blocks.2.mlp,0.00378815363061933,0.00378815363061933,9.679331089860892e-06,2,5,2,0.005183578060707657,3.70740851112853e-05,5.84587585956192e-06
coarse-qso-a0.0003-q0.001,62,blocks.3.mlp,0.002548603999166087,0.0025485327908593277,5.760722663027492e-06,2,5,2,0.005265424681241619,4.389172472823694e-05,5.938151442975572e-06
coarse-qso-a0.0003-q0.001,62,blocks.4.mlp,0.001745229186614335,0.0017452291456412628,9.976046266674444e-06,2,5,2,0.005414972282997849,5.23210489757508e-05,6.106708504964828e-06
coarse-qso-a0.0003-q0.001,62,blocks.5.mlp,0.0009669409266481217,0.0009669409266481217,1.5944014667279935e-05,2,5,2,0.005968881358161951,9.088334467287491e-05,6.731200536833718e-06
coarse-qso-a0.0003-q0.001,63,blocks.0.mlp,0.008611935063833351,0.008604457192912874,9.773246845097362e-06,2,5,2,0.00821356705913962,7.219966352368117e-05,9.262282449078146e-06
coarse-qso-a0.0003-q0.001,63,blocks.1.mlp,0.005431351505407086,0.005431351505407086,1.2313615363832248e-05,2,4,2,0.005314360827056042,0.00016493713037326352,5.993195418891774e-06
coarse-qso-a0.0003-q0.001,63,blocks.2.mlp,0.0037258521167451842,0.0037220740655028216,2.028898358295252e-05,2,5,2,0.00497323030401372,8.573299958962945e-05,5.608670294377077e-06
coarse-qso-a0.0003-q0.001,63,blocks.3.mlp,0.0025553998701806874,0.0025551385869731114,1.1186256080395771e-05,2,5,2,0.005007381885032854,9.429238233766917e-05,5.6471667742951155e-06
coarse-qso-a0.0003-q0.001,63,blocks.4.mlp,0.0017362784828237178,0.0017357162016192523,1.258809441192589e-05,2,5,2,0.005190069206188883,7.360571571691496e-05,5.8530928177047e-06
coarse-qso-a0.0003-q0.001,63,blocks.5.mlp,0.0009737827809553334,0.0009734070343086519,1.651069368688411e-05,2,5,2,0.005655161662582925,0.00010503433711867596,6.3774400349039835e-06
coarse-qso-a0.0003-q0.001,64,blocks.0.mlp,0.008159156974027477,0.008159142751713776,1.3245864143442436e-05,2,5,2,0.008214817814663026,7.598075779865792e-05,9.263675575535944e-06
coarse-qso-a0.0003-q0.001,64,blocks.1.mlp,0.00515497590896296,0.00515497590896296,6.1071834128666e-06,2,5,2,0.005268651249948791,4.9726509543390586e-05,5.941630018696219e-06
coarse-qso-a0.0003-q0.001,64,blocks.2.mlp,0.0036598896954641125,0.003659881677228219,1.126194853447689e-05,2,5,2,0.004837977989636263,4.163665188769493e-05,5.4561352357466834e-06
coarse-qso-a0.0003-q0.001,64,blocks.3.mlp,0.002452123412165341,0.002452123412165341,1.8958358230422116e-05,2,5,2,0.004918422475142751,0.00011203584054630717,5.54682425611864e-06
coarse-qso-a0.0003-q0.001,64,blocks.4.mlp,0.0016578062710546591,0.0016568144803763823,1.2516039556184088e-05,2,5,2,0.0051043270420297595,7.303222881200605e-05,5.7563846547497056e-06
coarse-qso-a0.0003-q0.001,64,blocks.5.mlp,0.0009536929199716718,0.0009536860591063146,2.1925120631497644e-05,2,5,2,0.0054814870996468075,0.00011424101508808876,6.181587581548163e-06
coarse-qso-a0.0003-q0.001,65,blocks.0.mlp,0.007585060806318102,0.007584880625110464,1.9197277276097396e-05,2,5,2,0.008258015477981754,9.106494557269475e-05,9.31236897182032e-06
coarse-qso-a0.0003-q0.001,65,blocks.1.mlp,0.0050055130121125875,0.0050054165420060455,1.3444770372208415e-05,2,5,2,0.00525352114275911,6.904284648487218e-05,5.924545042516441e-06
coarse-qso-a0.0003-q0.001,65,blocks.2.mlp,0.0034631012241962047,0.0034631012241962047,1.738848796915547e-05,2,5,2,0.004773617807353843,7.44047779072318e-05,5.383532807288868e-06
coarse-qso-a0.0003-q0.001,65,blocks.3.mlp,0.0023562060719830116,0.002356158514425932,1.4422180498286726e-05,2,5,2,0.004861257532686922,0.00010361146673838643,5.4823320596182844e-06
coarse-qso-a0.0003-q0.001,65,blocks.4.mlp,0.0015675532502533224,0.0015675532502533224,1.4453843263984294e-05,2,5,2,0.005115611195249108,7.346842017480778e-05,5.769077831444133e-06
coarse-qso-a0.0003-q0.001,65,blocks.5.mlp,0.0009154952034835711,0.0009154948128514241,2.2773899770863438e-05,2,5,2,0.005442416063283961,0.0001242093614669824,6.137508090192043e-06
coarse-qso-a0.0003-q0.001,66,blocks.0.mlp,0.007631514300700904,0.007625157684986407,2.6074653818377017e-05,2,5,2,0.008257778178979602,0.000116620831784418,9.312086153971759e-06
coarse-qso-a0.0003-q0.001,66,blocks.1.mlp,0.004875401603674963,0.004872082060901157,7.766721579121687e-07,3,7,3,0.005170599248337452,6.314107053875545e-06,5.831023586894399e-06
coarse-qso-a0.0003-q0.001,66,blocks.2.mlp,0.0034423228241056898,0.0034422702685508065,2.2694563071280228e-05,2,5,2,0.004591851098661584,0.0001172601663269796,5.178555394213251e-06
coarse-qso-a0.0003-q0.001,66,blocks.3.mlp,0.0023366284988859446,0.002336575175363434,1.1284760796205737e-05,2,5,2,0.004676241314419514,5.4482884704595896e-05,5.273687280685619e-06
coarse-qso-a0.0003-q0.001,66,blocks.4.mlp,0.001552709970100722,0.0015526132765034037,1.0297042880556251e-05,2,5,2,0.00487926767254085,8.440304350318617e-05,5.502562901211444e-06
coarse-qso-a0.0003-q0.001,66,blocks.5.mlp,0.0009222541218562389,0.0009221119837292562,1.4152827879323455e-07,3,9,3,0.005271792372064201,1.4705064382045146e-06,5.945096913069378e-06
coarse-qso-a0.0003-q0.001,67,blocks.0.mlp,0.007636458526164472,0.007636148275793865,2.289377944174584e-05,2,5,2,0.00827850314710952,0.00013127145538750635,9.335441500067308e-06
coarse-qso-a0.0003-q0.001,67,blocks.1.mlp,0.004462474163430973,0.004460148001302303,2.178629081481326e-05,2,5,2,0.005284941758613199,0.00011579234068660425,5.959928357507209e-06
coarse-qso-a0.0003-q0.001,67,blocks.2.mlp,0.003187231539784496,0.00318596625790031,1.2917872054566363e-05,2,5,2,0.004589915193249202,7.247201959365638e-05,5.176338979486393e-06
coarse-qso-a0.0003-q0.001,67,blocks.3.mlp,0.0022655939825596385,0.0022655511343006108,1.762231988865755e-05,2,5,2,0.004551816474320596,9.880155590753958e-05,5.1333612598367195e-06
coarse-qso-a0.0003-q0.001,67,blocks.4.mlp,0.0014879340651331664,0.001486950424965368,5.6646466545792596e-06,2,5,2,0.004851759082953062,3.9611543999063445e-05,5.471517273257284e-06
coarse-qso-a0.0003-q0.001,67,blocks.5.mlp,0.0008929321988630118,0.0008929321988630118,2.0926942693678248e-05,2,5,2,0.005208958191840616,0.00011043555578217519,5.874225060536039e-06
coarse-qso-a0.0003-q0.001,68,blocks.0.mlp,0.007068864349326596,0.007068864349326596,1.58696697882343e-05,2,5,2,0.008505552840332902,0.00013680614253147645,9.591450346116158e-06
coarse-qso-a0.0003-q0.001,68,blocks.1.mlp,0.004191122506249385,0.004191092876288214,1.9828716638429897e-05,2,5,2,0.005349053823055431,0.0001267100743023324,6.032197864242099e-06
coarse-qso-a0.0003-q0.001,68,blocks.2.mlp,0.0030111753858378908,0.0030111673348723863,2.3923417423413625e-05,2,5,2,0.0046128552133414226,0.00011142681920364139,5.202172560103197e-06
coarse-qso-a0.0003-q0.001,68,blocks.3.mlp,0.002166898313832503,0.0021667893876412825,1.9750385273425294e-05,2,5,2,0.0044930311078399034,9.115250308640114e-05,5.067045810783601e-06
coarse-qso-a0.0003-q0.001,68,blocks.4.mlp,0.0014147924972656295,0.0014142669551383976,1.5605972231776874e-05,2,5,2,0.004754005604227744,0.00011710823155027459,5.361270835374516e-06
coarse-qso-a0.0003-q0.001,68,blocks.5.mlp,0.0008624366538450733,0.0008624223180888225,1.6901537510608044e-05,2,5,2,0.005060603522209902,0.00010190613573061373,5.7069247589299445e-06
coarse-qso-a0.0003-q0.001,69,blocks.0.mlp,0.007005982548011797,0.007005982548011797,1.558141684170965e-05,2,5,2,0.008473846877411786,0.00011802211237862363,9.555686541217826e-06
coarse-qso-a0.0003-q0.001,69,blocks.1.mlp,0.004107204125202219,0.004104691915194323,9.059169679880485e-08,3,9,3,0.005305126406286917,1.0881016455299578e-06,5.982647562417827e-06
coarse-qso-a0.0003-q0.001,69,blocks.2.mlp,0.0029787487506964328,0.002978619414504909,2.814356805334709e-05,2,5,2,0.004505206213086839,0.0001338052090468267,5.0807662182486395e-06
coarse-qso-a0.0003-q0.001,69,blocks.3.mlp,0.002121214314313009,0.002120787728467423,9.554080718682207e-06,2,5,2,0.004361439447903447,6.837326034908683e-05,4.918641562455474e-06
coarse-qso-a0.0003-q0.001,69,blocks.4.mlp,0.0014079236311439428,0.0014079236311439428,6.915501515910012e-06,2,5,2,0.004534518553867776,5.1186438801753756e-05,5.113765966681839e-06
coarse-qso-a0.0003-q0.001,69,blocks.5.mlp,0.000843407560199035,0.0008433997939479994,2.009852988311464e-05,2,5,2,0.0048465453740586155,9.757971467822304e-05,5.4655405570105626e-06
coarse-qso-a0.0003-q0.001,70,blocks.0.mlp,0.006943206905772972,0.006942543579633331,2.4298310695576665e-05,2,5,2,0.008405285595988203,0.00016854227877175236,9.47836495767783e-06
coarse-qso-a0.0003-q0.001,70,blocks.1.mlp,0.003819339988941445,0.0038193337199829386,2.675279834256517e-07,3,9,3,0.005371300885007493,2.128487988746053e-06,6.057245367836907e-06
coarse-qso-a0.0003-q0.001,70,blocks.2.mlp,0.0028903587821601587,0.0028903437744659615,2.7751797679382202e-05,2,5,2,0.0044222213971664886,0.00012672081692360884,4.987168662378846e-06
coarse-qso-a0.0003-q0.001,70,blocks.3.mlp,0.0020660669653463854,0.0020660094450019525,2.211893736846098e-05,2,5,2,0.004254698910414267,0.00013522866967528792,4.798259747671436e-06
coarse-qso-a0.0003-q0.001,70,blocks.4.mlp,0.0013764111794303281,0.0013764111794303281,2.0750198243943078e-05,2,5,2,0.004471965924918458,0.00010110286910375154,5.043211448914216e-06
coarse-qso-a0.0003-q0.001,70,blocks.5.mlp,0.0008182179074813667,0.0008182179074813667,1.6880282872698635e-07,3,9,3,0.00482624354070595,1.92585562130376e-06,5.442627462488402e-06
coarse-qso-a0.0003-q0.001,71,blocks.0.mlp,0.007211121527235101,0.007210240023729148,2.8644462257429744e-05,2,5,2,0.008353803128612988,0.0001864613398411464,9.420301849418802e-06
coarse-qso-a0.0003-q0.001,71,blocks.1.mlp,0.0035986078609847433,0.0035982170251923113,2.7664155365711658e-05,2,5,2,0.0055366104560943385,0.00019642834767094345,6.243627201184611e-06
coarse-qso-a0.0003-q0.001,71,blocks.2.mlp,0.002607245408717734,0.002607244260637021,1.5613127461586558e-07,3,9,3,0.0045661898429902184,1.7002273767888492e-06,5.1494681757151125e-06
coarse-qso-a0.0003-q0.001,71,blocks.3.mlp,0.0019486559865886984,0.001947084616275606,1.4201853407134532e-07,3,9,3,0.004272715494383089,1.3658586232162431e-06,4.818544699238285e-06
coarse-qso-a0.0003-q0.001,71,blocks.4.mlp,0.0012429383892657395,0.0012429383892657395,2.3373607999797347e-05,2,5,2,0.004590943685922465,0.00011728896687160274,5.177340486406415e-06
coarse-qso-a0.0003-q0.001,71,blocks.5.mlp,0.0007521827273628941,0.0007521653021735028,2.966549249574888e-05,2,5,2,0.004897222422881955,0.00014228395817888475,5.522640646338396e-06
coarse-qso-a0.0003-q0.001,72,blocks.0.mlp,0.006489580797689038,0.006489580797689038,1.8705189257229588e-06,3,7,3,0.008624356252440592,1.1973268464365612e-05,9.7253698378604e-06
coarse-qso-a0.0003-q0.001,72,blocks.1.mlp,0.0034294849520390414,0.0034294292554172944,3.963351754658425e-07,3,9,3,0.0056476644367740286,3.451673872283687e-06,6.368834509062452e-06
coarse-qso-a0.0003-q0.001,72,blocks.2.mlp,0.002505518659416037,0.002505250290028685,1.2607857367778665e-07,3,9,3,0.0045205312729259374,1.2532218001692355e-06,5.097959521930863e-06
coarse-qso-a0.0003-q0.001,72,blocks.3.mlp,0.0018783133399933919,0.0018778004511634072,1.6556809104522608e-07,3,9,3,0.004240160383375743,1.930900990801269e-06,4.781809511910586e-06
coarse-qso-a0.0003-q0.001,72,blocks.4.mlp,0.0011910816637291897,0.0011910816637291897,2.2858045306170494e-05,2,5,2,0.004508919606303739,0.00011023281750948579,5.0848341435868844e-06
coarse-qso-a0.0003-q0.001,72,blocks.5.mlp,0.0007169534840120493,0.0007169427958467421,2.074762204370466e-07,3,9,3,0.004828480470291164,1.7169481274248662e-06,5.445110707069807e-06
coarse-qso-a0.0003-q0.001,73,blocks.0.mlp,0.006057961522388487,0.006057961522388487,2.8360373860339804e-05,2,5,2,0.008953548653578119,0.0001796435067982726,1.009656225028403e-05
coarse-qso-a0.0003-q0.001,73,blocks.1.mlp,0.0033646780777068833,0.003364599254986506,3.788423319592154e-07,3,9,3,0.0057006040619326,4.02274508997539e-06,6.428514312931217e-06
coarse-qso-a0.0003-q0.001,73,blocks.2.mlp,0.002421789991484788,0.002419908839451398,2.6745287156249177e-05,2,5,2,0.004371343166037879,0.0002417106050736305,4.929719120242071e-06
coarse-qso-a0.0003-q0.001,73,blocks.3.mlp,0.001867365330497934,0.001867365330497934,2.174695047531368e-05,2,5,2,0.004130697788217713,0.00019478592557711644,4.65835939344503e-06
coarse-qso-a0.0003-q0.001,73,blocks.4.mlp,0.001173130048320705,0.0011729425770233709,1.478393991714965e-05,2,5,2,0.004474883614272754,7.91123068556942e-05,5.0464376823089305e-06
coarse-qso-a0.0003-q0.001,73,blocks.5.mlp,0.0006872295183803735,0.0006872289050387873,1.3771747884808578e-07,3,9,3,0.004720859793004893,1.8321812728698993e-06,5.323743042196017e-06
coarse-qso-a0.0003-q0.001,74,blocks.0.mlp,0.006106399689475543,0.006104692450567359,2.541836984062767e-07,3,9,3,0.009087405071051631,2.214150749192219e-06,1.0247492932214163e-05
coarse-qso-a0.0003-q0.001,74,blocks.1.mlp,0.0032612718932728685,0.0032597355114717544,6.340412801756748e-07,3,9,3,0.0058793704041631015,5.89031725447972e-06,6.630076316954023e-06
coarse-qso-a0.0003-q0.001,74,blocks.2.mlp,0.0023171388908194267,0.0023171388908194267,1.583016420277289e-07,3,9,3,0.0043881275849250775,1.6672534085488452e-06,4.948620942188742e-06
coarse-qso-a0.0003-q0.001,74,blocks.3.mlp,0.0017484940745062323,0.0017484932318229474,2.2296785104837096e-07,3,9,3,0.0041118837070273475,1.731013165868192e-06,4.637120921032914e-06
coarse-qso-a0.0003-q0.001,74,blocks.4.mlp,0.0011316256045001973,0.00113114913898311,1.7795141715423943e-05,2,5,2,0.004420812309448169,9.111607560861931e-05,4.985450752342408e-06
coarse-qso-a0.0003-q0.001,74,blocks.5.mlp,0.0006632579796969737,0.0006632530709621138,2.9919279357145776e-05,2,5,2,0.004612453199437738,0.00017989094663610052,5.20148939787359e-06
coarse-qso-a0.0003-q0.001,75,blocks.0.mlp,0.005839805618055817,0.005839645721228135,2.4336740433471253e-07,3,9,3,0.009372869019990732,1.8714860990034704e-06,1.0569380125958801e-05
coarse-qso-a0.0003-q0.001,75,blocks.1.mlp,0.003175004526383344,0.003174969943843667,1.1653173013594622e-06,3,9,3,0.0060960453174586015,1.1769364523983644e-05,6.8743853050629855e-06
coarse-qso-a0.0003-q0.001,75,blocks.2.mlp,0.0022188895006688735,0.0022182270034376184,7.33669317877597e-07,3,9,3,0.004447104866695343,6.796447189365937e-06,5.015098677113393e-06
coarse-qso-a0.0003-q0.001,75,blocks.3.mlp,0.0016806609995813266,0.0016802118761430744,2.6248155926992393e-07,3,9,3,0.004088696227737911,2.7630563243193325e-06,4.610951637182848e-06
coarse-qso-a0.0003-q0.001,75,blocks.4.mlp,0.0010724408351069465,0.0010724408351069465,1.6712224055367354e-07,3,9,3,0.004364040371762364,1.7339117006712113e-06,4.9214197670752795e-06
coarse-qso-a0.0003-q0.001,75,blocks.5.mlp,0.000639431453986716,0.000639397369822219,1.8173683087910265e-05,2,5,2,0.0045641593540579495,0.00017091858940853616,5.147017216544794e-06
coarse-qso-a0.0003-q0.001,76,blocks.0.mlp,0.005793685639980917,0.005790631166344241,3.677152942485055e-07,3,9,3,0.009712294296191679,3.1771804210420085e-06,1.0952116986881206e-05
coarse-qso-a0.0003-q0.001,76,blocks.1.mlp,0.0030706705269800657,0.0030706674411431494,1.054393310739032e-06,3,9,3,0.006359956528488751,1.0593923374127737e-05,7.171961187587627e-06
coarse-qso-a0.0003-q0.001,76,blocks.2.mlp,0.002097756775095371,0.002097746645621463,1.1001609969050664e-06,3,9,3,0.004507031285116309,9.050803953378758e-06,5.0826485231248215e-06
coarse-qso-a0.0003-q0.001,76,blocks.3.mlp,0.0016194294137063068,0.0016194178274334294,5.390334328618763e-07,3,9,3,0.004070889716872675,3.7159615291117992e-06,4.590852344442736e-06
coarse-qso-a0.0003-q0.001,76,blocks.4.mlp,0.0010154583447514302,0.0010154583447514302,2.3498354621936672e-05,2,5,2,0.004381998100682159,0.0001656500391779286,4.941651867001346e-06
coarse-qso-a0.0003-q0.001,76,blocks.5.mlp,0.0006120890868175084,0.0006120203421780113,2.4092859668726205e-05,2,5,2,0.004610410865344274,0.00015635703411882282,5.19915354108589e-06
coarse-qso-a0.0003-q0.001,77,blocks.0.mlp,0.005441657043970161,0.005441657043970161,3.5588604399222507e-07,3,9,3,0.01027286275797474,2.7548502260396146e-06,1.1584221147698354e-05
coarse-qso-a0.0003-q0.001,77,blocks.1.mlp,0.003063500238739469,0.003063331642616292,1.292273934140087e-06,3,9,3,0.006728303480322681,1.1056738631033216e-05,7.58730168369863e-06
coarse-qso-a0.0003-q0.001,77,blocks.2.mlp,0.0018720476463766232,0.0018719928867403693,1.6960877266859505e-06,3,9,3,0.004932429917946292,1.989142881418048e-05,5.562296440184693e-06
coarse-qso-a0.0003-q0.001,77,blocks.3.mlp,0.0014395489737631575,0.0014394806505182568,5.281603050528037e-07,3,9,3,0.0042242601203385495,3.912892350438768e-06,4.763764909443167e-06
coarse-qso-a0.0003-q0.001,77,blocks.4.mlp,0.0008913778204284824,0.0008910769287764232,4.952423402362901e-07,3,9,3,0.00477495456292703,3.828051568989196e-06,5.384720897531669e-06
coarse-qso-a0.0003-q0.001,77,blocks.5.mlp,0.0005321295852740359,0.0005321286878614493,2.489297554538179e-07,3,9,3,0.0049043811332234255,2.8563247477599886e-06,5.530614156039265e-06
coarse-qso-a0.0003-q0.001,78,blocks.0.mlp,0.0055058987241966605,0.0055058987241966605,5.944214932426465e-07,3,9,3,0.010835174105187983,3.516472013869473e-06,1.2218292741607069e-05
coarse-qso-a0.0003-q0.001,78,blocks.1.mlp,0.003253637818245627,0.003253637818245627,1.3579560156779393e-06,3,9,3,0.007051543815090394,1.3403919112321528e-05,7.951782895663479e-06
coarse-qso-a0.0003-q0.001,78,blocks.2.mlp,0.002004804031525516,0.002001749802021469,1.7772639001186397e-06,3,9,3,0.004855818348197251,2.3892056733295976e-05,5.47589251894247e-06
coarse-qso-a0.0003-q0.001,78,blocks.3.mlp,0.0015301903510211326,0.001529398182652442,7.945345841946302e-07,3,9,3,0.004058464701303293,6.461371456671299e-06,4.5768004452307654e-06
coarse-qso-a0.0003-q0.001,78,blocks.4.mlp,0.0009079431863122871,0.0009076440079435689,5.87892689942528e-07,3,9,3,0.0045968863155753685,6.066408590139155e-06,5.183922253866937e-06
coarse-qso-a0.0003-q0.001,78,blocks.5.mlp,0.0005496683681532454,0.0005492839662064021,3.9915235478210976e-07,3,9,3,0.004767046093355103,3.6985574267150288e-06,5.375743534788969e-06
coarse-qso-a0.0003-q0.001,79,blocks.0.mlp,0.0049310577642656915,0.004927984662326087,5.928553962880263e-07,3,9,3,0.011722483750766328,5.152120311031639e-06,1.3218842384362307e-05
coarse-qso-a0.0003-q0.001,79,blocks.1.mlp,0.0033997754922278386,0.003397559600408662,6.439996233792396e-07,3,9,3,0.007382189514170661,8.937413050093914e-06,8.324615810769428e-06
coarse-qso-a0.0003-q0.001,79,blocks.2.mlp,0.0020669902211414622,0.002066962708009199,1.3983380072077259e-06,3,9,3,0.004837557080067814,1.517795447879596e-05,5.455285601324395e-06
coarse-qso-a0.0003-q0.001,79,blocks.3.mlp,0.0014925012944534536,0.001491795323598554,9.895453588648698e-07,3,9,3,0.004047369418951561,9.204251089061422e-06,4.564269747480475e-06
coarse-qso-a0.0003-q0.001,79,blocks.4.mlp,0.0009112695964881676,0.0009112465007604392,5.075720554688711e-07,3,9,3,0.004553445597757958,5.345209139446853e-06,5.134926304319258e-06
coarse-qso-a0.0003-q0.001,79,blocks.5.mlp,0.0005359434736868607,0.0005359433535618221,3.6899893208392405e-07,3,9,3,0.0047203855310329595,3.64157909840783e-06,5.323115984044851e-06
coarse-qso-a0.0003-q0.001,80,blocks.0.mlp,0.003921505686253676,0.003921493186745769,3.950753883545609e-07,3,9,3,0.013147754263553031,3.627334730376363e-06,1.482601459745655e-05
coarse-qso-a0.0003-q0.001,80,blocks.1.mlp,0.003400078271054883,0.0034000688210392956,9.013995463959194e-07,3,9,3,0.007970441679573604,9.693123981131964e-06,8.987931745868325e-06
coarse-qso-a0.0003-q0.001,80,blocks.2.mlp,0.0021127411328173682,0.002111129472915525,6.382313682298641e-06,3,9,3,0.005076171729418444,4.8905168475306975e-05,5.7243303872125585e-06
coarse-qso-a0.0003-q0.001,80,blocks.3.mlp,0.0014670595093059726,0.001467057118556879,1.1045150208830484e-06,3,9,3,0.004151416864170485,1.356720136333826e-05,4.681571225215736e-06
coarse-qso-a0.0003-q0.001,80,blocks.4.mlp,0.000841790645869911,0.0008417665589543255,6.076988909884471e-07,3,9,3,0.004623057053029089,6.907163710684683e-06,5.213405556993759e-06
coarse-qso-a0.0003-q0.001,80,blocks.5.mlp,0.0005122535585487874,0.0005122505447084158,7.318559703737731e-07,3,9,3,0.004816959416203041,7.1959070146164064e-06,5.432000158787073e-06
coarse-qso-a0.0003-q0.001,81,blocks.0.mlp,0.0016326507660120177,0.0016271633438448448,1.3868577170492266e-06,3,9,3,0.02532479674839052,1.0109237683518059e-05,2.8557244899178337e-05
coarse-qso-a0.0003-q0.001,81,blocks.1.mlp,0.0032355873737340913,0.0032350478404404833,9.312968569855656e-07,3,9,3,0.010051659172186523,6.550054912563205e-06,1.1334751340538663e-05
coarse-qso-a0.0003-q0.001,81,blocks.2.mlp,0.002670008017432555,0.002667126395005097,5.453250771633426e-06,3,9,3,0.005824764979431486,4.153840370420101e-05,6.568430068849567e-06
coarse-qso-a0.0003-q0.001,81,blocks.3.mlp,0.0016972037794369427,0.0016969337875512168,1.1754674367108921e-06,3,9,3,0.004535919307914014,1.2372474915434152e-05,5.11511068255028e-06
coarse-qso-a0.0003-q0.001,81,blocks.4.mlp,0.0008967637386725402,0.0008967507030333198,3.1668938673202106e-06,3,9,3,0.004973852783288253,3.445194662952029e-05,5.608946502550413e-06
coarse-qso-a0.0003-q0.001,81,blocks.5.mlp,0.00047412678067023425,0.00047406781784646655,3.11979980952719e-06,3,9,3,0.00544514032151524,2.7852108713861576e-05,6.1403257809089445e-06
coarse-qso-a0.0003-q0.001,82,blocks.0.mlp,0.00199482181395939,0.0019948049079520054,1.1143020735606203e-06,3,9,3,0.022236912645718566,8.444788782901418e-06,2.5075246022678903e-05
coarse-qso-a0.0003-q0.001,82,blocks.1.mlp,0.0033928864866801254,0.0033928768551089858,6.646912163680018e-07,3,9,3,0.010409100788596201,7.377058134593497e-06,1.1737807072014218e-05
coarse-qso-a0.0003-q0.001,82,blocks.2.mlp,0.0023409087653561153,0.002340718549772598,2.366476905077059e-06,3,9,3,0.006325204386876522,2.4949641168904266e-05,7.1327190295731785e-06
coarse-qso-a0.0003-q0.001,82,blocks.3.mlp,0.001487089134350045,0.0014850716244894993,8.15857531590203e-07,3,9,3,0.004986090299397349,9.350286064060283e-06,5.622704538857418e-06
coarse-qso-a0.0003-q0.001,82,blocks.4.mlp,0.000759320876922625,0.0007579707062818542,2.089726840894065e-06,3,9,3,0.005448187280747016,2.558762738755268e-05,6.143793491512596e-06
coarse-qso-a0.0003-q0.001,82,blocks.5.mlp,0.000413241231870835,0.000413199229049987,1.0588830470102906e-06,3,9,3,0.005895588829604494,1.1206252325733622e-05,6.648246853416591e-06
coarse-qso-a0.0003-q0.001,83,blocks.0.mlp,0.002290679611678377,0.0022905914120770338,7.305987411744185e-07,3,9,3,0.0206521207924986,7.127672035954683e-06,2.3288189065689958e-05
coarse-qso-a0.0003-q0.001,83,blocks.1.mlp,0.003287393872381427,0.003287288119879927,9.436357424687928e-07,3,9,3,0.011100447920170821,1.0363229720193006e-05,1.2517385249773816e-05
coarse-qso-a0.0003-q0.001,83,blocks.2.mlp,0.002067052570397808,0.002067019995671625,3.393191453960922e-06,3,9,3,0.006795989101154473,2.5073631549367658e-05,7.663573666070159e-06
coarse-qso-a0.0003-q0.001,83,blocks.3.mlp,0.001326593880707867,0.0013264518108198889,6.727304872848382e-07,3,10,3,0.005284211313055448,5.284744904052459e-06,5.95885405535598e-06
coarse-qso-a0.0003-q0.001,83,blocks.4.mlp,0.0006817368870655798,0.0006808742967997837,1.7707763802333863e-06,3,9,3,0.005751857127209845,1.5285533173791565e-05,6.486204057346999e-06
coarse-qso-a0.0003-q0.001,83,blocks.5.mlp,0.0003950703950587175,0.0003950157025031131,1.2600505911808371e-06,3,9,3,0.006162188544158622,1.3015205916012321e-05,6.948862412942824e-06
coarse-qso-a0.0003-q0.001,84,blocks.0.mlp,0.002753562319165923,0.0027533646827440144,9.014813103010763e-07,3,9,3,0.020089356436208662,6.808635037976076e-06,2.265360562641953e-05
coarse-qso-a0.0003-q0.001,84,blocks.1.mlp,0.002820856537615579,0.0028205131465136525,1.1066083642992554e-06,3,9,3,0.012137895611087869,1.686172678389913e-05,1.3687239103217355e-05
coarse-qso-a0.0003-q0.001,84,blocks.2.mlp,0.0017718855690847626,0.0017715436103325772,2.4286267793873822e-06,3,10,3,0.007379946961811373,1.4604848343662369e-05,8.322048552808054e-06
coarse-qso-a0.0003-q0.001,84,blocks.3.mlp,0.0012081486023222136,0.0012081486023222136,7.274304108830429e-07,3,10,3,0.005660153546305846,6.94214766107162e-06,6.382760925523644e-06
coarse-qso-a0.0003-q0.001,84,blocks.4.mlp,0.0006195115848193268,0.000619439770712674,1.8254947514044399e-06,3,9,3,0.0060539621561299965,2.1101747329455705e-05,6.8268535736285805e-06
coarse-qso-a0.0003-q0.001,84,blocks.5.mlp,0.000367633157336277,0.0003669820862468781,2.8569131061436784e-06,3,9,3,0.006560460192875236,2.6679543561439497e-05,7.397953458945089e-06
coarse-qso-a0.0003-q0.001,85,blocks.0.mlp,0.002939183231536328,0.002939183231536328,1.2013485394040947e-06,3,9,3,0.02016869322865266,9.180751097798461e-06,2.2743075053111785e-05
coarse-qso-a0.0003-q0.001,85,blocks.1.mlp,0.002388443329434348,0.0023881074203679947,2.0122638148119383e-06,3,9,3,0.013649519537864028,2.159511115978986e-05,1.5391791880327152e-05
coarse-qso-a0.0003-q0.001,85,blocks.2.mlp,0.0015798528042527149,0.0015794790224302384,6.900912880267542e-06,3,9,3,0.007886288448217317,6.894152188007694e-05,8.893006487415474e-06
coarse-qso-a0.0003-q0.001,85,blocks.3.mlp,0.0011526279361805695,0.0011526221500182399,1.6658493765597308e-06,3,10,3,0.005682130519520182,2.1087728839693208e-05,6.4075364500133864e-06
coarse-qso-a0.0003-q0.001,85,blocks.4.mlp,0.0005874057134153432,0.0005870240874342855,1.6969369414155432e-06,3,9,3,0.006332862295973906,1.995596166440782e-05,7.141339444429239e-06
coarse-qso-a0.0003-q0.001,85,blocks.5.mlp,0.0003454781681770255,0.00034547509698794516,2.6134277002700014e-06,3,9,3,0.006763547751973654,2.8012242653488285e-05,7.626952169821299e-06
coarse-qso-a0.0003-q0.001,86,blocks.0.mlp,0.002453910855110476,0.0024535105616282234,1.4124672458132638e-06,3,9,3,0.02370596357527597,1.872489661176802e-05,2.6731821716533682e-05
coarse-qso-a0.0003-q0.001,86,blocks.1.mlp,0.0018350079482139852,0.0018349646596513166,2.623987536145865e-06,3,9,3,0.016200460617921207,2.274725112832598e-05,1.826831572864751e-05
coarse-qso-a0.0003-q0.001,86,blocks.2.mlp,0.0014141819168672367,0.0014141167741160315,1.5320259831287185e-06,3,11,3,0.008727538262204305,2.0743375653524835e-05,9.84161612664928e-06
coarse-qso-a0.0003-q0.001,86,blocks.3.mlp,0.0011120034320630972,0.0011119664776061302,1.5690454460851933e-06,3,11,3,0.006011248052187275,1.24476632691277e-05,6.778645780489786e-06
coarse-qso-a0.0003-q0.001,86,blocks.4.mlp,0.0005814195331282075,0.0005814195331282075,3.5606452425917824e-06,3,9,3,0.00646578945446313,3.202967121671951e-05,7.291226566768708e-06
coarse-qso-a0.0003-q0.001,86,blocks.5.mlp,0.00034292230052533986,0.0003429140495685932,2.4893137854019777e-06,3,10,3,0.006918033779978105,1.9025791822296247e-05,7.80114822856086e-06
coarse-qso-a0.0003-q0.0015,50,blocks.0.mlp,0.011118065046907374,0.01111801546472305,1.0430077684659542e-05,2,4,2,0.010595899106751079,8.577250009772059e-05,1.1949447248875905e-05
coarse-qso-a0.0003-q0.0015,50,blocks.1.mlp,0.006636317018946507,0.006636317018946507,4.613107703574012e-06,2,5,2,0.008323879240956698,2.162129732439874e-05,9.387662745283099e-06
coarse-qso-a0.0003-q0.0015,50,blocks.2.mlp,0.004211934159971165,0.0042110708141180585,7.898183558073233e-06,2,5,2,0.008222451221715972,6.181720558594323e-05,9.273695709288719e-06
coarse-qso-a0.0003-q0.0015,50,blocks.3.mlp,0.002972235948592514,0.0029718637709140665,8.144284230577453e-06,2,5,2,0.008254762260045512,4.681841904170121e-05,9.310128645546661e-06
coarse-qso-a0.0003-q0.0015,50,blocks.4.mlp,0.0021706720712327578,0.0021706720712327578,2.8030647247503033e-06,2,5,2,0.008502759694749224,2.1656698289677553e-05,9.589540885045065e-06
coarse-qso-a0.0003-q0.0015,50,blocks.5.mlp,0.0011256804400111846,0.0011256804400111846,1.3300695372029048e-05,2,5,2,0.009282068647679912,7.711096411489092e-05,1.0467984445196243e-05
coarse-qso-a0.0003-q0.0015,51,blocks.0.mlp,0.010880460256128627,0.010877665132641625,1.252643434043864e-05,2,4,2,0.01033212916818101,0.00013702493164934078,1.1651989616862692e-05
coarse-qso-a0.0003-q0.0015,51,blocks.1.mlp,0.006605769006631202,0.006602542447720744,4.5131987967848985e-06,2,5,2,0.00802552566857925,1.8731640696811774e-05,9.051220873940543e-06
coarse-qso-a0.0003-q0.0015,51,blocks.2.mlp,0.004078234887782697,0.004077296685455855,3.6015957400410635e-06,2,5,2,0.007942096130200237,1.9718663458588795e-05,8.957535648242513e-06
coarse-qso-a0.0003-q0.0015,51,blocks.3.mlp,0.002913018949565534,0.002911914257654346,1.1988833151761758e-05,2,5,2,0.007932044648290403,6.036779887278669e-05,8.94620282635682e-06
coarse-qso-a0.0003-q0.0015,51,blocks.4.mlp,0.002128685681780669,0.0021282292438104117,3.1892382448868466e-06,2,5,2,0.008162013252473229,2.3925745338866315e-05,9.20529138008446e-06
coarse-qso-a0.0003-q0.0015,51,blocks.5.mlp,0.0011056099911115023,0.0011056099911115023,6.952114453196645e-06,2,5,2,0.008924581786585357,5.5863470031701397e-05,1.0064862752355238e-05
coarse-qso-a0.0003-q0.0015,52,blocks.0.mlp,0.010603188711480348,0.010603042175008385,4.394236609826439e-06,2,5,2,0.010123361265354146,2.460157965266968e-05,1.1416548555602842e-05
coarse-qso-a0.0003-q0.0015,52,blocks.1.mlp,0.00657003873372076,0.00657003873372076,4.814530802995839e-06,2,5,2,0.007771503752043083,1.9353288349198098e-05,8.76476270099853e-06
coarse-qso-a0.0003-q0.0015,52,blocks.2.mlp,0.004034307259388003,0.004032369759639176,1.3071818798623356e-05,2,5,2,0.007686783209243718,7.367077397885672e-05,8.669607756950804e-06
coarse-qso-a0.0003-q0.0015,52,blocks.3.mlp,0.002807881400308613,0.0028078735702083846,1.0784017973596766e-05,2,5,2,0.007761006995945084,5.1913581432367736e-05,8.75328443557937e-06
coarse-qso-a0.0003-q0.0015,52,blocks.4.mlp,0.0020609145184308816,0.002060884505519283,5.04165218106804e-06,2,5,2,0.007920663124648132,2.9582665976108498e-05,8.933106645879906e-06
coarse-qso-a0.0003-q0.0015,52,blocks.5.mlp,0.001086329460141853,0.001086313886644492,1.1344051883187628e-05,2,5,2,0.008666872938600922,6.670297225917566e-05,9.774242744693753e-06
coarse-qso-a0.0003-q0.0015,53,blocks.0.mlp,0.010355146181669887,0.010355146181669887,1.4540264974439816e-05,2,4,2,0.009897841248747371,0.0001608825799653393,1.1162219062749336e-05
coarse-qso-a0.0003-q0.0015,53,blocks.1.mlp,0.006516184822625659,0.006516184822625659,2.2983877822714552e-06,2,5,2,0.007509055197883278,1.3002728770640503e-05,8.468803777073805e-06
coarse-qso-a0.0003-q0.0015,53,blocks.2.mlp,0.003935558534053091,0.003933763239241352,4.175060594321946e-06,2,5,2,0.007415572083797653,2.595735364303394e-05,8.36375930239674e-06
coarse-qso-a0.0003-q0.0015,53,blocks.3.mlp,0.0027803392754816012,0.002779316123979329,6.350089075019715e-06,2,5,2,0.0074531108041558415,3.8423121462112904e-05,8.406069648118977e-06
coarse-qso-a0.0003-q0.0015,53,blocks.4.mlp,0.0020429414975427717,0.0020429414975427717,4.125137833625499e-06,2,5,2,0.007622035806106509,2.5693969328186947e-05,8.59634660099974e-06
coarse-qso-a0.0003-q0.0015,53,blocks.5.mlp,0.0010757588483365007,0.0010757588483365007,1.2054888354536144e-05,2,5,2,0.008264131288382553,7.146153373847186e-05,9.320098924769286e-06
coarse-qso-a0.0003-q0.0015,54,blocks.0.mlp,0.0101961148628148,0.0101961148628148,3.038335277141745e-06,2,5,2,0.009659280070022765,2.6433381463175e-05,1.089318602643378e-05
coarse-qso-a0.0003-q0.0015,54,blocks.1.mlp,0.00646048927082997,0.00646048927082997,4.611134957074273e-06,2,5,2,0.007199061428039586,2.2121500052405483e-05,8.119240578657415e-06
coarse-qso-a0.0003-q0.0015,54,blocks.2.mlp,0.00403432522313031,0.0040337749525250835,3.3820058154530614e-06,2,5,2,0.007028696944780633,2.44063500662469e-05,7.927511786055194e-06
coarse-qso-a0.0003-q0.0015,54,blocks.3.mlp,0.0027697154466579934,0.0027697154466579934,1.2477431942274597e-05,2,5,2,0.007127857641837757,5.685676257238146e-05,8.039288014206047e-06
coarse-qso-a0.0003-q0.0015,54,blocks.4.mlp,0.0020142411184742083,0.0020142411184742083,3.281407046250921e-06,2,5,2,0.0072728037096369035,2.5295254655061067e-05,8.202533818548046e-06
coarse-qso-a0.0003-q0.0015,54,blocks.5.mlp,0.001063749941107777,0.0010637026808855343,1.556885652080403e-05,2,5,2,0.007888104925390686,8.35559936898333e-05,8.896079258105449e-06
coarse-qso-a0.0003-q0.0015,55,blocks.0.mlp,0.009883063355102346,0.009881855014507477,1.7299986308400077e-05,2,4,2,0.009502056735843681,0.00013458238842887295,1.0715864493274595e-05
coarse-qso-a0.0003-q0.0015,55,blocks.1.mlp,0.006221573617252639,0.006220254989142042,5.705917778741155e-06,2,5,2,0.00707052306696312,2.2246792313304077e-05,7.974260981996258e-06
coarse-qso-a0.0003-q0.0015,55,blocks.2.mlp,0.0039312748190803385,0.003927128497213671,1.3201640810641539e-05,2,5,2,0.0068646815361264905,5.4080040769331044e-05,7.742516550889935e-06
coarse-qso-a0.0003-q0.0015,55,blocks.3.mlp,0.0027712674005640056,0.0027712674005640056,9.513728949489143e-06,2,5,2,0.00685616340959623,5.05221967495908e-05,7.732891892596546e-06
coarse-qso-a0.0003-q0.0015,55,blocks.4.mlp,0.001960502940349694,0.001960485993126656,7.4405865036056025e-06,2,5,2,0.007037680974388165,3.7809504374328907e-05,7.937373913613351e-06
coarse-qso-a0.0003-q0.0015,55,blocks.5.mlp,0.0010489839699411485,0.0010489839699411485,1.9111121839896733e-05,2,5,2,0.0077407856742799,0.00011573135669691637,8.72992451354594e-06
coarse-qso-a0.0003-q0.0015,56,blocks.0.mlp,0.009711154531295082,0.009711154531295082,5.7317177210490245e-06,2,5,2,0.009351250772658318,3.4161161022356494e-05,1.0545778939861444e-05
coarse-qso-a0.0003-q0.0015,56,blocks.1.mlp,0.006288475376616653,0.006287889713985859,7.817085303832045e-06,2,5,2,0.00681047721766272,3.5863421513106996e-05,7.681012686383909e-06
coarse-qso-a0.0003-q0.0015,56,blocks.2.mlp,0.0039294187487165,0.003928034040213952,8.393188067243616e-06,2,5,2,0.006620323164386435,3.4026087451307645e-05,7.46694363389473e-06
coarse-qso-a0.0003-q0.0015,56,blocks.3.mlp,0.002687823321009379,0.002687823321009379,1.3674550446805093e-05,2,5,2,0.006621939759337227,7.146369387785082e-05,7.468740246365726e-06
coarse-qso-a0.0003-q0.0015,56,blocks.4.mlp,0.0018919634905973219,0.0018919634905973219,1.868877684425839e-06,2,5,2,0.006843041911326756,2.0202644517581626e-05,7.717859298493806e-06
coarse-qso-a0.0003-q0.0015,56,blocks.5.mlp,0.0010192495650177037,0.0010192107064399556,1.1052670371577555e-05,2,5,2,0.007548925805472308,6.737506567766034e-05,8.513551532366123e-06
coarse-qso-a0.0003-q0.0015,57,blocks.0.mlp,0.009484062087742384,0.009483950127815105,2.142059211412682e-05,2,4,2,0.009228034643747543,0.0002593984721022887,1.0406802638550018e-05
coarse-qso-a0.0003-q0.0015,57,blocks.1.mlp,0.006121420799471438,0.006121137675306885,7.885508022025916e-06,2,5,2,0.0065797216671405,3.247985129061465e-05,7.420788169799997e-06
coarse-qso-a0.0003-q0.0015,57,blocks.2.mlp,0.0039114330064398475,0.003909107399055929,4.1094669815247655e-06,2,5,2,0.00635399864322794,2.6031549135317664e-05,7.166606510501314e-06
coarse-qso-a0.0003-q0.0015,57,blocks.3.mlp,0.002664712609168515,0.002664607740919812,1.26063453764105e-05,2,5,2,0.006350269806157806,7.734454889351668e-05,7.16237418905983e-06
coarse-qso-a0.0003-q0.0015,57,blocks.4.mlp,0.0018785434989390419,0.0018785022846269832,7.813227856489977e-06,2,5,2,0.006547168082741467,4.4186096435809086e-05,7.384211082503852e-06
coarse-qso-a0.0003-q0.0015,57,blocks.5.mlp,0.0010031193967900386,0.0010031193967900386,1.4876094076107224e-07,3,9,3,0.0072792514149250505,1.7698175702757094e-06,8.209444121659327e-06
coarse-qso-a0.0003-q0.0015,58,blocks.0.mlp,0.009212823452051894,0.009212823452051894,1.867805145317318e-05,2,4,2,0.009119564180103398,0.00022279220041069312,1.0284453667487114e-05
coarse-qso-a0.0003-q0.0015,58,blocks.1.mlp,0.005912532806544857,0.00591195707970649,1.335394484176523e-05,2,4,2,0.006444020522613942,0.0001412155008851188,7.267732978635194e-06
coarse-qso-a0.0003-q0.0015,58,blocks.2.mlp,0.003865332936294354,0.003864301218637919,1.4292120776790492e-05,2,5,2,0.006131693486860459,0.00010597611720210644,6.915896423005184e-06
coarse-qso-a0.0003-q0.0015,58,blocks.3.mlp,0.002661470577080538,0.0026613116913963707,9.27913440878652e-06,2,5,2,0.006115676140575011,5.105478717831744e-05,6.897809023146094e-06
coarse-qso-a0.0003-q0.0015,58,blocks.4.mlp,0.001838506337966191,0.0018384902901965783,1.0346502107577134e-05,2,5,2,0.0063971460659829945,5.315436975803582e-05,7.215002527267451e-06
coarse-qso-a0.0003-q0.0015,58,blocks.5.mlp,0.000985732476581628,0.0009856819423260544,1.896406928992989e-05,2,5,2,0.007025787564946769,0.0001409572213874711,7.923613932566951e-06
coarse-qso-a0.0003-q0.0015,59,blocks.0.mlp,0.00898490916524056,0.00898490916524056,6.764595420852983e-06,2,5,2,0.00904361918192878,5.457008026131001e-05,1.019877910285411e-05
coarse-qso-a0.0003-q0.0015,59,blocks.1.mlp,0.005808936549859777,0.005806052354869621,4.75381584786278e-06,2,5,2,0.006260236142964331,3.1933348555601795e-05,7.060466945864862e-06
coarse-qso-a0.0003-q0.0015,59,blocks.2.mlp,0.003809088793826129,0.0038071576348616644,6.286462728261417e-06,2,5,2,0.00588596960015302,3.3942676971097406e-05,6.638787193852546e-06
coarse-qso-a0.0003-q0.0015,59,blocks.3.mlp,0.0026445896542006218,0.0026445896542006218,5.561441669732541e-06,2,5,2,0.005939545622683326,3.7380940674457536e-05,6.6991543856590655e-06
coarse-qso-a0.0003-q0.0015,59,blocks.4.mlp,0.001803841491892584,0.001803841491892584,7.1607230434546294e-06,2,5,2,0.006136064192304037,6.942237032273923e-05,6.9205845224936566e-06
coarse-qso-a0.0003-q0.0015,59,blocks.5.mlp,0.0009860082108531446,0.0009859957449808998,1.6929928892672125e-05,2,5,2,0.006822493945491935,0.00010149920333378163,7.694351714559467e-06
coarse-qso-a0.0003-q0.0015,60,blocks.0.mlp,0.008617179228197646,0.008616968246502205,8.260430971505281e-06,2,5,2,0.009043261258897673,5.9506247452758157e-05,1.019833390642754e-05
coarse-qso-a0.0003-q0.0015,60,blocks.1.mlp,0.005763153381616232,0.005763153381616232,1.0227012118255518e-05,2,5,2,0.006054653161769566,5.149769650850006e-05,6.828624889426785e-06
coarse-qso-a0.0003-q0.0015,60,blocks.2.mlp,0.003814319124839029,0.003814319124839029,1.5869741347268862e-05,2,5,2,0.00563266428202797,0.00010878674196481856,6.353131923735273e-06
coarse-qso-a0.0003-q0.0015,60,blocks.3.mlp,0.0026429123245379858,0.0026429123245379858,1.0043893542747243e-05,2,5,2,0.005720363242533672,6.267026054952566e-05,6.4519652099004135e-06
coarse-qso-a0.0003-q0.0015,60,blocks.4.mlp,0.0017875604801022068,0.0017875511978988235,9.690302564508e-06,2,5,2,0.005859043808659305,5.971952732591738e-05,6.608199145168938e-06
coarse-qso-a0.0003-q0.0015,60,blocks.5.mlp,0.000977511700864626,0.0009775074371869204,1.6937685053412462e-05,2,5,2,0.006565314749583055,0.00010817816650629784,7.404334328397894e-06
coarse-qso-a0.0003-q0.0015,61,blocks.0.mlp,0.008198038439716232,0.008194578436948973,9.530732773286862e-06,2,5,2,0.009117594037515811,6.780007149344352e-05,1.0282107979870013e-05
coarse-qso-a0.0003-q0.0015,61,blocks.1.mlp,0.005519310876184681,0.005519197591746906,8.640162467701719e-06,2,5,2,0.005958997911114072,5.838604463027088e-05,6.720720817511094e-06
coarse-qso-a0.0003-q0.0015,61,blocks.2.mlp,0.0037586758049790113,0.0037586659630660783,2.748507415495997e-05,2,5,2,0.005487160402376021,0.00012893759302010102,6.18900864691743e-06
coarse-qso-a0.0003-q0.0015,61,blocks.3.mlp,0.0026252910063870754,0.0026244485851152754,1.4529532237328763e-05,2,5,2,0.0054903357102477676,0.0001048539031660274,6.192551717972476e-06
coarse-qso-a0.0003-q0.0015,61,blocks.4.mlp,0.0017765900966316163,0.0017765535154494853,2.8431494091212226e-06,2,5,2,0.005642154424113398,2.972600167470665e-05,6.363608108589015e-06
coarse-qso-a0.0003-q0.0015,61,blocks.5.mlp,0.0009675907914481923,0.0009675907914481923,2.7188636748618497e-05,2,5,2,0.00622114172338163,0.00015816400066731955,7.0162355261521375e-06
coarse-qso-a0.0003-q0.0015,62,blocks.0.mlp,0.007798507466252845,0.007795599668459197,1.759912022804582e-05,2,5,2,0.009162982939115119,8.59849680336584e-05,1.0333248962686332e-05
coarse-qso-a0.0003-q0.0015,62,blocks.1.mlp,0.005317875277188088,0.005317842498663644,3.4292620511555214e-07,3,7,3,0.00587099854372874,4.200775111331923e-06,6.621449980888655e-06
coarse-qso-a0.0003-q0.0015,62,blocks.2.mlp,0.0037339616359709426,0.0037339616359709426,1.0102280420498971e-05,2,5,2,0.005330436043682224,4.6233146674147406e-05,6.012238790690343e-06
coarse-qso-a0.0003-q0.0015,62,blocks.3.mlp,0.0025495753555836724,0.002549326786401597,1.677519525735524e-05,2,5,2,0.005350029791401083,9.356717010336796e-05,6.034289511135197e-06
coarse-qso-a0.0003-q0.0015,62,blocks.4.mlp,0.0017253166044867406,0.001725302829633322,1.5858433320871053e-05,2,5,2,0.005470227059910482,8.767775285423537e-05,6.169710007783591e-06
coarse-qso-a0.0003-q0.0015,62,blocks.5.mlp,0.0009734749313394644,0.0009734727171783127,2.1884947752596102e-05,2,5,2,0.005986836518384855,0.00011600798389335519,6.7520110109079505e-06
coarse-qso-a0.0003-q0.0015,63,blocks.0.mlp,0.007846244077264919,0.007839347822970954,1.1288554776290653e-05,2,5,2,0.009124191483051646,9.087604211238927e-05,1.0289473979467866e-05
coarse-qso-a0.0003-q0.0015,63,blocks.1.mlp,0.005070767846625635,0.005070767846625635,6.735302723475322e-07,3,7,3,0.005822715964908879,5.253512560913687e-06,6.5669595935819974e-06
coarse-qso-a0.0003-q0.0015,63,blocks.2.mlp,0.003672546241285862,0.0036694222945562855,1.5546972820617464e-07,3,9,3,0.005135166665924304,1.5647365144780437e-06,5.7920174275868985e-06
coarse-qso-a0.0003-q0.0015,63,blocks.3.mlp,0.0025504479682635956,0.0025496745512606158,2.4912832582201097e-05,2,5,2,0.005101263335549757,0.00012899865758205463,5.753751950629723e-06
coarse-qso-a0.0003-q0.0015,63,blocks.4.mlp,0.0017204015943870243,0.0017203015992708988,1.927907583271924e-05,2,5,2,0.005266946892987535,9.442502970132769e-05,5.94046462368188e-06
coarse-qso-a0.0003-q0.0015,63,blocks.5.mlp,0.0009793707772568936,0.0009788788817510386,2.6865631347444618e-05,2,5,2,0.005678522621890968,0.00014522050327575229,6.404346705333682e-06
coarse-qso-a0.0003-q0.0015,64,blocks.0.mlp,0.007308575607671245,0.007308563659060838,2.2508516484584273e-05,2,5,2,0.009276261115919488,0.0001097601203714553,1.0460908898791484e-05
coarse-qso-a0.0003-q0.0015,64,blocks.1.mlp,0.004798214484406644,0.004797763800328507,8.080453474495384e-07,3,7,3,0.005873337533459742,8.731756694423744e-06,6.6239827540194965e-06
coarse-qso-a0.0003-q0.0015,64,blocks.2.mlp,0.0035817313550120765,0.0035817313550120765,2.7970034059853704e-05,2,5,2,0.0050389291519438014,9.452254797345996e-05,5.6834425990198415e-06
coarse-qso-a0.0003-q0.0015,64,blocks.3.mlp,0.0024508482065370187,0.0024508482065370187,2.8694713624765888e-05,2,5,2,0.00502901265936795,0.00015741515467844396,5.6722104356789e-06
coarse-qso-a0.0003-q0.0015,64,blocks.4.mlp,0.0016372734266947126,0.0016362947895731215,1.848594921727031e-05,2,5,2,0.0052072882911729755,8.558574843715401e-05,5.87313915497961e-06
coarse-qso-a0.0003-q0.0015,64,blocks.5.mlp,0.0009554726816717611,0.0009554706988943896,1.924257229176895e-07,3,9,3,0.005527919161935709,1.9860098785954533e-06,6.234491666333397e-06
coarse-qso-a0.0003-q0.0015,65,blocks.0.mlp,0.0066021607168668325,0.006602137850374265,1.1621264072873674e-07,3,9,3,0.009543748050482713,9.719265072252643e-07,1.076248888457419e-05
coarse-qso-a0.0003-q0.0015,65,blocks.1.mlp,0.004641625020510758,0.004641483426410062,2.862125938770949e-05,2,5,2,0.0059793350131034295,0.00016307154014346935,6.7434449784479195e-06
coarse-qso-a0.0003-q0.0015,65,blocks.2.mlp,0.0033582465223778693,0.0033582465223778693,1.781857389702475e-05,2,5,2,0.00501946770992944,0.00010851865018885358,5.661427746781435e-06
coarse-qso-a0.0003-q0.0015,65,blocks.3.mlp,0.0023278637300711666,0.0023278637300711666,1.7149537279907123e-05,2,5,2,0.005013876727734188,0.0001617761972297918,5.655062095624932e-06
coarse-qso-a0.0003-q0.0015,65,blocks.4.mlp,0.001541570125045627,0.001541570125045627,2.134821261507815e-05,2,5,2,0.0052498588202414,0.00010055534204473003,5.921070302185392e-06
coarse-qso-a0.0003-q0.0015,65,blocks.5.mlp,0.0009104162734976647,0.0009104083567384775,2.847608905994238e-05,2,5,2,0.005514415968715184,0.00015739043538813913,6.219212535296474e-06
coarse-qso-a0.0003-q0.0015,66,blocks.0.mlp,0.006614613173328208,0.006605739552349702,2.2828659866286385e-07,3,9,3,0.009709071784641,1.1714953579457675e-06,1.0948876816752794e-05
coarse-qso-a0.0003-q0.0015,66,blocks.1.mlp,0.004531381354448059,0.0045313720781522005,1.8635093567140556e-07,3,9,3,0.0060052509074892315,1.7406779655316622e-06,6.772622115701931e-06
coarse-qso-a0.0003-q0.0015,66,blocks.2.mlp,0.0033102197829243465,0.003310209885173202,2.5111882858725453e-07,3,9,3,0.004870883635030193,2.35155390646065e-06,5.4938466629886195e-06
coarse-qso-a0.0003-q0.0015,66,blocks.3.mlp,0.002318585066704859,0.002318378996452541,2.2941558363429968e-05,2,5,2,0.004831341146035494,9.643690904174937e-05,5.449196738528841e-06
coarse-qso-a0.0003-q0.0015,66,blocks.4.mlp,0.001531461328800641,0.0015305924711962106,1.8659610724619303e-05,2,5,2,0.00503334352296428,0.00013458620655395505,5.676904622605741e-06
coarse-qso-a0.0003-q0.0015,66,blocks.5.mlp,0.0009162770280970066,0.0009162770280970066,3.4171926756400484e-07,3,9,3,0.005338382164888346,2.980030479122896e-06,6.02069034176949e-06
coarse-qso-a0.0003-q0.0015,67,blocks.0.mlp,0.006786614870534201,0.006786419345284801,1.5656949733439676e-07,3,9,3,0.009830297997258732,1.296545710400242e-06,1.1085544475101208e-05
coarse-qso-a0.0003-q0.0015,67,blocks.1.mlp,0.004188304569319033,0.004186465036093731,2.3229147393735506e-07,3,9,3,0.006257590881153377,2.626446430922671e-06,7.05709539764788e-06
coarse-qso-a0.0003-q0.0015,67,blocks.2.mlp,0.003076805340763964,0.0030755701059744438,1.7934029129481682e-05,2,5,2,0.004933857195650727,0.00011473154061542151,5.564774394752782e-06
coarse-qso-a0.0003-q0.0015,67,blocks.3.mlp,0.0021949488787810934,0.0021948390996436484,1.1235088773201367e-07,3,9,3,0.00475005415862816,1.6058977050556875e-06,5.357480610678228e-06
coarse-qso-a0.0003-q0.0015,67,blocks.4.mlp,0.001449920304744596,0.0014489142167568474,1.6563741089663124e-05,2,5,2,0.00506462347887021,9.467690604668386e-05,5.712111847154456e-06
coarse-qso-a0.0003-q0.0015,67,blocks.5.mlp,0.0008792619859614971,0.0008792383817234785,1.3077664586879006e-07,3,9,3,0.00531454142768414,1.3098922935940215e-06,5.993760829311129e-06
coarse-qso-a0.0003-q0.0015,68,blocks.0.mlp,0.006082665123875863,0.006082665123875863,1.6055653641237236e-07,3,9,3,0.010387890572020771,1.3218494599435735e-06,1.171425599395818e-05
coarse-qso-a0.0003-q0.0015,68,blocks.1.mlp,0.003966995456323688,0.003966995456323688,2.2051979304635545e-07,3,9,3,0.006503165876911373,2.3589968154941575e-06,7.33394882041704e-06
coarse-qso-a0.0003-q0.0015,68,blocks.2.mlp,0.0028685146635507404,0.0028685021016936563,2.5514717023350915e-07,3,9,3,0.005062704803221693,3.4165691784157753e-06,5.709977036502456e-06
coarse-qso-a0.0003-q0.0015,68,blocks.3.mlp,0.0020609784615470586,0.002060854222041892,2.3213434962243834e-05,2,5,2,0.0047533117160370175,0.0001386816370733786,5.361084913996e-06
coarse-qso-a0.0003-q0.0015,68,blocks.4.mlp,0.0013675230726961404,0.0013674188575968562,2.761259771533419e-05,2,5,2,0.005014454740959788,0.00019156806775485555,5.655497348277317e-06
coarse-qso-a0.0003-q0.0015,68,blocks.5.mlp,0.0008418946886761021,0.0008418573230618365,2.8943929132302496e-05,2,5,2,0.005244234231949505,0.00018282434430239852,5.914443887409556e-06
coarse-qso-a0.0003-q0.0015,69,blocks.0.mlp,0.0060651352350416295,0.006065031568472389,2.302434056596449e-05,2,5,2,0.010498995867943606,0.00018501800425849735,1.183951828979822e-05
coarse-qso-a0.0003-q0.0015,69,blocks.1.mlp,0.003946164127354452,0.003945945241441948,3.5532065103818516e-07,3,9,3,0.006619907154507021,3.0351261854439333e-06,7.465544092047634e-06
coarse-qso-a0.0003-q0.0015,69,blocks.2.mlp,0.0028136571822638605,0.0028134651290542623,3.485549582364118e-07,3,9,3,0.005031854558970556,4.657934550786925e-06,5.675138389607039e-06
coarse-qso-a0.0003-q0.0015,69,blocks.3.mlp,0.0020245432353662184,0.0020229112353950746,2.420129154331477e-05,2,5,2,0.004644473477155943,0.0001440932027996627,5.238313578229386e-06
coarse-qso-a0.0003-q0.0015,69,blocks.4.mlp,0.0013704144450433027,0.0013702784379607447,1.5159921729735641e-05,2,5,2,0.004827766246925927,0.00013258378348086493,5.444968145877378e-06
coarse-qso-a0.0003-q0.0015,69,blocks.5.mlp,0.0008173268261581177,0.0008173097196285958,2.265377081456396e-05,2,5,2,0.005098392820724243,0.00014882789198672122,5.749966204218554e-06
coarse-qso-a0.0003-q0.0015,70,blocks.0.mlp,0.006010852416862611,0.006010234888860765,3.0542925085216796e-07,3,9,3,0.010597750846597115,1.8802815295166726e-06,1.1950856443844974e-05
coarse-qso-a0.0003-q0.0015,70,blocks.1.mlp,0.0038438725766351497,0.003843858470279032,5.348733148540802e-07,3,9,3,0.00682357923483225,6.348005564289115e-06,7.695161292568179e-06
coarse-qso-a0.0003-q0.0015,70,blocks.2.mlp,0.002687994184112039,0.0026879075317931974,4.332958359510052e-06,3,7,3,0.005073409608200726,2.8888242039909554e-05,5.721932728043069e-06
coarse-qso-a0.0003-q0.0015,70,blocks.3.mlp,0.0019370739865842634,0.0019368609898082834,3.051647339073634e-07,3,9,3,0.00460526880338816,3.259727968240486e-06,5.194054333199513e-06
coarse-qso-a0.0003-q0.0015,70,blocks.4.mlp,0.0012946456178045858,0.0012940210417757031,1.5747697063335552e-07,3,9,3,0.0048627726631101055,2.112644936324065e-06,5.4843872910704335e-06
coarse-qso-a0.0003-q0.0015,70,blocks.5.mlp,0.00077866671667505,0.0007786661959924274,3.849657013753744e-07,3,9,3,0.005207253928552557,3.831391809432132e-06,5.872662219165209e-06
coarse-qso-a0.0003-q0.0015,71,blocks.0.mlp,0.006568242399350803,0.006568230445820849,3.6441547336975664e-07,3,9,3,0.010584350876657782,2.319678838595464e-06,1.1935729945931714e-05
coarse-qso-a0.0003-q0.0015,71,blocks.1.mlp,0.003826515373635415,0.003821137067957493,3.8599245210594617e-07,3,9,3,0.007138109715968633,3.099981074847326e-06,8.049782060620658e-06
coarse-qso-a0.0003-q0.0015,71,blocks.2.mlp,0.002397673183997043,0.0023976193235779797,5.01526499605109e-07,3,9,3,0.005443363671048335,5.212662225556902e-06,6.1389908964677104e-06
coarse-qso-a0.0003-q0.0015,71,blocks.3.mlp,0.0017659565818157626,0.001765256590602566,4.78980493237917e-07,3,9,3,0.004789592685403646,5.031505863446363e-06,5.4018119567674934e-06
coarse-qso-a0.0003-q0.0015,71,blocks.4.mlp,0.0011334512961155272,0.0011327681623036544,3.2853457731996354e-07,3,9,3,0.005197470505972495,2.4270402319047393e-06,5.861702788715296e-06
coarse-qso-a0.0003-q0.0015,71,blocks.5.mlp,0.0006774722894276508,0.0006774564286632745,2.381580332316435e-05,2,5,2,0.00551212009046449,0.00017611829436716499,6.216359509452965e-06
coarse-qso-a0.0003-q0.0015,72,blocks.0.mlp,0.005389317820532652,0.00538929601584669,2.7286918220862525e-07,3,9,3,0.011835051548335867,2.4607890839053487e-06,1.3346008109606098e-05
coarse-qso-a0.0003-q0.0015,72,blocks.1.mlp,0.003737284882780191,0.003737275933225014,9.204450657754028e-07,3,9,3,0.0076453533301843665,8.62154588745259e-06,8.621706857577497e-06
coarse-qso-a0.0003-q0.0015,72,blocks.2.mlp,0.0023141520326083174,0.00231411359772251,6.740698539394687e-07,3,9,3,0.005564535706570685,5.472703179037101e-06,6.275564109536795e-06
coarse-qso-a0.0003-q0.0015,72,blocks.3.mlp,0.0017490661487638763,0.0017490562440046896,7.565361031169345e-07,3,9,3,0.00480067677975913,6.647063231507063e-06,5.4142548127326e-06
coarse-qso-a0.0003-q0.0015,72,blocks.4.mlp,0.0010949689219369816,0.0010944589558603522,5.860886905913734e-07,3,9,3,0.005112524322512632,4.750661307772644e-06,5.765890270978226e-06
coarse-qso-a0.0003-q0.0015,72,blocks.5.mlp,0.0006531740273844842,0.0006531734981752403,3.0432658435681355e-07,3,9,3,0.005414199542413332,3.6198193682429113e-06,6.105914533255899e-06
coarse-qso-a0.0003-q0.0015,73,blocks.0.mlp,0.003986226217371398,0.003986226217371398,5.820743089590816e-07,3,9,3,0.013841821013569466,4.242566525525147e-06,1.560885479898495e-05
coarse-qso-a0.0003-q0.0015,73,blocks.1.mlp,0.003702788417145203,0.003702365641346765,1.0524727530586583e-06,3,9,3,0.008343115209965807,7.628656984715452e-06,9.40846471702266e-06
coarse-qso-a0.0003-q0.0015,73,blocks.2.mlp,0.002245729926036937,0.0022410388693010737,4.18210431032361e-06,3,9,3,0.005654183793449477,2.561453880805554e-05,6.376602053505933e-06
coarse-qso-a0.0003-q0.0015,73,blocks.3.mlp,0.0017564805025879694,0.0017563413627673656,9.653836997788222e-07,3,9,3,0.004764874621496813,9.647438659329075e-06,5.373836364956631e-06
coarse-qso-a0.0003-q0.0015,73,blocks.4.mlp,0.001082713931347012,0.0010827112306438535,5.201643964554955e-07,3,9,3,0.005137250014600049,4.474983910364463e-06,5.793734455922608e-06
coarse-qso-a0.0003-q0.0015,73,blocks.5.mlp,0.0006349772043646751,0.0006349541243487429,8.659431357054478e-07,3,9,3,0.005290228738301526,6.6810652001299495e-06,5.966100507579787e-06
coarse-qso-a0.0003-q0.0015,74,blocks.0.mlp,0.0015608681535301445,0.0015608681535301445,2.450676586043141e-06,3,9,3,0.029630234951423532,1.8291688267044105e-05,3.3412296849541596e-05
coarse-qso-a0.0003-q0.0015,74,blocks.1.mlp,0.0034556392135338754,0.0034556392135338754,5.95623444270016e-07,3,9,3,0.010180902262318756,5.04417149978045e-06,1.1480724387475012e-05
coarse-qso-a0.0003-q0.0015,74,blocks.2.mlp,0.0030147092104748827,0.003011647023768836,1.1199079103613489e-06,3,9,3,0.006250967338031101,1.4409178174376492e-05,7.04945519418141e-06
coarse-qso-a0.0003-q0.0015,74,blocks.3.mlp,0.002025126239134714,0.0020224202008612786,1.1523379734292913e-06,3,9,3,0.005074884597379097,1.0153304083517307e-05,5.723323629081332e-06
coarse-qso-a0.0003-q0.0015,74,blocks.4.mlp,0.0011116115766742962,0.0011115413605996647,1.284927109208485e-06,3,9,3,0.005437309820629764,1.279009703817603e-05,6.132020228820594e-06
coarse-qso-a0.0003-q0.0015,74,blocks.5.mlp,0.0006179757003245334,0.0006178837066394472,9.393775627486533e-07,3,9,3,0.005568653114685253,9.497902044648958e-06,6.279997559559301e-06
coarse-qso-a0.0003-q0.0015,75,blocks.0.mlp,0.0017684047905385928,0.0017673515632956427,1.1197957795175883e-06,3,9,3,0.027337124255825667,8.802703163237309e-06,3.082652088163823e-05
coarse-qso-a0.0003-q0.0015,75,blocks.1.mlp,0.0035634122309032372,0.003563395543058144,5.616423925099668e-07,3,9,3,0.010403390314732034,5.3946767153989454e-06,1.1731588023062166e-05
coarse-qso-a0.0003-q0.0015,75,blocks.2.mlp,0.0027457535839179796,0.0027432303960883415,1.540311480289377e-06,3,9,3,0.006527697117390604,1.4741871764948532e-05,7.361449283405838e-06
coarse-qso-a0.0003-q0.0015,75,blocks.3.mlp,0.0018981591499937476,0.0018980189490520483,7.896596215630074e-07,3,9,3,0.005171084193432218,6.800658047286239e-06,5.831748446656108e-06
coarse-qso-a0.0003-q0.0015,75,blocks.4.mlp,0.0010469060513318372,0.0010450285902898148,7.33123407070518e-07,3,9,3,0.005495342471644798,6.642466333414487e-06,6.197426995561349e-06
coarse-qso-a0.0003-q0.0015,75,blocks.5.mlp,0.0005901643090624673,0.000590082427411591,1.0451231853448075e-06,3,9,3,0.005731331764630574,7.33049499612455e-06,6.463395938023336e-06
coarse-qso-a0.0003-q0.0015,76,blocks.0.mlp,0.0019638406608415014,0.001962123363478924,1.3564845843885133e-06,3,9,3,0.02509144861849889,9.96185453241297e-06,2.829424299777717e-05
coarse-qso-a0.0003-q0.0015,76,blocks.1.mlp,0.003535725426710458,0.003535725426710458,8.281411087402152e-07,3,9,3,0.010988591470598575,7.1722094482420355e-06,1.2391453729292692e-05
coarse-qso-a0.0003-q0.0015,76,blocks.2.mlp,0.002530188471445551,0.002530186222105292,1.020474377254805e-06,3,9,3,0.006778841238584025,1.2828118793643767e-05,7.644602815382631e-06
coarse-qso-a0.0003-q0.0015,76,blocks.3.mlp,0.0017757573294765914,0.001775741091280439,1.2903381647838135e-06,3,9,3,0.005250091423485854,1.0399686811220523e-05,5.920794956184645e-06
coarse-qso-a0.0003-q0.0015,76,blocks.4.mlp,0.0009659421016179014,0.0009656348110874117,7.306654161241903e-07,3,9,3,0.005581470521418668,7.166827720060238e-06,6.2945160074042835e-06
coarse-qso-a0.0003-q0.0015,76,blocks.5.mlp,0.0005443645259992103,0.0005443638678349308,5.036484907343542e-07,3,9,3,0.005876717585531341,5.195083943628194e-06,6.627300412307313e-06
coarse-qso-a0.0003-q0.0015,77,blocks.0.mlp,0.002320790731254469,0.002320572357777432,8.303445016313094e-07,3,9,3,0.023343839248107037,7.897405519634512e-06,2.6323604754034385e-05
coarse-qso-a0.0003-q0.0015,77,blocks.1.mlp,0.0033138661472606958,0.0033138661472606958,1.9288963318577058e-06,3,9,3,0.011839329776892796,1.19346770073e-05,1.3350748007797095e-05
coarse-qso-a0.0003-q0.0015,77,blocks.2.mlp,0.0020913817366170445,0.002091301360389447,2.083155632941051e-06,3,9,3,0.00737411078759676,2.1984950545499115e-05,8.315789428635332e-06
coarse-qso-a0.0003-q0.0015,77,blocks.3.mlp,0.001601632326311227,0.001601502489056621,1.2200730819820429e-06,3,9,3,0.005503586609638423,1.0594707730187532e-05,6.206586478595673e-06
coarse-qso-a0.0003-q0.0015,77,blocks.4.mlp,0.0008705072313309744,0.0008700636169500942,9.1960977652112e-07,3,9,3,0.005934485876245157,9.824132471256921e-06,6.692529903926095e-06
coarse-qso-a0.0003-q0.0015,77,blocks.5.mlp,0.0004980005789234698,0.0004979669300427809,7.424158198562331e-07,3,9,3,0.006164093029909754,7.15164281443767e-06,6.951309929752116e-06
coarse-qso-a0.0003-q0.0015,78,blocks.0.mlp,0.0027147917841448183,0.002714787767004721,1.6286884077583718e-06,3,9,3,0.02249539404975617,1.1747338926695912e-05,2.5366892430313372e-05
coarse-qso-a0.0003-q0.0015,78,blocks.1.mlp,0.002943901791885114,0.0029420378612563932,1.3829089887998032e-06,3,9,3,0.013203763884598393,1.4744714601541997e-05,1.4889303401841082e-05
coarse-qso-a0.0003-q0.0015,78,blocks.2.mlp,0.0019857051005166284,0.001985571962621777,1.0941126607591383e-06,3,10,3,0.007662404087030995,5.765100186783551e-06,8.64084186576566e-06
coarse-qso-a0.0003-q0.0015,78,blocks.3.mlp,0.00157885178485258,0.0015788389084518829,1.2111070510221495e-06,3,9,3,0.005534755051069874,1.044097800482618e-05,6.241699364526133e-06
coarse-qso-a0.0003-q0.0015,78,blocks.4.mlp,0.0008854780676362777,0.0008852518379028452,2.539264758180808e-06,3,9,3,0.005753893090929908,1.567432118396447e-05,6.488884454084945e-06
coarse-qso-a0.0003-q0.0015,78,blocks.5.mlp,0.0005144613751716424,0.0005137192724499918,6.248584937835911e-07,3,9,3,0.006034389302645144,6.7833571484800425e-06,6.805039935692771e-06
coarse-qso-a0.0003-q0.0015,79,blocks.0.mlp,0.003089526398578215,0.003089429490396777,2.0736199742797633e-06,3,9,3,0.022052836013123654,1.5792128106897578e-05,2.4867868781689385e-05
coarse-qso-a0.0003-q0.0015,79,blocks.1.mlp,0.002671914650278569,0.0026709541319178886,2.090246864811149e-06,3,9,3,0.01425769933366449,2.3866854307615794e-05,1.6077741098446854e-05
coarse-qso-a0.0003-q0.0015,79,blocks.2.mlp,0.0018688960327243474,0.0018688944948612597,3.3928102887120625e-06,3,9,3,0.007889910063913434,3.904363995770501e-05,8.8973604393064e-06
coarse-qso-a0.0003-q0.0015,79,blocks.3.mlp,0.0014797737834002411,0.0014764050765376754,9.386379021826379e-07,3,10,3,0.005690923894374556,7.825585077162095e-06,6.417758778953875e-06
coarse-qso-a0.0003-q0.0015,79,blocks.4.mlp,0.0008744421061769374,0.0008743937377516836,1.2911128541713495e-06,3,9,3,0.00574665103360577,1.5483547404931416e-05,6.4806998926781605e-06
coarse-qso-a0.0003-q0.0015,79,blocks.5.mlp,0.000511158250646443,0.0005109960206246667,8.461344628030894e-07,3,9,3,0.0059897089323936266,9.009424818798593e-06,6.754639293080544e-06
coarse-qso-a0.0003-q0.0015,80,blocks.0.mlp,0.003462324569406228,0.0034623196242264376,1.43847028309287e-06,3,9,3,0.022828793873706597,1.3028069096336035e-05,2.574287249793117e-05
coarse-qso-a0.0003-q0.0015,80,blocks.1.mlp,0.0021366299897356954,0.0021366299897356954,3.5226025408783336e-06,3,9,3,0.01629022873430399,3.176984467421824e-05,1.836966945483573e-05
coarse-qso-a0.0003-q0.0015,80,blocks.2.mlp,0.001706093149470619,0.001706093149470619,1.895638284124734e-06,3,10,3,0.008585373396712549,1.123379341414588e-05,9.681550129543393e-06
coarse-qso-a0.0003-q0.0015,80,blocks.3.mlp,0.0013699194754601335,0.00136928253480654,2.858843740871827e-06,3,9,3,0.006059918749375129,2.5179437291488824e-05,6.833798312356774e-06
coarse-qso-a0.0003-q0.0015,80,blocks.4.mlp,0.0008247653554604329,0.0008236057320543203,2.4405416048267134e-06,3,9,3,0.005984093190143938,2.0749687377992346e-05,6.748406921504908e-06
coarse-qso-a0.0003-q0.0015,80,blocks.5.mlp,0.0004999257914066115,0.0004999248339753315,1.5986178125959307e-06,3,9,3,0.006097131465671693,1.4031748366647648e-05,6.8757470986236835e-06
coarse-qso-a0.0003-q0.0015,81,blocks.0.mlp,0.0027413056556770147,0.002741258022898144,2.0264694909316194e-06,3,9,3,0.02593883666372771,2.122502051477179e-05,2.924985213209055e-05
coarse-qso-a0.0003-q0.0015,81,blocks.1.mlp,0.0017195477216845247,0.0017194791226033885,5.6244335466618565e-06,3,9,3,0.019601143505169647,6.572026624443434e-05,2.2103147627756243e-05
coarse-qso-a0.0003-q0.0015,81,blocks.2.mlp,0.001421794166509932,0.0014217022017114283,1.0069611356092788e-05,3,9,3,0.009912051131206464,0.00011490070976033974,1.1177508662031981e-05
coarse-qso-a0.0003-q0.0015,81,blocks.3.mlp,0.0012387427350689364,0.0012380852367801158,2.155471529725807e-06,3,10,3,0.006819482165948198,1.6326426519057156e-05,7.690243523103912e-06
coarse-qso-a0.0003-q0.0015,81,blocks.4.mlp,0.0007553561349962096,0.0007529774969157466,4.476844397436998e-06,3,9,3,0.006393956060192677,5.0342537050003264e-05,7.210533838771936e-06
coarse-qso-a0.0003-q0.0015,81,blocks.5.mlp,0.0004826071104239941,0.00048224614355192775,5.481260795528124e-06,3,9,3,0.006612988444983811,6.610463150406306e-05,7.457400472427649e-06
coarse-qso-a0.0003-q0.0015,82,blocks.0.mlp,0.0028598077619319444,0.0028595001332912947,9.752201010967661e-06,3,9,3,0.02751058161413007,6.530528381120284e-05,3.1022210663501606e-05
coarse-qso-a0.0003-q0.0015,82,blocks.1.mlp,0.0015832500122336514,0.0015832500122336514,9.06742786761098e-06,3,9,3,0.021893659341034856,7.375278474480453e-05,2.468826054272316e-05
coarse-qso-a0.0003-q0.0015,82,blocks.2.mlp,0.0013898979336906838,0.0013898979336906838,9.498125945204596e-06,3,9,3,0.011358447197773212,0.00011304886219751374,1.2808478778857306e-05
coarse-qso-a0.0003-q0.0015,82,blocks.3.mlp,0.0011331599144913211,0.0011330267253019499,6.105565139719138e-06,3,9,3,0.00804696092038356,6.46106557148611e-05,9.074325786070613e-06
coarse-qso-a0.0003-q0.0015,82,blocks.4.mlp,0.0007365115257440101,0.0007354764324900781,1.8457699015094807e-05,3,9,3,0.0079540517967013,0.0001561444233171352,8.969652839610633e-06
coarse-qso-a0.0003-q0.0015,82,blocks.5.mlp,0.00042805908561913494,0.00042663835542038764,4.269017942419952e-06,3,9,3,0.008122077084708305,5.591001877702272e-05,9.159028906575108e-06
coarse-qso-a0.0003-q0.0015,83,blocks.0.mlp,0.00022953047189674415,0.00022940795329795533,1.4796106574763834e-05,3,9,3,0.29103793201826156,0.00015284569276137437,0.0003281852373127725
coarse-qso-a0.0003-q0.0015,83,blocks.1.mlp,0.00024291635488136678,0.00024291613387280306,2.3104233908467175e-05,3,9,3,0.14257770611340903,0.00017884589841735496,0.0001607759567505294
coarse-qso-a0.0003-q0.0015,83,blocks.2.mlp,0.0002836140770456131,0.00028334717568519494,1.645080535420308e-05,3,9,3,0.06248026811370991,0.00018686066183515266,7.045512724380129e-05
coarse-qso-a0.0003-q0.0015,83,blocks.3.mlp,0.0003592369722285736,0.00035921105424393385,7.252592956618778e-06,3,11,3,0.03254036265684591,6.651521203384115e-05,3.669379065129194e-05
coarse-qso-a0.0003-q0.0015,83,blocks.4.mlp,0.00042727235434640484,0.0004262958344161612,6.265778833818084e-06,3,9,3,0.01982414441051938,8.765593494473512e-05,2.23545872735441e-05
coarse-qso-a0.0003-q0.0015,83,blocks.5.mlp,0.0004264650588529348,0.00042645158110877796,8.568528061355351e-06,3,9,3,0.01420219747224624,6.97162826485441e-05,1.6015077528950245e-05
coarse-qso-a0.0003-q0.0015,84,blocks.0.mlp,0.0002534344883045978,0.0002534344883045978,3.326874033475449e-06,3,9,3,0.26850947063701036,3.5458043416404835e-05,0.00030278137170094207
coarse-qso-a0.0003-q0.0015,84,blocks.1.mlp,0.00026839250817894673,0.0002680724403733782,3.6988923334616024e-06,3,10,3,0.13107428619117553,2.580428699605975e-05,0.000147804306464786
coarse-qso-a0.0003-q0.0015,84,blocks.2.mlp,0.00030075677375693776,0.00030075677375693776,5.6204003385594515e-06,3,10,3,0.05762815667942259,2.8063991541177325e-05,6.498371737449501e-05
coarse-qso-a0.0003-q0.0015,84,blocks.3.mlp,0.0003758772660953159,0.00037587502564771747,4.1459937899566475e-06,3,10,3,0.030239149190243366,3.0090286895552974e-05,3.4098863807457134e-05
coarse-qso-a0.0003-q0.0015,84,blocks.4.mlp,0.00045960929234454124,0.00045954458816399807,1.4834956322768427e-06,3,10,3,0.018735859881225225,1.6014849747931233e-05,2.112741533624179e-05
coarse-qso-a0.0003-q0.0015,84,blocks.5.mlp,0.00044997363883930204,0.0004498296537682318,2.0286928575236133e-06,3,9,3,0.014304782665574901,2.6035434600834738e-05,1.613075278950039e-05
coarse-qso-a0.0003-q0.0015,85,blocks.0.mlp,0.00026912980543762307,0.00026888779592218985,2.6375644794282683e-06,3,10,3,0.25102570309843125,1.755206233109609e-05,0.00028306614852551887
coarse-qso-a0.0003-q0.0015,85,blocks.1.mlp,0.0002754159681739665,0.0002753953509115456,3.637447262927762e-06,3,10,3,0.12277462787646472,3.8564143899609336e-05,0.000138445365360043
coarse-qso-a0.0003-q0.0015,85,blocks.2.mlp,0.00031295612545378286,0.0003129551526814677,3.4491263866372304e-06,3,10,3,0.054018558870728636,2.4736181320178763e-05,6.091341886237156e-05
coarse-qso-a0.0003-q0.0015,85,blocks.3.mlp,0.0003927221793293789,0.00039263965771174663,5.116786036696262e-06,3,10,3,0.028405347989436815,3.949705987741067e-05,3.203101179026119e-05
coarse-qso-a0.0003-q0.0015,85,blocks.4.mlp,0.000474186663637798,0.0004741835373210389,8.579025718615776e-07,3,10,3,0.01787823281394251,9.468569734311867e-06,2.01603432682151e-05
coarse-qso-a0.0003-q0.0015,85,blocks.5.mlp,0.00045053752981707865,0.0004505351622722016,9.336021175356345e-07,3,10,3,0.013957253176108872,9.002111045271532e-06,1.5738865936524455e-05
coarse-qso-a0.0003-q0.0015,86,blocks.0.mlp,0.00028059216001011944,0.00028057540563338244,3.175020760569969e-06,3,10,3,0.23512109511263715,2.151014788450852e-05,0.0002651316902528782
coarse-qso-a0.0003-q0.0015,86,blocks.1.mlp,0.0002889640016759601,0.00028895460320304894,1.9376433389056618e-06,3,11,3,0.11576906473063686,2.090907205292093e-05,0.0001305457163735778
coarse-qso-a0.0003-q0.0015,86,blocks.2.mlp,0.00032148095419578377,0.00032148095419578377,4.558574840293312e-06,3,10,3,0.05095390493989864,3.329456100378105e-05,5.745762460085858e-05
coarse-qso-a0.0003-q0.0015,86,blocks.3.mlp,0.00040356973733785147,0.0004035295132992472,2.6903272977177394e-06,3,10,3,0.026818423393101035,1.6100220352469464e-05,3.0241549823537862e-05
coarse-qso-a0.0003-q0.0015,86,blocks.4.mlp,0.0004994238656288152,0.0004990805895563191,1.2666670414501885e-06,3,10,3,0.017073696656008677,1.04156070462322e-05,1.9253142045381954e-05
coarse-qso-a0.0003-q0.0015,86,blocks.5.mlp,0.0004467386906856255,0.000446706724735942,9.34340829745561e-07,3,10,3,0.013499111785705526,7.288443982162094e-06,1.5222250840539262e-05
coarse-qso-a0.0003-q0.0015,87,blocks.0.mlp,0.000297477462403394,0.00029746486196338483,3.670837106698814e-06,3,9,3,0.22141356973403872,3.35334256244565e-05,0.00024967477779575876
coarse-qso-a0.0003-q0.0015,87,blocks.1.mlp,0.00030203838293795725,0.00030179657353126155,4.467535559348338e-06,3,10,3,0.1092368998314542,2.9479814420757488e-05,0.00012317990686338184
coarse-qso-a0.0003-q0.0015,87,blocks.2.mlp,0.00033114806253513085,0.00033114625893187734,1.7209586354916913e-06,3,11,3,0.04800951613200205,1.7096606812815443e-05,5.413745028647721e-05
coarse-qso-a0.0003-q0.0015,87,blocks.3.mlp,0.00041218161515853475,0.00041210284955796805,3.2680793930852448e-06,3,10,3,0.025340050342406144,2.5608299101739903e-05,2.857449723530077e-05
coarse-qso-a0.0003-q0.0015,87,blocks.4.mlp,0.0005097172302889788,0.0005097066248909461,1.1687374605966257e-06,3,10,3,0.016264311296603794,1.1614777909061793e-05,1.834047693915888e-05
coarse-qso-a0.0003-q0.0015,87,blocks.5.mlp,0.00045202652507457444,0.0004520150388765632,9.408381415330146e-07,3,10,3,0.013075650559625434,1.1096960567067069e-05,1.4744743760762496e-05
coarse-qso-a0.0003-q0.0015,88,blocks.0.mlp,0.0003064024686943606,0.0003064024686943606,1.2603789727859464e-06,3,11,3,0.2089661895021399,1.2838587558448338e-05,0.00023563887797630685
coarse-qso-a0.0003-q0.0015,88,blocks.1.mlp,0.0003067020769511655,0.0003067020769511655,5.415776735076037e-06,3,10,3,0.10340812398234385,5.3992400463353444e-05,0.00011660727684139721
coarse-qso-a0.0003-q0.0015,88,blocks.2.mlp,0.0003450076986777119,0.0003450027199247466,1.377374275279346e-06,3,11,3,0.04555417919974109,2.0533005260993757e-05,5.136875131789941e-05
coarse-qso-a0.0003-q0.0015,88,blocks.3.mlp,0.00043213959947853306,0.00043213959947853306,3.845835550441933e-06,3,10,3,0.024216124493571665,2.3794571182030875e-05,2.730713368541218e-05
coarse-qso-a0.0003-q0.0015,88,blocks.4.mlp,0.0005223570903294856,0.0005223343304813289,1.351179132522944e-06,3,10,3,0.015922570035229004,8.85306804711476e-06,1.7955139949142874e-05
coarse-qso-a0.0003-q0.0015,88,blocks.5.mlp,0.0004280400616951554,0.0004280400616951554,2.9858571898556287e-05,2,7,2,0.013198425221262827,0.00023305134583547263,1.4883187082724973e-05
coarse-qso-a0.0003-q0.0015,89,blocks.0.mlp,0.0003145578640606698,0.00031449808086139275,4.332302554136935e-06,3,10,3,0.19700490342864005,1.8051331925855322e-05,0.00022215113822209495
coarse-qso-a0.0003-q0.0015,89,blocks.1.mlp,0.0003115189296939131,0.0003115189296939131,4.569272627041498e-07,3,13,3,0.0977812184033909,4.623263211171211e-06,0.00011026229204494343
coarse-qso-a0.0003-q0.0015,89,blocks.2.mlp,0.00035378051889845984,0.0003537767852451955,5.288666850352915e-06,3,10,3,0.04314772539445166,3.3802750210265044e-05,4.865517748580645e-05
coarse-qso-a0.0003-q0.0015,89,blocks.3.mlp,0.00044958367305342276,0.0004495676933592505,5.708398357343527e-06,3,10,3,0.022995689322738398,3.279890425406586e-05,2.593094551171094e-05
coarse-qso-a0.0003-q0.0015,89,blocks.4.mlp,0.0005350804437329335,0.00053503764229869,1.188838419995193e-06,3,10,3,0.015363162833405301,7.470551961075845e-06,1.7324359895309665e-05
coarse-qso-a0.0003-q0.0015,89,blocks.5.mlp,0.000440128021211582,0.0004399017565784827,1.765812356244981e-05,2,7,2,0.012862356424799801,0.00020930424837582007,1.4504228422130395e-05
coarse-qso-a0.0003-q0.0015,90,blocks.0.mlp,0.0003189747647544041,0.0003187272413862476,4.42206171735518e-06,3,11,3,0.1863516891437744,2.7278850007863777e-05,0.00021013843833519048
coarse-qso-a0.0003-q0.0015,90,blocks.1.mlp,0.00032068643687497233,0.0003206775170300451,6.358751015633231e-07,3,13,3,0.09270191781824415,3.939226313357637e-06,0.00010453481244942107
coarse-qso-a0.0003-q0.0015,90,blocks.2.mlp,0.00036467840046614837,0.00036405863186511443,2.7518341005990294e-06,3,11,3,0.0407631608888304,2.7033751919674955e-05,4.596628925634167e-05
coarse-qso-a0.0003-q0.0015,90,blocks.3.mlp,0.0004663395552274287,0.0004663031983810653,8.196853011553354e-07,3,13,3,0.021922269916241858,5.641740189864871e-06,2.47205381374378e-05
coarse-qso-a0.0003-q0.0015,90,blocks.4.mlp,0.0005592927616245642,0.0005587290600538171,1.8007948822293732e-06,3,10,3,0.014551546126151232,1.8035255216509072e-05,1.640918515307775e-05
coarse-qso-a0.0003-q0.0015,90,blocks.5.mlp,0.0004503240367554233,0.00045015643160063913,7.611028807925621e-07,3,10,3,0.01221141385921212,1.1630650782855182e-05,1.3770211467857773e-05
coarse-qso-a0.0003-q0.0015,91,blocks.0.mlp,0.0003380015055482945,0.00033734993254199585,3.1699959254202436e-06,3,10,3,0.17668735834390226,1.779564806417131e-05,0.00019924084236611308
coarse-qso-a0.0003-q0.0015,91,blocks.1.mlp,0.0003369073242362985,0.00033621422763552934,6.773927604832821e-07,3,13,3,0.08832113540050412,5.821155302494855e-06,9.959500912996089e-05
coarse-qso-a0.0003-q0.0015,91,blocks.2.mlp,0.00037576118288206324,0.00037566900287581154,7.344596281099239e-06,3,10,3,0.038715811369707316,4.1031403725009425e-05,4.365765656857225e-05
coarse-qso-a0.0003-q0.0015,91,blocks.3.mlp,0.0004742857502400151,0.00047424907463920215,5.269974089974536e-06,3,10,3,0.021204351268618686,4.258340573320942e-05,2.3911004169776048e-05
coarse-qso-a0.0003-q0.0015,91,blocks.4.mlp,0.000554103755187205,0.0005540318489786557,2.227486291404256e-06,3,10,3,0.014201870580941356,1.9868865971596613e-05,1.601490170210441e-05
coarse-qso-a0.0003-q0.0015,91,blocks.5.mlp,0.00043491200250620095,0.0004349018890643057,1.2870269913248053e-06,3,10,3,0.01197796365772654,1.6055960410473515e-05,1.350696953240505e-05
coarse-qso-a0.0003-q0.0015,92,blocks.0.mlp,0.00019899320560314354,0.0001978099672841468,7.33563304525149e-06,3,12,3,0.3153314042567713,3.8926072740106717e-05,0.0003555804105214766
coarse-qso-a0.0003-q0.0015,92,blocks.1.mlp,0.0002104598030734356,0.0002102989955222371,2.0436748627245328e-05,3,10,3,0.1496709403092692,0.00012691510608013848,0.00016877505497619514
coarse-qso-a0.0003-q0.0015,92,blocks.2.mlp,0.00028102193245552876,0.00028097543852843377,4.3756353075465916e-06,3,11,3,0.05822883901719999,6.429788442929156e-05,6.56611987968274e-05
coarse-qso-a0.0003-q0.0015,92,blocks.3.mlp,0.0003348658142170488,0.000334841695428523,3.2762874326007615e-06,3,11,3,0.03307482055577635,2.7878066110845876e-05,3.729652788893006e-05
coarse-qso-a0.0003-q0.0015,92,blocks.4.mlp,0.00040530849733504934,0.000405277958122204,7.923223123521197e-06,3,9,3,0.021543061886537217,6.255189550503028e-05,2.4292995313080805e-05
coarse-qso-a0.0003-q0.0015,92,blocks.5.mlp,0.0004936698866590552,0.0004936535527424743,8.003446314560318e-06,3,9,3,0.014971399930951375,0.0001001383657053864,1.6882446419333485e-05
coarse-qso-a0.0003-q0.0015,93,blocks.0.mlp,0.0002056002779073656,0.00020546564822399515,2.615651080578661e-06,3,11,3,0.29655456831944954,1.9686973305854584e-05,0.0003344072699162868
coarse-qso-a0.0003-q0.0015,93,blocks.1.mlp,0.00021727477373305966,0.00021727477373305966,1.3679047692629481e-06,3,13,3,0.14130202210961895,1.3447636117695177e-05,0.0001593380596444686
coarse-qso-a0.0003-q0.0015,93,blocks.2.mlp,0.00028452991044620286,0.000284348495010153,2.76588335046375e-06,3,11,3,0.055180290514679015,2.0183127480539284e-05,6.222357162908859e-05
coarse-qso-a0.0003-q0.0015,93,blocks.3.mlp,0.00033958054710160965,0.0003395688994786935,5.349182377830236e-07,3,13,3,0.03165261202909581,3.661281910958128e-06,3.569280905894602e-05
coarse-qso-a0.0003-q0.0015,93,blocks.4.mlp,0.0004202927657391334,0.00042011643740966876,1.6326791195082994e-06,3,10,3,0.020514094548250573,1.5886599789321664e-05,2.313271509862521e-05
coarse-qso-a0.0003-q0.0015,93,blocks.5.mlp,0.0005260111481462258,0.0005254043558236625,1.5895518757136464e-06,3,10,3,0.014330691471721687,2.0365323284494446e-05,1.6159967252937107e-05
coarse-qso-a0.0003-q0.0015,94,blocks.0.mlp,0.00022070854807142685,0.00022070574688847494,4.229958312208224e-06,3,10,3,0.2782350810353209,3.126125657298626e-05,0.00031374996733545506
coarse-qso-a0.0003-q0.0015,94,blocks.1.mlp,0.00022714165708261172,0.00022712700318533208,9.295015924619164e-07,3,13,3,0.13316934849242734,7.118071126974998e-06,0.00015016748473500784
coarse-qso-a0.0003-q0.0015,94,blocks.2.mlp,0.0002945391436993181,0.0002945194830265721,2.5578882060044976e-06,3,11,3,0.05244335928827124,3.4199238181532584e-05,5.913733945915913e-05
coarse-qso-a0.0003-q0.0015,94,blocks.3.mlp,0.00034693227782573675,0.00034687955660177354,1.7597289502677112e-06,3,11,3,0.030299175756369607,1.9700430356135288e-05,3.41666433709556e-05
coarse-qso-a0.0003-q0.0015,94,blocks.4.mlp,0.0004264508652773609,0.00042618932854715535,7.331879375445922e-07,3,10,3,0.01959669105544397,9.161319896077273e-06,2.2098238875933327e-05
coarse-qso-a0.0003-q0.0015,94,blocks.5.mlp,0.0005201959179300601,0.0005198835276514252,2.8361546209561106e-06,3,10,3,0.013761965766636778,2.2475139216121657e-05,1.55186573966742e-05
coarse-qso-a0.0003-q0.0015,95,blocks.0.mlp,0.0002394389787090197,0.00023943483120536039,3.6447102827734358e-06,3,11,3,0.25837369454218134,3.1873199750000386e-05,0.0002913540718582584
coarse-qso-a0.0003-q0.0015,95,blocks.1.mlp,0.00023942570536499732,0.00023942520718554436,1.4656742203557717e-06,3,13,3,0.12477655018099333,1.1029168401181674e-05,0.00014070360571609273
coarse-qso-a0.0003-q0.0015,95,blocks.2.mlp,0.00030366488223617716,0.00030364953787981086,2.3613619314818987e-06,3,13,3,0.04987367958171782,1.5580810687318643e-05,5.623970998975136e-05
coarse-qso-a0.0003-q0.0015,95,blocks.3.mlp,0.00035527361791051396,0.00035527361791051396,3.37962353196285e-06,3,10,3,0.02918290743194168,2.3570550884583277e-05,3.2907917469897637e-05
coarse-qso-a0.0003-q0.0015,95,blocks.4.mlp,0.000432405083030861,0.000432404594533054,1.214230353139556e-06,3,10,3,0.018933567504074086,9.64001188889425e-06,2.1350495047899416e-05
coarse-qso-a0.0003-q0.0015,95,blocks.5.mlp,0.000523372723473997,0.0005233694673216027,2.42084423230628e-06,3,10,3,0.013323317054516693,2.0738032195719917e-05,1.5024024624966243e-05
coarse-qso-a0.0003-q0.0015,96,blocks.0.mlp,0.00024695112623797323,0.00024691909422688255,2.4642032395690287e-06,3,11,3,0.24319368583456497,1.773351323856259e-05,0.0002742370993746615
coarse-qso-a0.0003-q0.0015,96,blocks.1.mlp,0.00024681220944795194,0.00024681220944795194,1.363584966530128e-06,3,13,3,0.11826878366680145,6.7670372106017244e-06,0.0001333653586149389
coarse-qso-a0.0003-q0.0015,96,blocks.2.mlp,0.00030539333637423884,0.0003049309438224072,4.45924863757462e-06,3,11,3,0.047618454965005864,2.701054456274014e-05,5.369667159236945e-05
coarse-qso-a0.0003-q0.0015,96,blocks.3.mlp,0.0003618437368060926,0.0003618437368060926,2.985015273127532e-06,3,11,3,0.027903057286908423,1.8701015006141006e-05,3.1464733809519404e-05
coarse-qso-a0.0003-q0.0015,96,blocks.4.mlp,0.0004436487761147545,0.0004436417960402205,2.6295058293743465e-06,3,10,3,0.018228371146248167,1.748718694324831e-05,2.0555308079154e-05
coarse-qso-a0.0003-q0.0015,96,blocks.5.mlp,0.0005263523999263812,0.0005263523197817896,8.035964251735548e-07,3,10,3,0.012923118066133695,9.621102907928855e-06,1.4572750083631905e-05
coarse-qso-a0.0003-q0.0015,97,blocks.0.mlp,0.00026274354392764063,0.00026274354392764063,2.2206905615544073e-06,3,13,3,0.2284245279696144,1.3540515622705046e-05,0.000257583469419936
coarse-qso-a0.0003-q0.0015,97,blocks.1.mlp,0.0002510593314395862,0.00025102733041514514,1.4890045925969257e-06,3,13,3,0.11233838176738146,1.3683631576954415e-05,0.00012667817250325617
coarse-qso-a0.0003-q0.0015,97,blocks.2.mlp,0.00031261271162931,0.0003125753431220655,1.5210618047080874e-06,3,13,3,0.0458804947345641,1.0472559591064625e-05,5.173691757758008e-05
coarse-qso-a0.0003-q0.0015,97,blocks.3.mlp,0.00036782227225200416,0.0003677930925703973,2.750118143928146e-06,3,11,3,0.027015857275090108,2.8157322021184215e-05,3.046431496397473e-05
coarse-qso-a0.0003-q0.0015,97,blocks.4.mlp,0.00044136495157256827,0.0004408728529640561,2.1451141508619173e-06,3,10,3,0.01796933686754552,1.567068353787475e-05,2.0263221720732488e-05
coarse-qso-a0.0003-q0.0015,97,blocks.5.mlp,0.0004882001344665537,0.0004881912483522112,1.8515733316036174e-06,3,10,3,0.012858030606148749,1.4608575806633334e-05,1.4499356195225199e-05
coarse-qso-a0.0003-q0.0015,98,blocks.0.mlp,0.00027445755582111914,0.00027445755582111914,7.337430984714235e-06,3,11,3,0.21466374384042505,6.388087402009766e-05,0.0002420669462289542
coarse-qso-a0.0003-q0.0015,98,blocks.1.mlp,0.0002578170586498759,0.0002578083018244154,2.125781065957485e-06,3,13,3,0.10678418803624191,1.6975986713064495e-05,0.00012041521632276544
coarse-qso-a0.0003-q0.0015,98,blocks.2.mlp,0.00032215419904686553,0.00032215419904686553,4.26364228897443e-06,3,13,3,0.04404425547122967,3.060170354653725e-05,4.9666343028171706e-05
coarse-qso-a0.0003-q0.0015,98,blocks.3.mlp,0.0003737895424689041,0.00037300176423420264,1.2394482572208143e-06,3,13,3,0.02608546547857701,7.360289702214419e-06,2.941519201782686e-05
coarse-qso-a0.0003-q0.0015,98,blocks.4.mlp,0.0004593898871848519,0.0004587469747694232,8.978746002181403e-07,3,12,3,0.017745524494876916,4.615754486852283e-06,2.0010852652800114e-05
coarse-qso-a0.0003-q0.0015,98,blocks.5.mlp,0.00045306367042058756,0.0004528877080710908,3.794225363580307e-06,3,10,3,0.012909370360969518,2.958027880555558e-05,1.4557249652736406e-05
coarse-qso-a0.0003-q0.0015,99,blocks.0.mlp,0.0003000427441765242,0.0003000051611219945,3.5823546883047457e-06,3,12,3,0.20142656325692607,2.1433663899126304e-05,0.000227140876416427
coarse-qso-a0.0003-q0.0015,99,blocks.1.mlp,0.00026559580932596365,0.0002655353478537424,1.672868856851636e-06,3,13,3,0.10156389532557715,1.9500723812402443e-05,0.0001145287795261249
coarse-qso-a0.0003-q0.0015,99,blocks.2.mlp,0.0003188227903939953,0.0003188181343098564,3.1369834047295598e-06,3,13,3,0.042608044779378615,1.4309129161449348e-05,4.8046853729105795e-05
coarse-qso-a0.0003-q0.0015,99,blocks.3.mlp,0.000377399691528592,0.0003773589121133454,3.5744279030717544e-06,3,11,3,0.02570061944948161,2.8469915573433002e-05,2.8981240686252327e-05
coarse-qso-a0.0003-q0.0015,99,blocks.4.mlp,0.0004666592649995368,0.00046596524782023546,3.544615176365263e-06,3,10,3,0.018035878409098354,2.230727324342056e-05,2.03382660694154e-05
coarse-qso-a0.0003-q0.0015,99,blocks.5.mlp,0.00042716013279728,0.00042693224876135454,4.29203314775238e-06,3,10,3,0.013262092307464524,4.821318352135939e-05,1.4954989016287388e-05
coarse-qso-a0.0003-q0.0015,100,blocks.0.mlp,0.0003207795938720722,0.00032075900014202094,4.510672990483967e-06,3,12,3,0.18960546186380364,3.497644991623244e-05,0.00021381161361708616
coarse-qso-a0.0003-q0.0015,100,blocks.1.mlp,0.0002764596806470329,0.0002764454391174879,2.3829796464530114e-06,3,13,3,0.09721189348817286,2.2259458278903173e-05,0.00010962144821376181
coarse-qso-a0.0003-q0.0015,100,blocks.2.mlp,0.0003342361115483907,0.00033423491339578217,2.148823471537839e-06,3,13,3,0.041532361576361976,1.7531930027312523e-05,4.6833903801102295e-05
coarse-qso-a0.0003-q0.0015,100,blocks.3.mlp,0.0003810456264809203,0.00038091791039823075,5.960000532305765e-06,3,11,3,0.02541572395690443,5.420945349497314e-05,2.8659996639273545e-05
coarse-qso-a0.0003-q0.0015,100,blocks.4.mlp,0.00044557675595402355,0.00044557675595402355,5.8680505929145e-06,3,10,3,0.018155256687885847,5.351759460302191e-05,2.047288440506145e-05
coarse-qso-a0.0003-q0.0015,100,blocks.5.mlp,0.000410632699419395,0.00041055730240523023,9.140601125642108e-06,3,10,3,0.01343401284696336,4.7422329588883727e-05,1.5148852960664887e-05
coarse-qso-a0.0003-q0.004,50,blocks.0.mlp,0.009286913532897593,0.009286913532897593,2.8113600413687044e-05,2,4,2,0.012979399518716149,0.00018560170019867384,1.4641187118811135e-05
coarse-qso-a0.0003-q0.004,50,blocks.1.mlp,0.005976822988946985,0.005976822988946985,1.6800813302070136e-05,2,5,2,0.009724524534583313,0.00010424965589360867,1.0972395055959194e-05
coarse-qso-a0.0003-q0.004,50,blocks.2.mlp,0.004251064018738582,0.004248687904719384,1.3100776363517242e-06,3,9,3,0.008579506549218737,4.530529215350962e-06,9.684071095347463e-06
coarse-qso-a0.0003-q0.004,50,blocks.3.mlp,0.0031079223769990977,0.003106589644993385,2.596726275235272e-05,2,5,2,0.008370930177860473,0.00019161439963238843,9.448800328663056e-06
coarse-qso-a0.0003-q0.004,50,blocks.4.mlp,0.002261692696103743,0.002261692696103743,1.0158854708189322e-05,2,5,2,0.00856870622717988,0.00010525764748901593,9.671009244054743e-06
coarse-qso-a0.0003-q0.004,50,blocks.5.mlp,0.0011677518264393114,0.0011677188708033512,3.9890272357455207e-07,3,9,3,0.009263068986372292,4.263992338712896e-06,1.0452423420922835e-05
coarse-qso-a0.0003-q0.004,51,blocks.0.mlp,0.008446969386800344,0.008446683151043428,2.319015475138079e-05,2,5,2,0.013353364655961724,0.0001136368996117287,1.5062480751230645e-05
coarse-qso-a0.0003-q0.004,51,blocks.1.mlp,0.005758548157323058,0.005752916917136796,2.5016135895295792e-05,2,5,2,0.009790858993609838,0.00013270392540745747,1.1046821903405212e-05
coarse-qso-a0.0003-q0.004,51,blocks.2.mlp,0.004096054352232186,0.004096054352232186,3.9036884916841697e-07,3,10,3,0.008404044044486794,2.0956775442285583e-06,9.485892329592473e-06
coarse-qso-a0.0003-q0.004,51,blocks.3.mlp,0.003060706475327398,0.003060618180964496,1.8643789771671996e-07,3,10,3,0.00815414616450372,1.0562905241825221e-06,9.204030536700266e-06
coarse-qso-a0.0003-q0.004,51,blocks.4.mlp,0.002198178304783014,0.00219813143989287,2.0122325775447967e-05,2,5,2,0.008344012190501404,9.402034868204476e-05,9.417409916540071e-06
coarse-qso-a0.0003-q0.004,51,blocks.5.mlp,0.0011334529815820458,0.0011334529815820458,1.5286380410943514e-07,3,10,3,0.009028354305254319,1.1506843845286027e-06,1.0187589712972023e-05
coarse-qso-a0.0003-q0.004,52,blocks.0.mlp,0.007118742415326864,0.007118601746316973,1.7787883330511557e-06,3,7,3,0.01435489542443132,1.129135022126385e-05,1.6191284329381265e-05
coarse-qso-a0.0003-q0.004,52,blocks.1.mlp,0.005476274449069737,0.005476106248271011,2.4687144113047845e-06,3,7,3,0.010071929648358697,1.815226403965523e-05,1.1363294373445514e-05
coarse-qso-a0.0003-q0.004,52,blocks.2.mlp,0.004074558320542039,0.004074558320542039,1.959606961703441e-06,3,9,3,0.008309948293951317,1.2685057626848663e-05,9.379392064103567e-06
coarse-qso-a0.0003-q0.004,52,blocks.3.mlp,0.0029100147855019706,0.002909835568266414,9.519212731479101e-07,3,9,3,0.00816872126862252,5.613185878731568e-06,9.21991186479522e-06
coarse-qso-a0.0003-q0.004,52,blocks.4.mlp,0.002065145364950908,0.0020650203117874863,2.1351610360305523e-05,2,5,2,0.00824035539851694,0.0001031735421997373,9.300191196536389e-06
coarse-qso-a0.0003-q0.004,52,blocks.5.mlp,0.0011106090953411554,0.0011105657468857074,3.557805021757271e-07,3,10,3,0.008918715981955165,2.5258133247621455e-06,1.006370350136815e-05
coarse-qso-a0.0003-q0.004,53,blocks.0.mlp,0.006500528047466415,0.00650051604153665,1.4853068040024156e-06,3,7,3,0.015153979830705912,8.84986947284786e-06,1.7091940410586798e-05
coarse-qso-a0.0003-q0.004,53,blocks.1.mlp,0.005297303700236624,0.005297303410020006,2.7151692387434864e-07,3,9,3,0.01030971711012823,2.3603757253075037e-06,1.1631013799368236e-05
coarse-qso-a0.0003-q0.004,53,blocks.2.mlp,0.004077965032089688,0.004077914792377133,3.7906873896265897e-07,3,10,3,0.00811968401131088,1.9106467142482745e-06,9.164581776543382e-06
coarse-qso-a0.0003-q0.004,53,blocks.3.mlp,0.0029239049291040443,0.002923838720983591,5.336996882030678e-07,3,9,3,0.007902344463617206,4.932381831989701e-06,8.919294573108909e-06
coarse-qso-a0.0003-q0.004,53,blocks.4.mlp,0.002069071288088701,0.002069071288088701,2.619301324675618e-05,2,5,2,0.007949284867287198,0.00015587419222618575,8.971843008995243e-06
coarse-qso-a0.0003-q0.004,53,blocks.5.mlp,0.001126007451782398,0.001125871795807643,9.118103464583026e-07,3,9,3,0.008537084337615318,8.847348203841893e-06,9.633312126741598e-06
coarse-qso-a0.0003-q0.004,54,blocks.0.mlp,0.005978041361821498,0.005977274870426879,3.193233820551576e-06,3,7,3,0.015766307895629605,2.0103600811478843e-05,1.7782099931528012e-05
coarse-qso-a0.0003-q0.004,54,blocks.1.mlp,0.005355587226564484,0.005343084486220108,2.868549475207842e-07,3,9,3,0.01054957018730275,2.593021668085915e-06,1.1901093847634798e-05
coarse-qso-a0.0003-q0.004,54,blocks.2.mlp,0.004307130817108128,0.004306425543759151,3.818305293753677e-06,3,9,3,0.00788798170166437,3.1115269819929525e-05,8.903097656046726e-06
coarse-qso-a0.0003-q0.004,54,blocks.3.mlp,0.0029419622191422627,0.0029393054527708713,7.464740571208419e-07,3,9,3,0.0076357018353145605,8.279544413840482e-06,8.618388932153754e-06
coarse-qso-a0.0003-q0.004,54,blocks.4.mlp,0.0020513474575066,0.0020513474575066,2.075816725501433e-05,2,5,2,0.0076645567499552866,0.00013527659126154568,8.650659154014438e-06
coarse-qso-a0.0003-q0.004,54,blocks.5.mlp,0.0011327813061676054,0.0011327813061676054,5.619384771352898e-07,3,9,3,0.008302776746109445,4.4812340988259e-06,9.36894570503097e-06
coarse-qso-a0.0003-q0.004,55,blocks.0.mlp,0.004562282409287725,0.004562031104824528,3.5187668051648816e-07,3,9,3,0.018910618871876034,2.244616279194942e-06,2.13270349728386e-05
coarse-qso-a0.0003-q0.004,55,blocks.1.mlp,0.005156330789362837,0.005156330789362837,8.090633617140585e-07,3,9,3,0.01152895631809068,5.235210036419765e-06,1.3004824098845482e-05
coarse-qso-a0.0003-q0.004,55,blocks.2.mlp,0.004067279091850093,0.004067258520038733,3.5906672708414403e-06,3,9,3,0.008402848037094126,1.7618715140996016e-05,9.482758911521618e-06
coarse-qso-a0.0003-q0.004,55,blocks.3.mlp,0.00283307363974343,0.0028322157337776046,1.3373231428639088e-06,3,9,3,0.007791403352284001,7.352497859986996e-06,8.793315347429922e-06
coarse-qso-a0.0003-q0.004,55,blocks.4.mlp,0.001864872586326723,0.001864759969774883,4.913561546177878e-07,3,9,3,0.007920530705525335,5.52257125412724e-06,8.938677996403899e-06
coarse-qso-a0.0003-q0.004,55,blocks.5.mlp,0.0010967584486715686,0.0010967490141032428,1.3805802299382983e-06,3,9,3,0.008754100478484269,1.2115198854049497e-05,9.877224000301345e-06
refinement-qso-a0.0003-q0.00122474487139,50,blocks.0.mlp,0.01105098880579577,0.011050938689748581,9.451802175470128e-06,2,4,2,0.010523383784533573,7.865760518541092e-05,1.1867322449673106e-05
refinement-qso-a0.0003-q0.00122474487139,50,blocks.1.mlp,0.006641135297056958,0.006640730166441803,4.005044298471623e-06,2,5,2,0.008272930591098893,2.0096933571511237e-05,9.329780869542926e-06
refinement-qso-a0.0003-q0.00122474487139,50,blocks.2.mlp,0.004209786716046387,0.004208577397487516,7.2242542274221296e-06,2,5,2,0.008209681783921112,5.244348478852337e-05,9.258729871623463e-06
refinement-qso-a0.0003-q0.00122474487139,50,blocks.3.mlp,0.002964771454438723,0.002964392891301609,7.766458648244375e-06,2,5,2,0.008253889621989616,4.331545172921641e-05,9.308580054963358e-06
refinement-qso-a0.0003-q0.00122474487139,50,blocks.4.mlp,0.00216484193869565,0.00216484193869565,2.568623122993811e-06,2,5,2,0.008507588642011421,1.9244438810217733e-05,9.594494786422529e-06
refinement-qso-a0.0003-q0.00122474487139,50,blocks.5.mlp,0.001120505630115416,0.001120505630115416,1.1303228095860344e-05,2,5,2,0.009286115127024812,6.79977929781378e-05,1.0472162634257275e-05
refinement-qso-a0.0003-q0.00122474487139,51,blocks.0.mlp,0.01083844488921898,0.010835902580145372,1.0378767238957547e-05,2,4,2,0.010245052883862018,0.00011845521027376761,1.1553453715057418e-05
refinement-qso-a0.0003-q0.00122474487139,51,blocks.1.mlp,0.0066260115235209,0.006622690834472234,3.9945645272442805e-06,2,5,2,0.007963454195101501,1.7331300974525614e-05,8.980800369246385e-06
refinement-qso-a0.0003-q0.00122474487139,51,blocks.2.mlp,0.0040787380988854555,0.004077484489971469,4.210815734768677e-06,2,5,2,0.007925203075076928,1.962165269927865e-05,8.937927639050231e-06
refinement-qso-a0.0003-q0.00122474487139,51,blocks.3.mlp,0.0029064929479182783,0.0029055567916786516,1.0400856286956836e-05,2,5,2,0.007926147485054305,5.6182871171183307e-05,8.938995836789705e-06
refinement-qso-a0.0003-q0.00122474487139,51,blocks.4.mlp,0.002124077786455525,0.0021237355519836847,3.079282875240495e-06,2,5,2,0.008160809277079115,2.268764377805822e-05,9.203446988946646e-06
refinement-qso-a0.0003-q0.00122474487139,51,blocks.5.mlp,0.001101574294489616,0.001101574294489616,5.591134799640493e-06,2,5,2,0.008921822222549274,5.1574387187116534e-05,1.0061368777529575e-05
refinement-qso-a0.0003-q0.00122474487139,52,blocks.0.mlp,0.010617030804658376,0.01061693262548605,3.8948981746480676e-06,2,5,2,0.010011646115798864,2.223783585580392e-05,1.1290239723715686e-05
refinement-qso-a0.0003-q0.00122474487139,52,blocks.1.mlp,0.006606775619425488,0.006606775619425488,4.0325288522697105e-06,2,5,2,0.007695927238388381,1.677794370192941e-05,8.67911968962991e-06
refinement-qso-a0.0003-q0.00122474487139,52,blocks.2.mlp,0.004031998586893069,0.004030255894171529,1.1746426919164346e-05,2,5,2,0.00766409736729345,5.603060273632678e-05,8.643478569871804e-06
refinement-qso-a0.0003-q0.00122474487139,52,blocks.3.mlp,0.0028057293145716798,0.0028056592179374917,8.66000462159783e-06,2,5,2,0.007744281862590033,4.191584726773183e-05,8.733886330365444e-06
refinement-qso-a0.0003-q0.00122474487139,52,blocks.4.mlp,0.00206287807448276,0.0020628541289728266,4.3143748329396584e-06,2,5,2,0.007909517754828264,2.4960158468931416e-05,8.920063442930492e-06
refinement-qso-a0.0003-q0.00122474487139,52,blocks.5.mlp,0.0010824766263401644,0.001082462412810778,7.569194663235336e-06,2,5,2,0.008653015290919223,5.286380205182038e-05,9.758240266244909e-06
refinement-qso-a0.0003-q0.00122474487139,53,blocks.0.mlp,0.010389690561517447,0.010389690561517447,1.337120846208475e-05,2,4,2,0.00976645250156031,0.000141225882227649,1.1013735473504426e-05
refinement-qso-a0.0003-q0.00122474487139,53,blocks.1.mlp,0.006569224511879304,0.0065689645388931645,1.9132656865028142e-06,2,5,2,0.0074209771434539,1.106797467430258e-05,8.369070265703945e-06
refinement-qso-a0.0003-q0.00122474487139,53,blocks.2.mlp,0.003925675400498188,0.0039239971353563895,3.6403706265622646e-06,2,5,2,0.0073921548351588385,2.4266347583815958e-05,8.336813178398962e-06
refinement-qso-a0.0003-q0.00122474487139,53,blocks.3.mlp,0.0027746953299840654,0.0027735663900156256,4.747011842189948e-06,2,5,2,0.007435900860179301,3.336173745668714e-05,8.386132027569337e-06
refinement-qso-a0.0003-q0.00122474487139,53,blocks.4.mlp,0.002046391248131413,0.002046391248131413,4.2336318208486874e-06,2,5,2,0.007610849331982854,2.4641177199192385e-05,8.583262666805174e-06
refinement-qso-a0.0003-q0.00122474487139,53,blocks.5.mlp,0.0010734279440239526,0.0010734279440239526,1.0244795056255036e-05,2,5,2,0.00824982923858044,6.37217610874565e-05,9.303594674771525e-06
refinement-qso-a0.0003-q0.00122474487139,54,blocks.0.mlp,0.01024485246180872,0.01024485246180872,2.5841782884842557e-06,2,5,2,0.009512656460105044,2.2095775735442534e-05,1.0727531960643749e-05
refinement-qso-a0.0003-q0.00122474487139,54,blocks.1.mlp,0.0065410057375605655,0.0065410057375605655,4.721990770826563e-06,2,5,2,0.007105825332583948,2.123604910283299e-05,8.013692928082678e-06
refinement-qso-a0.0003-q0.00122474487139,54,blocks.2.mlp,0.004013037294010933,0.004012579067486185,3.0344546443564943e-06,2,5,2,0.0070072223843560665,2.1451167387742432e-05,7.902754406485613e-06
refinement-qso-a0.0003-q0.00122474487139,54,blocks.3.mlp,0.002762346780088398,0.002762346780088398,1.0963917562494863e-05,2,5,2,0.007111202223924188,5.557293472547402e-05,8.019981120471708e-06
refinement-qso-a0.0003-q0.00122474487139,54,blocks.4.mlp,0.0020206427844921293,0.0020206426334233333,5.542896618167997e-06,2,5,2,0.007265017595611822,2.967015817854883e-05,8.193285315072194e-06
refinement-qso-a0.0003-q0.00122474487139,54,blocks.5.mlp,0.0010595122639374635,0.0010594602810709616,1.4158066397258101e-05,2,5,2,0.007873617408421596,8.306580991084681e-05,8.879365513324119e-06
refinement-qso-a0.0003-q0.00122474487139,55,blocks.0.mlp,0.009964407672489989,0.009963618344804862,1.342630705697002e-05,2,4,2,0.009331327582898489,0.00010989250807412334,1.0523040024231599e-05
refinement-qso-a0.0003-q0.00122474487139,55,blocks.1.mlp,0.006313975206873645,0.006312842010461825,3.825923829331233e-06,2,5,2,0.006959789051392497,1.5622012736432454e-05,7.848995751246908e-06
refinement-qso-a0.0003-q0.00122474487139,55,blocks.2.mlp,0.003905048411109712,0.0039010671104534878,9.96730956387989e-06,2,5,2,0.006835755692476034,4.0863782124240025e-05,7.709373259220207e-06
refinement-qso-a0.0003-q0.00122474487139,55,blocks.3.mlp,0.002778738267639596,0.002778738267639596,1.0071912444933714e-05,2,5,2,0.006832786354934377,4.909499446053683e-05,7.70601509640598e-06
refinement-qso-a0.0003-q0.00122474487139,55,blocks.4.mlp,0.0019690935604160867,0.0019690786541471245,6.690444534747267e-06,2,5,2,0.007022990458234107,3.667178518511193e-05,7.920349129834655e-06
refinement-qso-a0.0003-q0.00122474487139,55,blocks.5.mlp,0.0010458090543466153,0.0010458066509336232,1.639528953962549e-05,2,5,2,0.007715099526239986,0.00010286122439490354,8.700594537148381e-06
refinement-qso-a0.0003-q0.00122474487139,56,blocks.0.mlp,0.00981976897775114,0.00981976897775114,4.54790241651255e-06,2,5,2,0.009148875568636972,2.8381048212644e-05,1.0317281694810517e-05
refinement-qso-a0.0003-q0.00122474487139,56,blocks.1.mlp,0.006374158444967408,0.006372605899330351,6.35746557065355e-06,2,5,2,0.006689038612569925,3.190340270039551e-05,7.543682228037579e-06
refinement-qso-a0.0003-q0.00122474487139,56,blocks.2.mlp,0.003906443141211832,0.0039053816715796342,8.868749044864472e-06,2,5,2,0.00658553608516368,3.5168789121144886e-05,7.4272011048108684e-06
refinement-qso-a0.0003-q0.00122474487139,56,blocks.3.mlp,0.002697250572578306,0.002697250572578306,1.1533508065708272e-05,2,5,2,0.006593461762029336,5.9250103852403894e-05,7.436123811396073e-06
refinement-qso-a0.0003-q0.00122474487139,56,blocks.4.mlp,0.001903788458606826,0.001903788458606826,3.775577034924771e-06,2,5,2,0.006820918111916706,2.197242641457573e-05,7.692463523357718e-06
refinement-qso-a0.0003-q0.00122474487139,56,blocks.5.mlp,0.0010176572494528956,0.0010176134817053539,9.830754482356254e-06,2,5,2,0.007521370113406549,5.957589234375693e-05,8.482121628508358e-06
refinement-qso-a0.0003-q0.00122474487139,57,blocks.0.mlp,0.009673976943783955,0.009673889573558383,1.9282836295828564e-05,2,4,2,0.008989614491512385,0.00023248647380716937,1.013767315397226e-05
refinement-qso-a0.0003-q0.00122474487139,57,blocks.1.mlp,0.006219531516295964,0.006218741446692993,5.933664710311444e-06,2,5,2,0.006445958187115025,2.4934101989854884e-05,7.269567310814025e-06
refinement-qso-a0.0003-q0.00122474487139,57,blocks.2.mlp,0.0038799065766609696,0.003877801615654328,3.630249609930264e-06,2,5,2,0.006320726780521378,2.295042363895115e-05,7.128579524057419e-06
refinement-qso-a0.0003-q0.00122474487139,57,blocks.3.mlp,0.002673293154453441,0.002673191112764138,1.1024711727266612e-05,2,5,2,0.006322227569082932,6.519562160149403e-05,7.130256496333507e-06
refinement-qso-a0.0003-q0.00122474487139,57,blocks.4.mlp,0.0018894064337678577,0.0018893778408615055,5.9295569153188415e-06,2,5,2,0.006526342773712458,3.406400463531061e-05,7.3602829314514225e-06
refinement-qso-a0.0003-q0.00122474487139,57,blocks.5.mlp,0.0010025603581332646,0.001002549339663958,9.078063095862502e-08,3,9,3,0.007259102738009301,1.2724973977678486e-06,8.186370350688442e-06
refinement-qso-a0.0003-q0.00122474487139,58,blocks.0.mlp,0.009457746155597989,0.009457746155597989,1.802727008787999e-05,2,4,2,0.008842673442001403,0.00019475633877319087,9.971956606528721e-06
refinement-qso-a0.0003-q0.00122474487139,58,blocks.1.mlp,0.006018217899164103,0.006018124779209419,3.696019286409288e-06,2,5,2,0.0062900743583517126,1.960259608309912e-05,7.093766957542931e-06
refinement-qso-a0.0003-q0.00122474487139,58,blocks.2.mlp,0.003834644056414842,0.003833485260988634,1.2367889634753078e-05,2,5,2,0.006089400856154156,8.719070956566845e-05,6.867709745965597e-06
refinement-qso-a0.0003-q0.00122474487139,58,blocks.3.mlp,0.002671183381449709,0.002671034307150489,7.027777551287323e-06,2,5,2,0.006090142950559233,4.2712735226471624e-05,6.868530106081314e-06
refinement-qso-a0.0003-q0.00122474487139,58,blocks.4.mlp,0.0018502046565157576,0.0018502018735866758,8.418817211125183e-06,2,5,2,0.006376924860712239,4.309937016296682e-05,7.19176753808411e-06
refinement-qso-a0.0003-q0.00122474487139,58,blocks.5.mlp,0.0009861735484703604,0.0009861007334811406,1.631091543722778e-05,2,5,2,0.0070054069364160285,0.00012632487878431786,7.900283934409552e-06
refinement-qso-a0.0003-q0.00122474487139,59,blocks.0.mlp,0.009269128304369946,0.009269128304369946,5.4101801203115965e-06,2,5,2,0.008726110316275432,4.4504359718069465e-05,9.840493513547373e-06
refinement-qso-a0.0003-q0.00122474487139,59,blocks.1.mlp,0.005918885380072294,0.005916800354917995,3.771613517301263e-06,2,5,2,0.006093898725566307,2.3965807294481625e-05,6.872537981055638e-06
refinement-qso-a0.0003-q0.00122474487139,59,blocks.2.mlp,0.0038206529156311407,0.0038190187617100782,6.0370463097892985e-06,2,5,2,0.005839752073751539,2.9444847226669027e-05,6.586183060665187e-06
refinement-qso-a0.0003-q0.00122474487139,59,blocks.3.mlp,0.0026564520001368798,0.0026564520001368798,4.622592040767853e-06,2,5,2,0.0059093543850625655,3.2081811229417856e-05,6.664638767080999e-06
refinement-qso-a0.0003-q0.00122474487139,59,blocks.4.mlp,0.0018171102102563978,0.0018171102102563978,6.958171686231185e-06,2,5,2,0.006114427967841916,5.936083046624903e-05,6.895757996826646e-06
refinement-qso-a0.0003-q0.00122474487139,59,blocks.5.mlp,0.000983409478612513,0.0009834067415923457,1.9991882337371405e-05,2,5,2,0.006800347537556188,0.00010587530026367404,7.669037630935644e-06
refinement-qso-a0.0003-q0.00122474487139,60,blocks.0.mlp,0.00901812751300102,0.00901794894219686,7.76711328388208e-06,2,5,2,0.008667933186150093,5.1936411773529295e-05,9.77486557982347e-06
refinement-qso-a0.0003-q0.00122474487139,60,blocks.1.mlp,0.005905927021462195,0.005905927021462195,7.660250995139494e-06,2,5,2,0.005867248875584752,3.785153731614311e-05,6.616949190916195e-06
refinement-qso-a0.0003-q0.00122474487139,60,blocks.2.mlp,0.003823579024098456,0.003823579024098456,1.1416294811066629e-05,2,5,2,0.005580262831166518,8.46692771880241e-05,6.2935617304585346e-06
refinement-qso-a0.0003-q0.00122474487139,60,blocks.3.mlp,0.002644934453498766,0.002644934453498766,9.501358145276061e-06,2,5,2,0.005691615753062783,6.076023242393631e-05,6.4190883789749934e-06
refinement-qso-a0.0003-q0.00122474487139,60,blocks.4.mlp,0.0017974795816475089,0.0017974795816475089,7.560320026886584e-06,2,5,2,0.005836221614863017,4.9446918804343556e-05,6.582038073882503e-06
refinement-qso-a0.0003-q0.00122474487139,60,blocks.5.mlp,0.0009752101100072545,0.0009751895123275853,1.7769112281983518e-05,2,5,2,0.006553785378352795,0.00010330830826436729,7.390995669629389e-06
refinement-qso-a0.0003-q0.00122474487139,61,blocks.0.mlp,0.008664011548840932,0.00866077490161434,7.01041748409223e-06,2,5,2,0.008670631411578353,5.7473316145879844e-05,9.777879807695772e-06
refinement-qso-a0.0003-q0.00122474487139,61,blocks.1.mlp,0.005707362837294271,0.005707270699997275,8.144509297659349e-06,2,5,2,0.0057286533273815145,4.367782971044636e-05,6.460642258145915e-06
refinement-qso-a0.0003-q0.00122474487139,61,blocks.2.mlp,0.003767133441939649,0.003767067985200515,2.1492865681755494e-05,2,5,2,0.0054159750071698445,9.585374878031074e-05,6.108276562359973e-06
refinement-qso-a0.0003-q0.00122474487139,61,blocks.3.mlp,0.0026090958395210604,0.002607729707560339,1.1767041882823782e-05,2,5,2,0.005456354299375896,8.96025607729649e-05,6.153783165527748e-06
refinement-qso-a0.0003-q0.00122474487139,61,blocks.4.mlp,0.0017835780399881,0.001783569322145901,2.620875072029293e-06,2,5,2,0.005616145622477198,2.5986306087367642e-05,6.333859527599655e-06
refinement-qso-a0.0003-q0.00122474487139,61,blocks.5.mlp,0.0009665693667180886,0.0009665693667180886,2.5576220633517102e-05,2,5,2,0.006212669517304802,0.0001329358646917929,7.006343031028252e-06
refinement-qso-a0.0003-q0.00122474487139,62,blocks.0.mlp,0.008254642482065021,0.008252151276983389,1.2128731606868703e-05,2,5,2,0.008647819976192088,6.713996440572795e-05,9.75213134104732e-06
refinement-qso-a0.0003-q0.00122474487139,62,blocks.1.mlp,0.005513777181022028,0.0055137167927973504,2.8835004214407473e-05,2,4,2,0.005602732808061017,0.0002752655296849051,6.318627212354061e-06
refinement-qso-a0.0003-q0.00122474487139,62,blocks.2.mlp,0.0037673480758166756,0.0037673422212757004,4.3643894608355366e-06,2,5,2,0.005242110206218739,2.7478005655809165e-05,5.912194770313488e-06
refinement-qso-a0.0003-q0.00122474487139,62,blocks.3.mlp,0.0025447585687956393,0.00254471712769401,9.055654352772322e-06,2,5,2,0.005299852357494754,5.5031994560820306e-05,5.977276050553736e-06
refinement-qso-a0.0003-q0.00122474487139,62,blocks.4.mlp,0.001734626103633489,0.001734626103633489,1.2720048634254212e-05,2,5,2,0.005436810072377051,6.717079386346639e-05,6.131616346174179e-06
refinement-qso-a0.0003-q0.00122474487139,62,blocks.5.mlp,0.00097001349915194,0.0009700114374670263,1.942670687494761e-05,2,5,2,0.005976984494619205,0.00010569053402356612,6.740566817793646e-06
refinement-qso-a0.0003-q0.00122474487139,63,blocks.0.mlp,0.0083282618918781,0.008320779205949971,1.148270174567719e-05,2,5,2,0.008558327641434481,8.042302767511846e-05,9.651196285183875e-06
refinement-qso-a0.0003-q0.00122474487139,63,blocks.1.mlp,0.00527901952188022,0.00527901952188022,2.010293490449046e-05,2,4,2,0.0055039816903797,0.00023399877677962412,6.207246889501518e-06
refinement-qso-a0.0003-q0.00122474487139,63,blocks.2.mlp,0.003699868771776499,0.0036962789524396336,2.6742683848458223e-05,2,5,2,0.005036826900325235,0.00011633013951179195,5.680693659863925e-06
refinement-qso-a0.0003-q0.00122474487139,63,blocks.3.mlp,0.0025502977867786604,0.0025496758475644075,1.6181690772749632e-05,2,5,2,0.005045381453435844,0.00010948382598828978,5.690314653360238e-06
refinement-qso-a0.0003-q0.00122474487139,63,blocks.4.mlp,0.0017267486953069541,0.0017265232965323033,1.535634116822917e-05,2,5,2,0.005220679215845166,7.332357420880574e-05,5.887888348690785e-06
refinement-qso-a0.0003-q0.00122474487139,63,blocks.5.mlp,0.0009746412217224996,0.0009746412217224996,2.1670978247856785e-05,2,5,2,0.00566447133681026,0.00011995200500252306,6.388166651684886e-06
refinement-qso-a0.0003-q0.00122474487139,64,blocks.0.mlp,0.00783742950657437,0.007837414627756398,1.6875086890933173e-05,2,5,2,0.00861193452287673,8.955208232402031e-05,9.711617845620393e-06
refinement-qso-a0.0003-q0.00122474487139,64,blocks.1.mlp,0.004994613999070404,0.004994613999070404,4.2037694547053156e-07,3,7,3,0.005494536777855501,4.69587181140199e-06,6.19656048818869e-06
refinement-qso-a0.0003-q0.00122474487139,64,blocks.2.mlp,0.003627906496158475,0.003627906496158475,1.793191092669049e-05,2,5,2,0.0049154446838021405,6.057350808162046e-05,5.5437869587544985e-06
refinement-qso-a0.0003-q0.00122474487139,64,blocks.3.mlp,0.002449839757033719,0.002449839757033719,2.1081346017938433e-05,2,5,2,0.004961689234580444,0.0001306675340659847,5.595897026366916e-06
refinement-qso-a0.0003-q0.00122474487139,64,blocks.4.mlp,0.0016445935680551793,0.001643870327990013,1.516513919531296e-05,2,5,2,0.005144316089654461,7.349075468683294e-05,5.801745298046809e-06
refinement-qso-a0.0003-q0.00122474487139,64,blocks.5.mlp,0.0009488795609742331,0.0009488734642734636,2.45477884417861e-05,2,5,2,0.005499120232309662,0.00015732544330450342,6.201693572094549e-06
refinement-qso-a0.0003-q0.00122474487139,65,blocks.0.mlp,0.0072086094411869,0.007208510768391945,2.5845570428096245e-05,2,5,2,0.008728914448912689,0.00011190866549153204,9.843499759869215e-06
refinement-qso-a0.0003-q0.00122474487139,65,blocks.1.mlp,0.004827740874125798,0.004827603955913741,1.886459309123209e-05,2,5,2,0.005523190222126423,9.861113076850997e-05,6.228832787979567e-06
refinement-qso-a0.0003-q0.00122474487139,65,blocks.2.mlp,0.0034209497022449757,0.0034209497022449757,1.6758692992420705e-05,2,5,2,0.004866473925676706,8.297193052896402e-05,5.488522632742971e-06
refinement-qso-a0.0003-q0.00122474487139,65,blocks.3.mlp,0.00234690883176111,0.0023468695315931867,1.451153167128436e-05,2,5,2,0.004920655015065297,0.00012135052266290755,5.549575588623058e-06
refinement-qso-a0.0003-q0.00122474487139,65,blocks.4.mlp,0.0015519740936221031,0.0015519740936221031,1.7129711831745097e-05,2,5,2,0.005168718725287894,8.558477119653283e-05,5.829214619924634e-06
refinement-qso-a0.0003-q0.00122474487139,65,blocks.5.mlp,0.0009086168185081976,0.0009086087899605597,2.474182856914204e-05,2,5,2,0.0054694425325623325,0.0001362326435139769,6.168195320408982e-06
refinement-qso-a0.0003-q0.00122474487139,66,blocks.0.mlp,0.007239956557338291,0.0072319147960996635,1.4197596810947016e-07,3,9,3,0.008787329101161437,8.371743348032169e-07,9.90934648436801e-06
refinement-qso-a0.0003-q0.00122474487139,66,blocks.1.mlp,0.004722384679940998,0.004716582245198007,1.463990445025984e-05,2,5,2,0.005477520179287357,0.00012488464507907687,6.177306599787491e-06
refinement-qso-a0.0003-q0.00122474487139,66,blocks.2.mlp,0.0033891078073954484,0.003389052909332655,1.1522557595149361e-07,3,9,3,0.004695332328991918,1.393814037750736e-06,5.295518788020266e-06
refinement-qso-a0.0003-q0.00122474487139,66,blocks.3.mlp,0.0023387530646480957,0.002338701686560887,1.5656182609790408e-05,2,5,2,0.004736015743299879,6.967874551383142e-05,5.3413487095405895e-06
refinement-qso-a0.0003-q0.00122474487139,66,blocks.4.mlp,0.0015361687126271683,0.0015360663976528208,1.2169580546892255e-05,2,5,2,0.0049395883561630174,0.00010054701361716962,5.5708301899163815e-06
refinement-qso-a0.0003-q0.00122474487139,66,blocks.5.mlp,0.0009149059823976701,0.0009149059517950229,2.0810109999053002e-07,3,9,3,0.005295830037636487,2.0629339942641053e-06,5.972409155385373e-06
refinement-qso-a0.0003-q0.00122474487139,67,blocks.0.mlp,0.007276471760153715,0.007276167308735791,2.7838340025533395e-05,2,5,2,0.008854447352767322,0.00015309703890582478,9.985008920757457e-06
refinement-qso-a0.0003-q0.00122474487139,67,blocks.1.mlp,0.004302916233080672,0.004300237930360019,9.807981765106925e-08,3,9,3,0.005642254300757967,1.1518400905262174e-06,6.3630178011328076e-06
refinement-qso-a0.0003-q0.00122474487139,67,blocks.2.mlp,0.0031386478925756246,0.0031371951269082666,1.6751362555053795e-05,2,5,2,0.004714798776671293,8.128519674937214e-05,5.317417957111881e-06
refinement-qso-a0.0003-q0.00122474487139,67,blocks.3.mlp,0.002232303453070321,0.002232220927450285,2.2573421997813696e-05,2,5,2,0.0046249023333585155,0.00012463061231488557,5.216021249898576e-06
refinement-qso-a0.0003-q0.00122474487139,67,blocks.4.mlp,0.0014718836565290486,0.0014707232189657866,5.842298412382185e-06,2,5,2,0.004931433341167147,4.81833519857501e-05,5.561593937983706e-06
refinement-qso-a0.0003-q0.00122474487139,67,blocks.5.mlp,0.0008815264739025046,0.0008815053214313825,2.479964502495366e-05,2,5,2,0.005244004341516744,0.00011478591003456368,5.9139416327307096e-06
refinement-qso-a0.0003-q0.00122474487139,68,blocks.0.mlp,0.006637944839804059,0.006637944839804059,2.2231753021412794e-05,2,5,2,0.009205939425615279,0.00016800698588796315,1.0381331409062324e-05
refinement-qso-a0.0003-q0.00122474487139,68,blocks.1.mlp,0.004069652610397485,0.004069652610397485,9.772279874829562e-08,3,9,3,0.005770025915693841,1.0915677910026879e-06,6.5070569118444495e-06
refinement-qso-a0.0003-q0.00122474487139,68,blocks.2.mlp,0.002944501152047274,0.0029444945259500727,1.2867473661787157e-07,3,9,3,0.004771149861175274,1.5781165668865933e-06,5.3809060475268435e-06
refinement-qso-a0.0003-q0.00122474487139,68,blocks.3.mlp,0.002123810140959999,0.0021236930755981916,2.047110741707336e-05,2,5,2,0.004585830541531134,0.00010275662120125339,5.171921272671651e-06
refinement-qso-a0.0003-q0.00122474487139,68,blocks.4.mlp,0.0013947756999643836,0.0013946811998561154,1.9563087728015044e-05,2,5,2,0.004847592949257649,0.00014680022620942995,5.467027159425936e-06
refinement-qso-a0.0003-q0.00122474487139,68,blocks.5.mlp,0.0008518088486000418,0.0008518043763557937,2.339625194208916e-05,2,5,2,0.005118780131028925,0.0001303082994240516,5.772716402689745e-06
refinement-qso-a0.0003-q0.00122474487139,69,blocks.0.mlp,0.006565815948150776,0.006565815948150776,1.7882478019460206e-05,2,5,2,0.009237274042816612,0.00014410798642135774,1.0416648360771138e-05
refinement-qso-a0.0003-q0.00122474487139,69,blocks.1.mlp,0.003959625875610071,0.003959603312022707,2.2882181725238168e-07,3,9,3,0.005784223419153514,1.813313602837164e-06,6.523038808147898e-06
refinement-qso-a0.0003-q0.00122474487139,69,blocks.2.mlp,0.002910728596028782,0.002910552057138856,2.5765922020353553e-07,3,9,3,0.004682170826613771,2.0710528063957093e-06,5.280541665092291e-06
refinement-qso-a0.0003-q0.00122474487139,69,blocks.3.mlp,0.0020795883881659107,0.0020793092281123846,1.3048687578395313e-05,2,5,2,0.004458508771751246,8.336439593265062e-05,5.028323496345525e-06
refinement-qso-a0.0003-q0.00122474487139,69,blocks.4.mlp,0.001396028190837232,0.0013960211916529425,9.896668908042391e-06,2,5,2,0.004635090580082468,7.392481016217688e-05,5.227396992246023e-06
refinement-qso-a0.0003-q0.00122474487139,69,blocks.5.mlp,0.0008287127811259583,0.0008286967966256051,2.3770229651780466e-05,2,5,2,0.004924352591988045,0.00011631114724973349,5.553463790498473e-06
refinement-qso-a0.0003-q0.00122474487139,70,blocks.0.mlp,0.006511561350041669,0.006510834163384999,2.49331701152996e-05,2,5,2,0.009216201677854757,0.00019147690685906028,1.0392872286837298e-05
refinement-qso-a0.0003-q0.00122474487139,70,blocks.1.mlp,0.0037158987993110345,0.003715892180362099,4.458488218161329e-07,3,9,3,0.00590360833629722,3.7343976945227715e-06,6.65762687659285e-06
refinement-qso-a0.0003-q0.00122474487139,70,blocks.2.mlp,0.002801407881788383,0.002801407881788383,2.796745504712363e-05,2,5,2,0.004632704854468676,0.00013695142426450405,5.2247274279567294e-06
refinement-qso-a0.0003-q0.00122474487139,70,blocks.3.mlp,0.002018850941748618,0.002018807513981247,1.1783439606512561e-07,3,9,3,0.004367997665752657,1.530038768686123e-06,4.9262309669548605e-06
refinement-qso-a0.0003-q0.00122474487139,70,blocks.4.mlp,0.0013509911770667982,0.0013509856587783364,2.826647867575072e-05,2,5,2,0.004599450566056628,0.00014626185490644152,5.1871781728256615e-06
refinement-qso-a0.0003-q0.00122474487139,70,blocks.5.mlp,0.0008007176165172777,0.0008007169226231608,2.414083667013154e-07,3,9,3,0.004942957459228702,2.536982470924466e-06,5.574410162960161e-06
refinement-qso-a0.0003-q0.00122474487139,71,blocks.0.mlp,0.0068671022037795175,0.0068662420067852415,3.4019816020358573e-07,3,9,3,0.009187074919253404,1.8058401175975632e-06,1.0360014452404121e-05
refinement-qso-a0.0003-q0.00122474487139,71,blocks.1.mlp,0.003600184206897764,0.0035985376236837186,2.7822134048140605e-05,2,5,2,0.0061341473763984345,0.00026192899938086623,6.91755119772882e-06
refinement-qso-a0.0003-q0.00122474487139,71,blocks.2.mlp,0.0025022446047183186,0.002502241912476487,2.4578817064372186e-07,3,9,3,0.004848622699935608,2.3431832187671312e-06,5.4681339841297255e-06
refinement-qso-a0.0003-q0.00122474487139,71,blocks.3.mlp,0.001881764588204262,0.001881763656134677,2.0081664288282225e-07,3,9,3,0.004433911766848563,2.0905079343777677e-06,5.0005063470409355e-06
refinement-qso-a0.0003-q0.00122474487139,71,blocks.4.mlp,0.0012046103609382702,0.0012044927688772986,1.7023815236135613e-07,3,9,3,0.004780163463082971,1.361209941790273e-06,5.390899449147689e-06
refinement-qso-a0.0003-q0.00122474487139,71,blocks.5.mlp,0.0007209689337910687,0.0007209539093668937,2.6403161471709665e-05,2,5,2,0.005084069480759651,0.00013655403496395154,5.733488720646318e-06
refinement-qso-a0.0003-q0.00122474487139,72,blocks.0.mlp,0.006041409706291151,0.006041402609145721,2.2266485154546908e-07,3,9,3,0.009677629023861418,1.4236369090207906e-06,1.0913152197686348e-05
refinement-qso-a0.0003-q0.00122474487139,72,blocks.1.mlp,0.00351111284187283,0.00351111284187283,7.669722708309109e-07,3,9,3,0.006346768550571803,7.062309261754105e-06,7.157276556359949e-06
refinement-qso-a0.0003-q0.00122474487139,72,blocks.2.mlp,0.0023992441281824838,0.0023991159530095357,1.6929490051163063e-07,3,9,3,0.004839757070783855,2.3918262136827173e-06,5.458100769199876e-06
refinement-qso-a0.0003-q0.00122474487139,72,blocks.3.mlp,0.001819747403008438,0.0018197447751786423,2.7958131112660285e-07,3,9,3,0.004413754771292978,3.1401948880870476e-06,4.977739117356556e-06
refinement-qso-a0.0003-q0.00122474487139,72,blocks.4.mlp,0.001157557323255522,0.0011575308726054117,1.776806228972857e-07,3,9,3,0.0046965429335097345,1.2565403401268357e-06,5.296587615845328e-06
refinement-qso-a0.0003-q0.00122474487139,72,blocks.5.mlp,0.0006872676441892419,0.00068726735013636,2.0954235003345035e-07,3,9,3,0.005007755971978295,2.254067516598518e-06,5.647414554222804e-06
refinement-qso-a0.0003-q0.00122474487139,73,blocks.0.mlp,0.005462862043294364,0.0054622299785254454,3.651992092079523e-07,3,9,3,0.010318341474857756,2.4028076075409333e-06,1.1635614196608665e-05
refinement-qso-a0.0003-q0.00122474487139,73,blocks.1.mlp,0.0034656620388614575,0.0034651968589318413,7.071693613489058e-07,3,9,3,0.006557487899911758,8.142204693126094e-06,7.39486003954803e-06
refinement-qso-a0.0003-q0.00122474487139,73,blocks.2.mlp,0.002316618089515105,0.0023142880852679033,1.1394007729943175e-06,3,9,3,0.004728156491429263,6.581482495202281e-06,5.332236724659815e-06
refinement-qso-a0.0003-q0.00122474487139,73,blocks.3.mlp,0.0018061389675206008,0.0018061205020078737,3.9690630478219693e-07,3,9,3,0.0043185152901655125,3.4017701058016778e-06,4.870318303960199e-06
refinement-qso-a0.0003-q0.00122474487139,73,blocks.4.mlp,0.0011409407988694615,0.0011408089962909789,2.4863996538899495e-05,2,5,2,0.004677011260331343,0.00013861747164257987,5.2745380138348355e-06
refinement-qso-a0.0003-q0.00122474487139,73,blocks.5.mlp,0.0006614325114566597,0.0006614321279316673,2.85736734267508e-07,3,9,3,0.004893875921080512,3.068985016548506e-06,5.518983760805906e-06
refinement-qso-a0.0003-q0.00122474487139,74,blocks.0.mlp,0.005454152726105196,0.005452647099742149,3.9782289264780715e-07,3,9,3,0.010569430214799514,2.9750918739992106e-06,1.191873643360703e-05
refinement-qso-a0.0003-q0.00122474487139,74,blocks.1.mlp,0.0033940196126160792,0.003394017111318831,1.0068114846727966e-06,3,9,3,0.006839559745455859,8.46637959409067e-06,7.712902732508434e-06
refinement-qso-a0.0003-q0.00122474487139,74,blocks.2.mlp,0.002194345677895031,0.002194345677895031,4.681083791153228e-07,3,9,3,0.004812135812989362,4.778335772958175e-06,5.426893857651348e-06
refinement-qso-a0.0003-q0.00122474487139,74,blocks.3.mlp,0.0016743546068189673,0.0016743511864238784,4.5411173095404864e-07,3,9,3,0.004337988937969355,3.1570462837359203e-06,4.892239440185355e-06
refinement-qso-a0.0003-q0.00122474487139,74,blocks.4.mlp,0.0010975178798388358,0.0010975165773459926,2.671690908372342e-07,3,9,3,0.004663927242590676,1.662038069327121e-06,5.259759304976047e-06
refinement-qso-a0.0003-q0.00122474487139,74,blocks.5.mlp,0.0006353017754581669,0.0006352956239953279,3.0173570174037305e-07,3,9,3,0.004818351522163235,3.351751293955141e-06,5.433801341147762e-06
refinement-qso-a0.0003-q0.00122474487139,75,blocks.0.mlp,0.0052792277129771695,0.005278843664731282,6.110854089027087e-07,3,9,3,0.011054139490616934,3.643443427376673e-06,1.2465294884650942e-05
refinement-qso-a0.0003-q0.00122474487139,75,blocks.1.mlp,0.0034925931570894027,0.003492575180171971,8.652083429118226e-07,3,9,3,0.007210848802737534,1.1400827929614324e-05,8.131548661822925e-06
refinement-qso-a0.0003-q0.00122474487139,75,blocks.2.mlp,0.0021687916307560526,0.00216872279548009,1.9050214144053505e-06,3,9,3,0.005003323648914917,1.95904772747571e-05,5.6424353207538405e-06
refinement-qso-a0.0003-q0.00122474487139,75,blocks.3.mlp,0.0016288494548145494,0.0016277715347218144,6.565936033391651e-07,3,9,3,0.004375926537261044,7.065304894297578e-06,4.934981630427874e-06
refinement-qso-a0.0003-q0.00122474487139,75,blocks.4.mlp,0.0010343160724904951,0.0010343160724904951,4.587345518377525e-07,3,9,3,0.004667012412836513,4.247089875724266e-06,5.263213751973687e-06
refinement-qso-a0.0003-q0.00122474487139,75,blocks.5.mlp,0.0006187027052866568,0.0006186797056358806,3.493187633060676e-07,3,9,3,0.004843728875444,3.19525704461122e-06,5.462391024784573e-06
refinement-qso-a0.0003-q0.00122474487139,76,blocks.0.mlp,0.005052125577828599,0.005049716902484317,5.044994414451784e-07,3,9,3,0.011799070150730725,4.577847001584257e-06,1.3305287072237381e-05
refinement-qso-a0.0003-q0.00122474487139,76,blocks.1.mlp,0.003491680470376066,0.003491680470376066,9.20661532411858e-07,3,9,3,0.007696687755358959,8.346810898517592e-06,8.67936632343762e-06
refinement-qso-a0.0003-q0.00122474487139,76,blocks.2.mlp,0.0021651503961987203,0.0021628255179841774,2.7156383961120005e-06,3,9,3,0.005256189884315349,2.4848478491283542e-05,5.927527726249594e-06
refinement-qso-a0.0003-q0.00122474487139,76,blocks.3.mlp,0.0015752974640182414,0.0015752031915781204,1.0638504679774433e-06,3,9,3,0.004474990690650119,9.001070879570248e-06,5.046649622980813e-06
refinement-qso-a0.0003-q0.00122474487139,76,blocks.4.mlp,0.000947221074369447,0.000946892622537442,7.347248518604936e-07,3,9,3,0.004833417985016384,5.42354917028415e-06,5.450819787427073e-06
refinement-qso-a0.0003-q0.00122474487139,76,blocks.5.mlp,0.0005818433844350127,0.0005811435886729125,2.7214174870834705e-05,2,5,2,0.005039023409836944,0.00026286600124316703,5.68257504875575e-06
refinement-qso-a0.0003-q0.00122474487139,77,blocks.0.mlp,0.005411759245924226,0.005411723150122721,7.078775879983924e-07,3,9,3,0.01252036606316716,5.131613195503579e-06,1.411863165338122e-05
refinement-qso-a0.0003-q0.00122474487139,77,blocks.1.mlp,0.0037147078100648974,0.0037145933056527986,8.720192951974074e-07,3,9,3,0.008337732940234821,6.586260694739391e-06,9.402199993801189e-06
refinement-qso-a0.0003-q0.00122474487139,77,blocks.2.mlp,0.002182472259498545,0.0021822319592718804,3.4646711727715785e-06,3,9,3,0.005948093713216397,3.0168772641364564e-05,6.70767247193198e-06
refinement-qso-a0.0003-q0.00122474487139,77,blocks.3.mlp,0.0014550666753203752,0.0014550646500355174,1.0277340162072726e-06,3,9,3,0.004960974149582636,9.28860573133624e-06,5.59458959519017e-06
refinement-qso-a0.0003-q0.00122474487139,77,blocks.4.mlp,0.0008219597373716223,0.0008219597373716223,1.3541742940773365e-06,3,9,3,0.005678001212697492,1.4552172832111042e-05,6.403114987092827e-06
refinement-qso-a0.0003-q0.00122474487139,77,blocks.5.mlp,0.00047654435527244137,0.0004764487117424221,6.310693582524547e-07,3,9,3,0.0057896906139521375,6.714528989865611e-06,6.528988143786614e-06
refinement-qso-a0.0003-q0.00122474487139,78,blocks.0.mlp,0.005215142291721556,0.00520164060825658,1.0357537921973631e-06,3,9,3,0.014378356164677482,5.782412857457454e-06,1.6213741984534285e-05
refinement-qso-a0.0003-q0.00122474487139,78,blocks.1.mlp,0.003907010717939757,0.003907010717939757,4.985316845317196e-07,3,9,3,0.009258804944231798,5.938879222258413e-06,1.04408004021724e-05
refinement-qso-a0.0003-q0.00122474487139,78,blocks.2.mlp,0.0025016062234297,0.002496113644009142,3.830094064880692e-06,3,9,3,0.006475251439104051,2.8285703701679804e-05,7.302065458189612e-06
refinement-qso-a0.0003-q0.00122474487139,78,blocks.3.mlp,0.0017095389611784316,0.0017095389611784316,9.593470127857706e-07,3,9,3,0.005156072595823196,1.4078926548511536e-05,5.814550375841678e-06
refinement-qso-a0.0003-q0.00122474487139,78,blocks.4.mlp,0.0008094223333558099,0.0008089249700023669,2.0204789351722915e-06,3,9,3,0.006011334835344995,1.8584509142615865e-05,6.778959454221664e-06
refinement-qso-a0.0003-q0.00122474487139,78,blocks.5.mlp,0.00044613632669032624,0.0004460642028597375,1.2580351355487795e-06,3,9,3,0.00639437357748946,1.0654430505429264e-05,7.2108074446519316e-06
refinement-qso-a0.0003-q0.00122474487139,79,blocks.0.mlp,0.004077144380396624,0.004072428000274083,2.1730601401365208e-06,3,9,3,0.016939601794743298,1.2363940390347771e-05,1.9101870675054026e-05
refinement-qso-a0.0003-q0.00122474487139,79,blocks.1.mlp,0.0036260131407646295,0.0036223989926937035,6.365498089997945e-07,3,9,3,0.01033898020648723,6.774829935154765e-06,1.1658815454671838e-05
refinement-qso-a0.0003-q0.00122474487139,79,blocks.2.mlp,0.00252737115398644,0.00252737115398644,2.04077679092926e-06,3,9,3,0.00676445429497315,1.6272402103760556e-05,7.628151589331308e-06
refinement-qso-a0.0003-q0.00122474487139,79,blocks.3.mlp,0.0016494150794042818,0.0016493628180852093,3.6784567183928644e-06,3,9,3,0.00531735392818345,3.0557580641544596e-05,5.996384241132286e-06
refinement-qso-a0.0003-q0.00122474487139,79,blocks.4.mlp,0.0008128676878956201,0.0008120537422117279,1.6841345488859442e-06,3,9,3,0.006125635394333483,1.3422362557030438e-05,6.9078324166007175e-06
refinement-qso-a0.0003-q0.00122474487139,79,blocks.5.mlp,0.0004341340826078979,0.0004341340826078979,1.3590998094409472e-06,3,9,3,0.006529792652370146,1.448557042204617e-05,7.3634936849511725e-06
refinement-qso-a0.0003-q0.00122474487139,80,blocks.0.mlp,0.0006414517146481006,0.0006414517146481006,5.48882952576738e-06,3,9,3,0.07726510900377741,3.3783668985128475e-05,8.712704709403986e-05
refinement-qso-a0.0003-q0.00122474487139,80,blocks.1.mlp,0.0018163494272042334,0.00181634209010908,1.0706721768789426e-06,3,9,3,0.019453013886286074,7.736179920899843e-06,2.1936043949653756e-05
refinement-qso-a0.0003-q0.00122474487139,80,blocks.2.mlp,0.0025653575747542887,0.002565306479147552,4.125751790229703e-06,3,9,3,0.008801653019622107,4.402926247896294e-05,9.925293122094675e-06
refinement-qso-a0.0003-q0.00122474487139,80,blocks.3.mlp,0.0019686137438922106,0.0019666077674737295,2.2831580984822652e-06,3,9,3,0.006264568214826084,1.3893663096601403e-05,7.064429559359233e-06
refinement-qso-a0.0003-q0.00122474487139,80,blocks.4.mlp,0.0008600962190612987,0.0008567277481608625,7.375207405896918e-06,3,9,3,0.006761848684074782,6.849326673951509e-05,7.625209474164037e-06
refinement-qso-a0.0003-q0.00122474487139,80,blocks.5.mlp,0.0004676301969320519,0.00046449315511723336,3.1574097510802923e-06,3,9,3,0.007296327854122209,3.4946432663125224e-05,8.227831961094544e-06
refinement-qso-a0.0003-q0.00122474487139,81,blocks.0.mlp,0.0007227755655073387,0.0007227640111685436,1.249112838739339e-06,3,9,3,0.06890454408201695,1.0229912961584512e-05,7.769938099049324e-05
refinement-qso-a0.0003-q0.00122474487139,81,blocks.1.mlp,0.002027800497254456,0.0020272229677216693,1.2419809723938974e-06,3,9,3,0.01868545832638148,1.1545488527415829e-05,2.1070521439875717e-05
refinement-qso-a0.0003-q0.00122474487139,81,blocks.2.mlp,0.0024524144358097316,0.0024523910018137965,4.613659463883133e-06,3,9,3,0.009158211643250574,4.800888556018766e-05,1.0327343183079175e-05
refinement-qso-a0.0003-q0.00122474487139,81,blocks.3.mlp,0.0018676160008097374,0.0018676160008097374,9.113476498398158e-07,3,10,3,0.006348564615348521,5.025284274128172e-06,7.1591262796050084e-06
refinement-qso-a0.0003-q0.00122474487139,81,blocks.4.mlp,0.0008445193727209538,0.0008444494734394786,2.3214864325979604e-06,3,9,3,0.006690017675780752,2.4634591714298376e-05,7.544205795230183e-06
refinement-qso-a0.0003-q0.00122474487139,81,blocks.5.mlp,0.00045927526413344264,0.00045926883961461815,5.907705059568429e-07,3,10,3,0.007361669452378442,6.32781400197687e-06,8.301503992759192e-06
refinement-qso-a0.0003-q0.00122474487139,82,blocks.0.mlp,0.0008242300811521237,0.000823922280405632,2.4340046380234493e-06,3,9,3,0.06234593294637563,1.867118182828073e-05,7.030367659254182e-05
refinement-qso-a0.0003-q0.00122474487139,82,blocks.1.mlp,0.0021012660612630876,0.002101098413460989,1.5063943501892703e-06,3,9,3,0.01907306997775084,1.522165018308992e-05,2.1507603701780677e-05
refinement-qso-a0.0003-q0.00122474487139,82,blocks.2.mlp,0.002276345400012077,0.002276341726207668,4.038968020244278e-06,3,9,3,0.009715327642696954,2.9591496677453558e-05,1.0955549017223901e-05
refinement-qso-a0.0003-q0.00122474487139,82,blocks.3.mlp,0.0015792416616185008,0.001579098070694655,1.0329042867786327e-06,3,10,3,0.006902252623401639,7.520977421942364e-06,7.783451454846468e-06
refinement-qso-a0.0003-q0.00122474487139,82,blocks.4.mlp,0.0007354882675100828,0.0007354882675100828,1.832547349807191e-06,3,10,3,0.00722432226085862,1.4326442142528234e-05,8.146679240220838e-06
refinement-qso-a0.0003-q0.00122474487139,82,blocks.5.mlp,0.0004053646119757058,0.00040536342983923235,1.186119969903084e-06,3,9,3,0.007804780922873396,1.2538974623374723e-05,8.801154211637008e-06
refinement-qso-a0.0003-q0.00122474487139,83,blocks.0.mlp,0.0008955078132067975,0.0008952778243532238,1.374588253688445e-06,3,9,3,0.05732862666919232,1.5052165247678101e-05,6.464601277486488e-05
refinement-qso-a0.0003-q0.00122474487139,83,blocks.1.mlp,0.002052549314938298,0.0020503251094916588,1.2397822733533298e-06,3,9,3,0.019275719342457816,1.4120542191992341e-05,2.1736118090159826e-05
refinement-qso-a0.0003-q0.00122474487139,83,blocks.2.mlp,0.0020146833140499243,0.0020146833140499243,1.5192984039772925e-06,3,10,3,0.010222741168577089,1.1499052400543876e-05,1.1527713872110471e-05
refinement-qso-a0.0003-q0.00122474487139,83,blocks.3.mlp,0.0013601203468066297,0.00136009235570531,2.0076754409174097e-06,3,10,3,0.007312359014728344,1.0176665824428145e-05,8.245880676846702e-06
refinement-qso-a0.0003-q0.00122474487139,83,blocks.4.mlp,0.0006911640655474448,0.0006897468964420721,1.762137721962747e-06,3,10,3,0.007547580951105964,9.218296877270248e-06,8.511182327389193e-06
refinement-qso-a0.0003-q0.00122474487139,83,blocks.5.mlp,0.00037506243617905295,0.00037504650188212524,2.708477803067283e-06,3,9,3,0.008034376587852976,1.8433581858309525e-05,9.060044402733109e-06
refinement-qso-a0.0003-q0.00122474487139,84,blocks.0.mlp,0.0009706710355850344,0.0009705189295134206,2.1098570546792245e-06,3,9,3,0.05293900164781556,1.3310462106191265e-05,5.9696152430122214e-05
refinement-qso-a0.0003-q0.00122474487139,84,blocks.1.mlp,0.0020174121620617404,0.0020173213728561733,1.2429383081757134e-06,3,9,3,0.019900103438919438,1.3221007608355799e-05,2.2440195379481953e-05
refinement-qso-a0.0003-q0.00122474487139,84,blocks.2.mlp,0.0016593635281710718,0.0016593371592834294,9.518059443126332e-07,3,10,3,0.010823168449246249,5.5352409266665255e-06,1.2204766362698951e-05
refinement-qso-a0.0003-q0.00122474487139,84,blocks.3.mlp,0.001172374504065686,0.001172312516767121,1.0046608742852757e-06,3,11,3,0.007795667623174874,1.0316287553389434e-05,8.790859961715186e-06
refinement-qso-a0.0003-q0.00122474487139,84,blocks.4.mlp,0.0006486193072126692,0.0006485094137091776,4.5056188893102994e-06,3,9,3,0.007733967021995272,3.7519002987353506e-05,8.72134960993915e-06
refinement-qso-a0.0003-q0.00122474487139,84,blocks.5.mlp,0.0003590025482595665,0.0003589673286986332,8.703952163229802e-07,3,10,3,0.008281490887391848,8.20770340377949e-06,9.338688325208576e-06
refinement-qso-a0.0003-q0.00122474487139,85,blocks.0.mlp,0.0010921705803562608,0.0010890641503703165,3.59753710234212e-06,3,9,3,0.04922215945443846,2.1774031575274176e-05,5.550495112427867e-05
refinement-qso-a0.0003-q0.00122474487139,85,blocks.1.mlp,0.0019031948797584126,0.0019022030706771266,2.8139154211297525e-06,3,9,3,0.021083677091326962,3.464712582109565e-05,2.377483555102595e-05
refinement-qso-a0.0003-q0.00122474487139,85,blocks.2.mlp,0.0014950020188394416,0.0014940301591794998,3.740002147748666e-06,3,10,3,0.01118374900926176,2.6064495579004283e-05,1.261136632170071e-05
refinement-qso-a0.0003-q0.00122474487139,85,blocks.3.mlp,0.0011837629352783024,0.0011837504528361064,2.7055523651890665e-06,3,10,3,0.007751358963787119,2.0071296653505415e-05,8.740894812982504e-06
refinement-qso-a0.0003-q0.00122474487139,85,blocks.4.mlp,0.0006413982485488484,0.0006413926502552003,2.3612810713070234e-06,3,9,3,0.007742085044165805,2.8718613961546803e-05,8.730501623201018e-06
refinement-qso-a0.0003-q0.00122474487139,85,blocks.5.mlp,0.00036771738314342746,0.00036732298138464857,3.168310914147692e-06,3,9,3,0.008238288993808898,3.4465203540299317e-05,9.289967027122299e-06
refinement-qso-a0.0003-q0.00122474487139,86,blocks.0.mlp,0.0007594259461208079,0.0007577595486611947,6.493238509728366e-06,3,9,3,0.0663896342739557,6.0287702879428726e-05,7.486360463042719e-05
refinement-qso-a0.0003-q0.00122474487139,86,blocks.1.mlp,0.0012410368696195442,0.0012397951222200615,6.142206352974688e-06,3,9,3,0.026255548099123897,6.556237403968871e-05,2.9606815751560293e-05
refinement-qso-a0.0003-q0.00122474487139,86,blocks.2.mlp,0.0011442830080928936,0.0011439781972005785,1.5716552796103607e-06,3,10,3,0.01393643911357734,2.029676043053394e-05,1.5715373466003194e-05
refinement-qso-a0.0003-q0.00122474487139,86,blocks.3.mlp,0.0011335489072343543,0.0011323827385206061,3.2203781742389073e-06,3,11,3,0.00917469293363936,2.0211526824694465e-05,1.034586902150484e-05
refinement-qso-a0.0003-q0.00122474487139,86,blocks.4.mlp,0.0006799691889312585,0.0006765007980545621,5.294656444932671e-06,3,9,3,0.00827083670659961,5.3977890668870934e-05,9.326724275163599e-06
refinement-qso-a0.0003-q0.00122474487139,86,blocks.5.mlp,0.0003943567438313709,0.00039420305135739314,2.1444952149722674e-06,3,9,3,0.008364356064058755,2.8316407006011702e-05,9.432115810736959e-06
refinement-qso-a0.0003-q0.00122474487139,87,blocks.0.mlp,0.0008097988260132391,0.0008097174045004131,3.6085609742203545e-06,3,9,3,0.06239093648774782,3.060309487407676e-05,7.035458519014406e-05
refinement-qso-a0.0003-q0.00122474487139,87,blocks.1.mlp,0.0012297432119958358,0.0012297161475779506,2.4097691912044152e-06,3,10,3,0.02713297506532789,1.801629702502685e-05,3.059623947574391e-05
refinement-qso-a0.0003-q0.00122474487139,87,blocks.2.mlp,0.0010542852086420334,0.0010529164054526928,1.96558600472143e-06,3,11,3,0.014580936317165253,1.79496282356298e-05,1.6442129679861257e-05
refinement-qso-a0.0003-q0.00122474487139,87,blocks.3.mlp,0.0009960814421690898,0.0009960814421690898,2.997401771019289e-06,3,10,3,0.009704954887767096,2.4577361862987724e-05,1.0943798352553806e-05
refinement-qso-a0.0003-q0.00122474487139,87,blocks.4.mlp,0.0006243047267978095,0.0006242683846297078,2.064665887433039e-06,3,10,3,0.00862953405396429,1.5226967267364684e-05,9.731195637963438e-06
refinement-qso-a0.0003-q0.00122474487139,87,blocks.5.mlp,0.0003858567043870612,0.00038514852100967635,1.854895255577576e-06,3,10,3,0.008619168764269833,2.3962128271472754e-05,9.719442287197956e-06
refinement-qso-a0.0003-q0.00122474487139,88,blocks.0.mlp,0.000926516518995522,0.0009265111788450893,2.9604382818258693e-06,3,10,3,0.0590913399918039,1.6625702482468186e-05,6.663390559951516e-05
refinement-qso-a0.0003-q0.00122474487139,88,blocks.1.mlp,0.0011513813968139748,0.001147521500676745,4.068257559828126e-06,3,9,3,0.028689721766744992,3.677290386268645e-05,3.235168909751477e-05
refinement-qso-a0.0003-q0.00122474487139,88,blocks.2.mlp,0.0009360034440424594,0.0009359738147055365,2.2724038837787255e-06,3,11,3,0.015376064192253085,2.7479932562526447e-05,1.7338745258063357e-05
refinement-qso-a0.0003-q0.00122474487139,88,blocks.3.mlp,0.0008458919196024279,0.0008458919196024279,3.147461437357247e-06,3,11,3,0.01058396912608194,2.856568919949395e-05,1.1934992424268845e-05
refinement-qso-a0.0003-q0.00122474487139,88,blocks.4.mlp,0.0005490608962816458,0.0005490458095184577,4.943237553064375e-06,3,9,3,0.009238573613349387,6.28479658078187e-05,1.0417959884850677e-05
refinement-qso-a0.0003-q0.00122474487139,88,blocks.5.mlp,0.00033981242429950004,0.0003391354494229387,3.539612640686467e-06,3,10,3,0.009329207332157611,3.950095080802559e-05,1.0520093451656845e-05
refinement-qso-a0.0003-q0.00122474487139,89,blocks.0.mlp,0.001040502612622643,0.0010405016128712003,5.928496959669705e-06,3,10,3,0.05595271205677927,3.7896865128068214e-05,6.309474869029574e-05
refinement-qso-a0.0003-q0.00122474487139,89,blocks.1.mlp,0.0011855228687779062,0.0011837562026677504,8.12122414551232e-06,3,9,3,0.029094247646172976,8.819206019290436e-05,3.280785961902534e-05
refinement-qso-a0.0003-q0.00122474487139,89,blocks.2.mlp,0.0009365090856913182,0.0009365090856913182,3.994199139524953e-06,3,10,3,0.015495023391493692,3.6991706575653007e-05,1.7472896510960132e-05
refinement-qso-a0.0003-q0.00122474487139,89,blocks.3.mlp,0.0008254737838088121,0.0008254653346332801,3.5006151649473724e-06,3,11,3,0.010948212859599144,3.567839904992991e-05,1.2345719590734692e-05
refinement-qso-a0.0003-q0.00122474487139,89,blocks.4.mlp,0.0005372559456446155,0.0005372559456446155,6.780367196133126e-06,3,9,3,0.009877930653526162,5.5346148374819336e-05,1.1138913083235375e-05
refinement-qso-a0.0003-q0.00122474487139,89,blocks.5.mlp,0.00032232629346189764,0.0003221887351780674,1.1616063606223575e-05,3,9,3,0.009872956057012815,0.00010077170922739377,1.1133235126106866e-05
refinement-qso-a0.0003-q0.00122474487139,90,blocks.0.mlp,0.0010141012782598224,0.0010126607243901903,2.168662509441508e-05,3,10,3,0.06710005771721271,9.249550808664046e-05,7.566489074904604e-05
refinement-qso-a0.0003-q0.00122474487139,90,blocks.1.mlp,0.0009840709078794048,0.0009840707766835344,1.6294806444457652e-06,3,12,3,0.03470814038030527,1.1791883882075988e-05,3.913829059239947e-05
refinement-qso-a0.0003-q0.00122474487139,90,blocks.2.mlp,0.0008293132508930928,0.0008292096133971592,9.742941251479483e-06,3,10,3,0.018443736305960242,5.0605707679606756e-05,2.079796241485632e-05
refinement-qso-a0.0003-q0.00122474487139,90,blocks.3.mlp,0.0005861092146515213,0.0005861046241918726,1.1502860469738074e-05,3,11,3,0.01376325175011164,8.412597351197692e-05,1.5520038806158316e-05
refinement-qso-a0.0003-q0.00122474487139,90,blocks.4.mlp,0.00046074816869464953,0.0004607428557641564,3.2596461084496293e-06,3,9,3,0.011507883322649798,4.138006175200345e-05,1.2976886785580115e-05
refinement-qso-a0.0003-q0.00122474487139,90,blocks.5.mlp,0.0003175354586075008,0.00031733740710586736,7.258565713431115e-06,3,10,3,0.011445608779756446,5.159160449798193e-05,1.2906600443839695e-05
refinement-qso-a0.0003-q0.00122474487139,91,blocks.0.mlp,0.0012016882782761775,0.0012016626504812358,8.459807195831247e-06,3,10,3,0.057603892275319125,4.776527495345374e-05,6.495677723955278e-05
refinement-qso-a0.0003-q0.00122474487139,91,blocks.1.mlp,0.0011464517877645248,0.0011461786840204027,3.4089930619515158e-06,3,10,3,0.032109700937399684,3.941283001713329e-05,3.620822177188036e-05
refinement-qso-a0.0003-q0.00122474487139,91,blocks.2.mlp,0.000880453144843764,0.0008802238949547806,8.636666314820517e-06,3,10,3,0.017674020705731906,4.677552888613238e-05,1.9930017829561535e-05
refinement-qso-a0.0003-q0.00122474487139,91,blocks.3.mlp,0.0005981398989356167,0.0005981398989356167,1.1996656062386612e-05,3,11,3,0.013579392081111122,8.274471524624329e-05,1.5312722761139592e-05
refinement-qso-a0.0003-q0.00122474487139,91,blocks.4.mlp,0.0004770699786058729,0.0004770699786058729,5.5649972432276955e-06,3,9,3,0.011436033069121176,6.795348199682881e-05,1.2895874090944444e-05
refinement-qso-a0.0003-q0.00122474487139,91,blocks.5.mlp,0.00032290461396898025,0.0003228948556545603,1.466737912457541e-06,3,10,3,0.011222543621611274,1.7760370721164984e-05,1.265506597731528e-05
refinement-qso-a0.0003-q0.00122474487139,92,blocks.0.mlp,0.0013989229725113019,0.0013974124470302936,6.409059499241753e-06,3,10,3,0.05120212103960239,4.087592535771997e-05,5.773801208298584e-05
refinement-qso-a0.0003-q0.00122474487139,92,blocks.1.mlp,0.0011980203980789478,0.0011979331460715175,3.8956507893609793e-07,3,13,3,0.031372792676393736,3.5416936192474045e-06,3.537728063674366e-05
refinement-qso-a0.0003-q0.00122474487139,92,blocks.2.mlp,0.0008621102117494274,0.0008620961296655344,7.260331224213786e-06,3,10,3,0.017676877247054534,4.870034202501882e-05,1.9933250181913533e-05
refinement-qso-a0.0003-q0.00122474487139,92,blocks.3.mlp,0.0006160285750052153,0.000615951920984924,2.0677172766387303e-06,3,11,3,0.013440579343292897,2.3415272369446125e-05,1.5156207440152607e-05
refinement-qso-a0.0003-q0.00122474487139,92,blocks.4.mlp,0.0005030653864457742,0.0005029916477897799,1.7464052810865457e-06,3,10,3,0.011602207512808913,2.306999020153514e-05,1.3083262879535116e-05
refinement-qso-a0.0003-q0.00122474487139,92,blocks.5.mlp,0.0003357140652102182,0.0003356479201078595,4.117828523925318e-06,3,10,3,0.011251371912067161,3.672045223121352e-05,1.2687574119260563e-05
refinement-qso-a0.0003-q0.00122474487139,93,blocks.0.mlp,0.0016067236187464063,0.0016065407985266771,5.221880123152296e-06,3,11,3,0.049632248529290254,4.576232349636045e-05,5.596782282117926e-05
refinement-qso-a0.0003-q0.00122474487139,93,blocks.1.mlp,0.0010501947624632028,0.0010501288942208356,1.8184363822301864e-06,3,12,3,0.03361888928399226,1.578566657737651e-05,3.791007404160794e-05
refinement-qso-a0.0003-q0.00122474487139,93,blocks.2.mlp,0.0007531131583500542,0.0007516506776773968,1.3580246160687478e-05,3,10,3,0.01890439229577991,7.020588368811245e-05,2.1317443471776946e-05
refinement-qso-a0.0003-q0.00122474487139,93,blocks.3.mlp,0.0005859787756435153,0.0005859336850553774,5.023110001574212e-06,3,13,3,0.014060252690656505,4.057276391553418e-05,1.5854976880370874e-05
refinement-qso-a0.0003-q0.00122474487139,93,blocks.4.mlp,0.0004689649528502042,0.0004689622644192955,6.70453490052149e-06,3,9,3,0.0120756953648543,7.984963727900068e-05,1.3617186005579717e-05
refinement-qso-a0.0003-q0.00122474487139,93,blocks.5.mlp,0.00033534336469131354,0.0003341903344694263,6.720104015722453e-06,3,10,3,0.011496292534478056,5.675967840080318e-05,1.2963754846163716e-05
refinement-qso-a0.0003-q0.00122474487139,94,blocks.0.mlp,0.0017830480079201142,0.0017827166539536236,6.084312134459516e-06,3,10,3,0.053439199965793154,4.5471984566369086e-05,6.0260661700348915e-05
refinement-qso-a0.0003-q0.00122474487139,94,blocks.1.mlp,0.0008512363112555558,0.0008484862790678733,6.733524071151186e-07,3,13,3,0.03881234730953498,5.90956892443397e-06,4.376641082766096e-05
refinement-qso-a0.0003-q0.00122474487139,94,blocks.2.mlp,0.000655149867076318,0.000655149867076318,1.0749889026259595e-05,3,11,3,0.02124458569227261,7.718563876418108e-05,2.3956329614818396e-05
refinement-qso-a0.0003-q0.00122474487139,94,blocks.3.mlp,0.000557221476148277,0.0005545796038787705,1.2569349965225518e-05,3,11,3,0.015226383243006878,0.0001820689952903016,1.7169942845160016e-05
refinement-qso-a0.0003-q0.00122474487139,94,blocks.4.mlp,0.00044961287113749564,0.00044949050697551407,8.126339424879e-06,3,9,3,0.012764428740080899,0.00010604593812310844,1.439382546398196e-05
refinement-qso-a0.0003-q0.00122474487139,94,blocks.5.mlp,0.0003551926896545824,0.0003550588746479326,2.670251552200923e-06,3,12,3,0.01186191104908321,2.0920372072011255e-05,1.337603832369698e-05
refinement-qso-a0.0003-q0.00122474487139,95,blocks.0.mlp,0.002018790550060451,0.002018775234481397,1.1390529522561726e-07,4,16,4,0.05556567084772718,9.507448708016692e-07,6.265854788086338e-05
refinement-qso-a0.0003-q0.00122474487139,95,blocks.1.mlp,0.0009944642774024745,0.0009943367763251463,3.0822943218262046e-06,3,12,3,0.040310935317093226,2.578660033247747e-05,4.5456292574717105e-05
refinement-qso-a0.0003-q0.00122474487139,95,blocks.2.mlp,0.0007844477042815713,0.0007826990717771017,9.23747927084013e-06,3,14,3,0.02229257603623407,7.178504837497245e-05,2.5138091410639653e-05
refinement-qso-a0.0003-q0.00122474487139,95,blocks.3.mlp,0.0005827377673525936,0.0005827377673525936,1.5606376702098357e-05,3,11,3,0.01637190481910174,0.00012262194929046888,1.8461669772960236e-05
refinement-qso-a0.0003-q0.00122474487139,95,blocks.4.mlp,0.0005088586613566433,0.0005088473942614698,1.8435488791166486e-05,3,9,3,0.013495019366900105,0.00019905134054014171,1.5217665894460847e-05
refinement-qso-a0.0003-q0.00122474487139,95,blocks.5.mlp,0.00044659411576484094,0.00044614947987316254,2.8890256311096753e-05,3,9,3,0.012474114000056373,0.0002244545629606744,1.4066377499627066e-05
refinement-qso-a0.0003-q0.00122474487139,96,blocks.0.mlp,0.0005715176635138441,0.0005707343780383309,2.48521414928997e-07,4,16,4,0.16798940519692412,1.6473452797740656e-06,0.00018943132188672278
refinement-qso-a0.0003-q0.00122474487139,96,blocks.1.mlp,0.0002307284569423881,0.0002307261275852418,4.127886649601861e-06,3,12,3,0.16803988016097982,3.991251554342233e-05,0.00018948808137131745
refinement-qso-a0.0003-q0.00122474487139,96,blocks.2.mlp,0.00021461909102895798,0.0002145144304352224,6.711945444292853e-06,3,13,3,0.08623034904732375,5.993530713660682e-05,9.72365990087118e-05
refinement-qso-a0.0003-q0.00122474487139,96,blocks.3.mlp,0.0002465932813466255,0.0002462271321086171,9.531392499852548e-06,3,11,3,0.05164564607347452,9.292711431724987e-05,5.823758672106916e-05
refinement-qso-a0.0003-q0.00122474487139,96,blocks.4.mlp,0.00031294481863010853,0.00031266064385207493,1.6292242769074215e-05,3,9,3,0.03292021938399246,0.0001484168657611276,3.712214323022195e-05
refinement-qso-a0.0003-q0.00122474487139,96,blocks.5.mlp,0.0005784877273121064,0.0005733526996099796,6.839842519041286e-06,3,9,3,0.02028101257853892,0.00010546700147399223,2.2869689807526696e-05
refinement-qso-a0.0003-q0.00122474487139,97,blocks.0.mlp,0.000675146017557155,0.0006748641159944612,4.5236726814000595e-06,3,11,3,0.14722102825837333,3.002439025521355e-05,0.00016601218844905676
refinement-qso-a0.0003-q0.00122474487139,97,blocks.1.mlp,0.00025921277795402865,0.0002590450407132814,7.65967118273924e-07,3,13,3,0.14979472910000355,8.090034000369737e-06,0.00016891424624205343
refinement-qso-a0.0003-q0.00122474487139,97,blocks.2.mlp,0.0002468408038843874,0.0002468373072638431,2.2163485874542337e-06,3,14,3,0.07827163874235543,1.3483948063095255e-05,8.826209724516551e-05
refinement-qso-a0.0003-q0.00122474487139,97,blocks.3.mlp,0.00026678603558192665,0.00026678477473156053,1.8730598419086182e-06,3,13,3,0.04741916869144234,1.7205834383818276e-05,5.347166667251299e-05
refinement-qso-a0.0003-q0.00122474487139,97,blocks.4.mlp,0.00033587142000972005,0.0003354770301342268,5.599490578907922e-06,3,9,3,0.030977601397251524,6.76490995624114e-05,3.493159015779681e-05
refinement-qso-a0.0003-q0.00122474487139,97,blocks.5.mlp,0.0005610492804168035,0.0005610375599992101,4.386868749378675e-06,3,9,3,0.020734015704364745,6.083307612315033e-05,2.3380515884064142e-05
refinement-qso-a0.0003-q0.00122474487139,98,blocks.0.mlp,0.0007487833568202245,0.0007487793586126409,6.891255476749736e-06,3,10,3,0.13187809279140833,3.341968046080449e-05,0.00014871099911182634
refinement-qso-a0.0003-q0.00122474487139,98,blocks.1.mlp,0.0002728072724316004,0.0002725266990352923,5.896908482830282e-07,3,13,3,0.13684298163294967,6.477954705686936e-06,0.00015430948063494096
refinement-qso-a0.0003-q0.00122474487139,98,blocks.2.mlp,0.00026757621808020987,0.0002675654529860425,3.111666379079715e-06,3,14,3,0.07229875783002292,2.91296466618663e-05,8.152690187492662e-05
refinement-qso-a0.0003-q0.00122474487139,98,blocks.3.mlp,0.00028106107480349997,0.0002810332816882944,2.931823358567419e-06,3,11,3,0.043972836917933925,4.022311501113838e-05,4.958547179746527e-05
refinement-qso-a0.0003-q0.00122474487139,98,blocks.4.mlp,0.0003513232257168186,0.0003513232257168186,3.256558341077914e-06,3,10,3,0.029402831526089652,2.7359917991744916e-05,3.315583928090998e-05
refinement-qso-a0.0003-q0.00122474487139,98,blocks.5.mlp,0.0005755494572803746,0.0005754337698213091,1.2458543071052531e-06,3,10,3,0.020567122733999545,9.933726322340181e-06,2.319232861415323e-05
refinement-qso-a0.0003-q0.00122474487139,99,blocks.0.mlp,0.000832176585284276,0.000831958766266516,4.620702550047858e-06,3,11,3,0.12061219325387591,3.756338597396266e-05,0.000136007234135597
refinement-qso-a0.0003-q0.00122474487139,99,blocks.1.mlp,0.00029793379210872666,0.0002977925744005877,6.494450490040936e-07,3,13,3,0.1263172175774557,6.585837760142635e-06,0.00014244036580366492
refinement-qso-a0.0003-q0.00122474487139,99,blocks.2.mlp,0.0002833220602663725,0.0002830307080641758,2.609167922091525e-06,3,14,3,0.06725064893585062,2.0991496952386617e-05,7.583452331766334e-05
refinement-qso-a0.0003-q0.00122474487139,99,blocks.3.mlp,0.000291839204366716,0.0002917460667103735,3.630861528702828e-06,3,11,3,0.041461590326385155,3.5173397949326524e-05,4.675371683480333e-05
refinement-qso-a0.0003-q0.00122474487139,99,blocks.4.mlp,0.0003608515218443753,0.0003608480878834383,1.3140703862143298e-06,3,10,3,0.028459753747449513,1.8845374566085413e-05,3.209240809839091e-05
refinement-qso-a0.0003-q0.00122474487139,99,blocks.5.mlp,0.000544061316037068,0.0005439284792802164,1.1837200409346776e-06,3,10,3,0.02066826666261957,1.1212459375313768e-05,2.330638973085796e-05
refinement-qso-a0.0003-q0.00122474487139,100,blocks.0.mlp,0.0009180545570378003,0.0009179191378568914,7.32690009129197e-06,3,10,3,0.11109821163977719,3.957559911309091e-05,0.00012527900343455722
refinement-qso-a0.0003-q0.00122474487139,100,blocks.1.mlp,0.0003280989269263859,0.00032805554112510447,4.826028003213224e-07,3,13,3,0.11739157042488559,6.388013786268776e-06,0.00013237561571128733
refinement-qso-a0.0003-q0.00122474487139,100,blocks.2.mlp,0.00029883309987265846,0.00029883270190386626,2.268606478885692e-06,3,14,3,0.06275857332893917,1.3077492502927147e-05,7.076915464758234e-05
refinement-qso-a0.0003-q0.00122474487139,100,blocks.3.mlp,0.00031693593202097875,0.00031690829070768646,3.6539341997969122e-06,3,11,3,0.039217163229596334,5.11654827661773e-05,4.422284006586586e-05
refinement-qso-a0.0003-q0.00122474487139,100,blocks.4.mlp,0.0003775247016295438,0.0003775247016295438,1.8994642954023308e-07,3,13,3,0.027567914668052192,1.8986128403852904e-06,3.108675729149757e-05
refinement-qso-a0.0003-q0.00122474487139,100,blocks.5.mlp,0.0005409704846111479,0.0005409669809863528,1.0523901706215153e-06,3,10,3,0.020635853650261268,1.4451278881152097e-05,2.3269847987441476e-05
